material_id,strength_mpa,weight_capacity,biodegradability_percent,co2_emission_score,recyclability_percent,cost_per_kg,industry_use_case,material_type_Cardboard,material_type_Paper/Bio-Based,material_type_Plastic,material_type_Steel,CII,CEI,MSS
MAT_0001,0.0521739130434782,0.0425531914893617,0.9693877551020408,0.1398809523809523,0.9555555555555556,0.1333333333333333,"E-commerce, Food & Beverage, Consumer Goods, Apparel",True,False,False,False,91.12953514739229,62.23188405797101,32.030218933086644
MAT_0002,0.0,0.0,1.0,0.0625,1.0,0.0,"Fragile Items, Cosmetics, Pharmaceuticals, Internal Component Protection",False,True,False,False,96.875,70.0,30.0
MAT_0003,1.0,1.0,0.0,1.0,0.711111111111111,1.0,"Heavy Industrial Components, High-Security Goods",False,False,False,True,17.777777777777775,30.0,91.33333333333333
MAT_0004,0.0,0.0,1.0,0.050595238095238,1.0,0.0,"Fragile Items, Cosmetics, Pharmaceuticals, Internal Component Protection",False,True,False,False,97.47023809523809,70.0,30.0
MAT_0005,0.0,0.0,1.0,0.0297619047619047,1.0,0.0,"Fragile Items, Cosmetics, Pharmaceuticals, Internal Component Protection",False,True,False,False,98.51190476190477,70.0,30.0
MAT_0006,0.1304347826086956,0.0851063829787234,0.0,0.2083333333333333,0.6666666666666667,0.3333333333333333,"Electronics, Medium-Value Goods, Retail Logistics",False,False,True,False,56.25,50.57971014492754,27.770582793709526
MAT_0007,1.0,1.0,0.0,0.9285714285714288,0.7999999999999998,1.0,"Heavy Industrial Components, High-Security Goods",False,False,False,True,23.571428571428555,30.0,94.0
MAT_0008,1.0,1.0,0.0,0.9910714285714284,0.911111111111111,1.0,"Heavy Industrial Components, High-Security Goods",False,False,False,True,23.224206349206355,30.0,97.33333333333331
MAT_0009,1.0,1.0,0.0,0.9761904761904762,0.8666666666666667,1.0,"Heavy Industrial Components, High-Security Goods",False,False,False,True,22.857142857142858,30.0,96.0
MAT_0010,0.0,0.0,1.0,0.0327380952380952,0.8666666666666667,0.0,"Fragile Items, Cosmetics, Pharmaceuticals, Internal Component Protection",False,True,False,False,95.0297619047619,70.0,26.0
MAT_0011,0.0521739130434782,0.0425531914893617,0.9693877551020408,0.1041666666666666,1.0,0.1333333333333333,"E-commerce, Food & Beverage, Consumer Goods, Apparel",True,False,False,False,94.0263605442177,62.23188405797101,33.36355226641998
MAT_0012,1.0,1.0,0.0,0.9345238095238096,0.711111111111111,1.0,"Heavy Industrial Components, High-Security Goods",False,False,False,True,21.051587301587293,30.0,91.33333333333333
MAT_0013,0.1304347826086956,0.0851063829787234,0.0,0.5119047619047619,0.4666666666666665,0.3333333333333333,"Low-Value Goods, Secondary Protection for Non-Fragile Items",False,False,True,False,36.07142857142857,50.57971014492754,21.77058279370952
MAT_0014,0.0,0.0,1.0,0.0446428571428571,1.0,0.0,"Fragile Items, Cosmetics, Pharmaceuticals, Internal Component Protection",False,True,False,False,97.76785714285714,70.0,30.0
MAT_0015,0.1304347826086956,0.0851063829787234,0.0,0.2142857142857143,0.711111111111111,0.3333333333333333,"Electronics, Medium-Value Goods, Retail Logistics",False,False,True,False,57.06349206349206,50.57971014492754,29.103916127042854
MAT_0016,0.0521739130434782,0.0425531914893617,0.9693877551020408,0.1369047619047619,0.8444444444444446,0.1333333333333333,"E-commerce, Food & Beverage, Consumer Goods, Apparel",True,False,False,False,88.50056689342404,62.23188405797101,28.696885599753312
MAT_0017,0.1304347826086956,0.0851063829787234,0.0,0.4970238095238095,0.3555555555555556,0.3333333333333333,"Low-Value Goods, Secondary Protection for Non-Fragile Items",False,False,True,False,34.03769841269841,50.57971014492754,18.437249460376194
MAT_0018,0.1304347826086956,0.0851063829787234,0.0,0.4761904761904761,0.1555555555555554,0.3333333333333333,"Low-Value Goods, Secondary Protection for Non-Fragile Items",False,False,True,False,30.079365079365083,50.57971014492754,12.437249460376187
MAT_0019,0.1304347826086956,0.0851063829787234,0.0,0.1904761904761904,0.6888888888888889,0.3333333333333333,"Electronics, Medium-Value Goods, Retail Logistics",False,False,True,False,57.698412698412696,50.57971014492754,28.43724946037619
MAT_0020,0.0521739130434782,0.0425531914893617,0.9693877551020408,0.1428571428571428,0.8222222222222224,0.1333333333333333,"E-commerce, Food & Beverage, Consumer Goods, Apparel",True,False,False,False,87.64739229024944,62.23188405797101,28.030218933086648
MAT_0021,0.0,0.0,1.0,0.0476190476190476,1.0,0.0,"Fragile Items, Cosmetics, Pharmaceuticals, Internal Component Protection",False,True,False,False,97.61904761904762,70.0,30.0
MAT_0022,0.1304347826086956,0.0851063829787234,0.0,0.2499999999999999,0.8666666666666667,0.3333333333333333,"Industrial Components, Heavy Machinery, Automotive Parts",False,False,True,False,59.16666666666668,50.57971014492754,33.77058279370952
MAT_0023,0.0521739130434782,0.0425531914893617,0.9693877551020408,0.1339285714285714,0.7777777777777777,0.1333333333333333,"E-commerce, Food & Beverage, Consumer Goods, Apparel",True,False,False,False,86.98270975056688,62.23188405797101,26.696885599753305
MAT_0024,0.1304347826086956,0.0851063829787234,0.0,0.2261904761904762,0.7333333333333334,0.3333333333333333,"Electronics, Medium-Value Goods, Retail Logistics",False,False,True,False,57.02380952380952,50.57971014492754,29.770582793709526
MAT_0025,0.1304347826086956,0.0851063829787234,0.0,0.4970238095238095,0.1777777777777778,0.3333333333333333,"Low-Value Goods, Secondary Protection for Non-Fragile Items",False,False,True,False,29.59325396825397,50.57971014492754,13.103916127042858
MAT_0026,0.0,0.0,1.0,0.0773809523809523,1.0,0.0,"Fragile Items, Cosmetics, Pharmaceuticals, Internal Component Protection",False,True,False,False,96.13095238095238,70.0,30.0
MAT_0027,0.0521739130434782,0.0425531914893617,0.9693877551020408,0.1458333333333333,1.0,0.1333333333333333,"E-commerce, Food & Beverage, Consumer Goods, Apparel",True,False,False,False,91.94302721088435,62.23188405797101,33.36355226641998
MAT_0028,0.1304347826086956,0.0851063829787234,0.0,0.2708333333333333,0.8222222222222224,0.3333333333333333,"Industrial Components, Heavy Machinery, Automotive Parts",False,False,True,False,57.0138888888889,50.57971014492754,32.437249460376194
MAT_0029,0.1304347826086956,0.0851063829787234,0.0,0.2172619047619047,0.7999999999999998,0.3333333333333333,"Industrial Components, Heavy Machinery, Automotive Parts",False,False,True,False,59.13690476190476,50.57971014492754,31.77058279370952
MAT_0030,1.0,1.0,0.0,0.9464285714285716,1.0,1.0,"Heavy Industrial Components, High-Security Goods",False,False,False,True,27.67857142857142,30.0,100.0
MAT_0031,1.0,1.0,0.0,0.9285714285714288,0.9555555555555556,1.0,"Heavy Industrial Components, High-Security Goods",False,False,False,True,27.46031746031745,30.0,98.66666666666666
MAT_0032,0.1304347826086956,0.0851063829787234,0.0,0.1636904761904761,0.7777777777777777,0.3333333333333333,"Electronics, Medium-Value Goods, Retail Logistics",False,False,True,False,61.25992063492064,50.57971014492754,31.10391612704285
MAT_0033,0.0521739130434782,0.0425531914893617,0.9693877551020408,0.1428571428571428,0.8666666666666667,0.1333333333333333,"E-commerce, Food & Beverage, Consumer Goods, Apparel",True,False,False,False,88.75850340136054,62.23188405797101,29.36355226641998
MAT_0034,0.0521739130434782,0.0425531914893617,0.9693877551020408,0.1369047619047619,0.977777777777778,0.1333333333333333,"E-commerce, Food & Beverage, Consumer Goods, Apparel",True,False,False,False,91.83390022675736,62.23188405797101,32.696885599753315
MAT_0035,0.1304347826086956,0.0851063829787234,0.0,0.4970238095238095,0.3333333333333332,0.3333333333333333,"Low-Value Goods, Secondary Protection for Non-Fragile Items",False,False,True,False,33.482142857142854,50.57971014492754,17.770582793709522
MAT_0036,0.1304347826086956,0.0851063829787234,0.0,0.488095238095238,0.2444444444444444,0.3333333333333333,"Low-Value Goods, Secondary Protection for Non-Fragile Items",False,False,True,False,31.70634920634921,50.57971014492754,15.103916127042858
MAT_0037,0.1304347826086956,0.0851063829787234,0.0,0.4761904761904761,0.0,0.3333333333333333,"Low-Value Goods, Secondary Protection for Non-Fragile Items",False,False,True,False,26.190476190476197,50.57971014492754,7.770582793709526
MAT_0038,1.0,1.0,0.0,0.9523809523809522,0.9333333333333332,1.0,"Heavy Industrial Components, High-Security Goods",False,False,False,True,25.714285714285722,30.0,98.0
MAT_0039,0.0521739130434782,0.0425531914893617,0.9693877551020408,0.181547619047619,1.0,0.1333333333333333,"E-commerce, Food & Beverage, Consumer Goods, Apparel",True,False,False,False,90.15731292517006,62.23188405797101,33.36355226641998
MAT_0040,0.0521739130434782,0.0425531914893617,0.9693877551020408,0.1369047619047619,1.0,0.1333333333333333,"E-commerce, Food & Beverage, Consumer Goods, Apparel",True,False,False,False,92.38945578231292,62.23188405797101,33.36355226641998
MAT_0041,0.1304347826086956,0.0851063829787234,0.0,0.2261904761904762,0.6888888888888889,0.3333333333333333,"Industrial Components, Heavy Machinery, Automotive Parts",False,False,True,False,55.91269841269841,50.57971014492754,28.43724946037619
MAT_0042,1.0,1.0,0.0,0.943452380952381,0.8444444444444446,1.0,"Heavy Industrial Components, High-Security Goods",False,False,False,True,23.938492063492063,30.0,95.33333333333334
MAT_0043,0.0,0.0,1.0,0.0922619047619047,1.0,0.0,"Fragile Items, Cosmetics, Pharmaceuticals, Internal Component Protection",False,True,False,False,95.38690476190477,70.0,30.0
MAT_0044,1.0,1.0,0.0,0.994047619047619,0.7555555555555555,1.0,"Heavy Industrial Components, High-Security Goods",False,False,False,True,19.18650793650794,30.0,92.66666666666666
MAT_0045,0.0,0.0,1.0,0.0535714285714285,1.0,0.0,"Fragile Items, Cosmetics, Pharmaceuticals, Internal Component Protection",False,True,False,False,97.32142857142858,70.0,30.0
MAT_0046,0.1304347826086956,0.0851063829787234,0.0,0.2767857142857143,0.6444444444444444,0.3333333333333333,"Industrial Components, Heavy Machinery, Automotive Parts",False,False,True,False,52.2718253968254,50.57971014492754,27.103916127042854
MAT_0047,0.1304347826086956,0.0851063829787234,0.0,0.1726190476190476,0.5555555555555556,0.3333333333333333,"Electronics, Medium-Value Goods, Retail Logistics",False,False,True,False,55.25793650793651,50.57971014492754,24.437249460376194
MAT_0048,0.0521739130434782,0.0425531914893617,0.9693877551020408,0.1636904761904761,1.0,0.1333333333333333,"E-commerce, Food & Beverage, Consumer Goods, Apparel",True,False,False,False,91.05017006802721,62.23188405797101,33.36355226641998
MAT_0049,0.1304347826086956,0.0851063829787234,0.0,0.2619047619047618,0.7333333333333334,0.3333333333333333,"Industrial Components, Heavy Machinery, Automotive Parts",False,False,True,False,55.23809523809524,50.57971014492754,29.770582793709526
MAT_0050,0.0521739130434782,0.0425531914893617,0.9693877551020408,0.1875,0.8444444444444446,0.1333333333333333,"E-commerce, Food & Beverage, Consumer Goods, Apparel",True,False,False,False,85.97080498866212,62.23188405797101,28.696885599753312
MAT_0051,0.1304347826086956,0.0851063829787234,0.0,0.5446428571428572,0.5111111111111111,0.3333333333333333,"Low-Value Goods, Secondary Protection for Non-Fragile Items",False,False,True,False,35.54563492063492,50.57971014492754,23.103916127042858
MAT_0052,0.1304347826086956,0.0851063829787234,0.0,0.2083333333333333,0.5777777777777777,0.3333333333333333,"Electronics, Medium-Value Goods, Retail Logistics",False,False,True,False,54.027777777777786,50.57971014492754,25.103916127042858
MAT_0053,0.1304347826086956,0.0851063829787234,0.0,0.181547619047619,0.5333333333333332,0.3333333333333333,"Electronics, Medium-Value Goods, Retail Logistics",False,False,True,False,54.25595238095238,50.57971014492754,23.770582793709522
MAT_0054,0.1304347826086956,0.0851063829787234,0.0,0.2619047619047618,0.711111111111111,0.3333333333333333,"Industrial Components, Heavy Machinery, Automotive Parts",False,False,True,False,54.68253968253969,50.57971014492754,29.103916127042854
MAT_0055,0.1304347826086956,0.0851063829787234,0.0,0.1934523809523809,0.5555555555555556,0.3333333333333333,"Electronics, Medium-Value Goods, Retail Logistics",False,False,True,False,54.216269841269835,50.57971014492754,24.437249460376194
MAT_0056,0.0,0.0,1.0,0.0476190476190476,1.0,0.0,"Fragile Items, Cosmetics, Pharmaceuticals, Internal Component Protection",False,True,False,False,97.61904761904762,70.0,30.0
MAT_0057,0.1304347826086956,0.0851063829787234,0.0,0.2023809523809523,0.5555555555555556,0.3333333333333333,"Electronics, Medium-Value Goods, Retail Logistics",False,False,True,False,53.76984126984128,50.57971014492754,24.437249460376194
MAT_0058,0.0521739130434782,0.0425531914893617,0.9693877551020408,0.1369047619047619,1.0,0.1333333333333333,"E-commerce, Food & Beverage, Consumer Goods, Apparel",True,False,False,False,92.38945578231292,62.23188405797101,33.36355226641998
MAT_0059,0.0521739130434782,0.0425531914893617,0.9693877551020408,0.1577380952380952,0.8888888888888888,0.1333333333333333,"E-commerce, Food & Beverage, Consumer Goods, Apparel",True,False,False,False,88.57001133786848,62.23188405797101,30.030218933086644
MAT_0060,0.0521739130434782,0.0425531914893617,0.9693877551020408,0.1279761904761904,1.0,0.1333333333333333,"E-commerce, Food & Beverage, Consumer Goods, Apparel",True,False,False,False,92.83588435374149,62.23188405797101,33.36355226641998
MAT_0061,0.0521739130434782,0.0425531914893617,0.9693877551020408,0.181547619047619,0.911111111111111,0.1333333333333333,"E-commerce, Food & Beverage, Consumer Goods, Apparel",True,False,False,False,87.93509070294783,62.23188405797101,30.696885599753305
MAT_0062,0.0,0.0,1.0,0.0,0.8888888888888888,0.0,"Fragile Items, Cosmetics, Pharmaceuticals, Internal Component Protection",False,True,False,False,97.22222222222221,70.0,26.666666666666668
MAT_0063,1.0,1.0,0.0,0.9732142857142856,0.5777777777777777,1.0,"Heavy Industrial Components, High-Security Goods",False,False,False,True,15.783730158730163,30.0,87.33333333333333
MAT_0064,0.1304347826086956,0.0851063829787234,0.0,0.5148809523809523,0.3111111111111111,0.3333333333333333,"Low-Value Goods, Secondary Protection for Non-Fragile Items",False,False,True,False,32.03373015873016,50.57971014492754,17.103916127042858
MAT_0065,0.1304347826086956,0.0851063829787234,0.0,0.2351190476190476,0.5555555555555556,0.3333333333333333,"Industrial Components, Heavy Machinery, Automotive Parts",False,False,True,False,52.13293650793651,50.57971014492754,24.437249460376194
MAT_0066,0.0521739130434782,0.0425531914893617,0.9693877551020408,0.1369047619047619,1.0,0.1333333333333333,"E-commerce, Food & Beverage, Consumer Goods, Apparel",True,False,False,False,92.38945578231292,62.23188405797101,33.36355226641998
MAT_0067,0.1304347826086956,0.0851063829787234,0.0,0.2023809523809523,0.6444444444444444,0.3333333333333333,"Electronics, Medium-Value Goods, Retail Logistics",False,False,True,False,55.992063492063494,50.57971014492754,27.103916127042854
MAT_0068,0.0521739130434782,0.0425531914893617,0.9693877551020408,0.1636904761904761,0.9333333333333332,0.1333333333333333,"E-commerce, Food & Beverage, Consumer Goods, Apparel",True,False,False,False,89.38350340136054,62.23188405797101,31.363552266419976
MAT_0069,0.1304347826086956,0.0851063829787234,0.0,0.175595238095238,0.5999999999999999,0.3333333333333333,"Electronics, Medium-Value Goods, Retail Logistics",False,False,True,False,56.220238095238095,50.57971014492754,25.770582793709522
MAT_0070,0.1304347826086956,0.0851063829787234,0.0,0.4851190476190475,0.3999999999999999,0.3333333333333333,"Low-Value Goods, Secondary Protection for Non-Fragile Items",False,False,True,False,35.74404761904763,50.57971014492754,19.770582793709522
MAT_0071,0.1304347826086956,0.0851063829787234,0.0,0.5029761904761905,0.2888888888888887,0.3333333333333333,"Low-Value Goods, Secondary Protection for Non-Fragile Items",False,False,True,False,32.073412698412696,50.57971014492754,16.437249460376187
MAT_0072,0.1304347826086956,0.0851063829787234,0.0,0.4791666666666666,0.3999999999999999,0.3333333333333333,"Low-Value Goods, Secondary Protection for Non-Fragile Items",False,False,True,False,36.04166666666667,50.57971014492754,19.770582793709522
MAT_0073,0.1304347826086956,0.0851063829787234,0.0,0.1994047619047619,0.8222222222222224,0.3333333333333333,"Electronics, Medium-Value Goods, Retail Logistics",False,False,True,False,60.58531746031747,50.57971014492754,32.437249460376194
MAT_0074,0.0521739130434782,0.0425531914893617,0.9693877551020408,0.1309523809523809,1.0,0.1333333333333333,"E-commerce, Food & Beverage, Consumer Goods, Apparel",True,False,False,False,92.68707482993197,62.23188405797101,33.36355226641998
MAT_0075,0.1304347826086956,0.0851063829787234,0.0,0.5,0.5999999999999999,0.3333333333333333,"Low-Value Goods, Secondary Protection for Non-Fragile Items",False,False,True,False,40.0,50.57971014492754,25.770582793709522
MAT_0076,0.0,0.0,1.0,0.0238095238095238,0.977777777777778,0.0,"Fragile Items, Cosmetics, Pharmaceuticals, Internal Component Protection",False,True,False,False,98.25396825396825,70.0,29.33333333333334
MAT_0077,0.1304347826086956,0.0851063829787234,0.0,0.2113095238095237,0.6444444444444444,0.3333333333333333,"Electronics, Medium-Value Goods, Retail Logistics",False,False,True,False,55.545634920634924,50.57971014492754,27.103916127042854
MAT_0078,0.1304347826086956,0.0851063829787234,0.0,0.1875,0.7333333333333334,0.3333333333333333,"Electronics, Medium-Value Goods, Retail Logistics",False,False,True,False,58.958333333333336,50.57971014492754,29.770582793709526
MAT_0079,0.0521739130434782,0.0425531914893617,0.9693877551020408,0.175595238095238,0.9555555555555556,0.1333333333333333,"E-commerce, Food & Beverage, Consumer Goods, Apparel",True,False,False,False,89.34382086167801,62.23188405797101,32.030218933086644
MAT_0080,0.1304347826086956,0.0851063829787234,0.0,0.2202380952380952,0.8222222222222224,0.3333333333333333,"Electronics, Medium-Value Goods, Retail Logistics",False,False,True,False,59.543650793650805,50.57971014492754,32.437249460376194
MAT_0081,0.1304347826086956,0.0851063829787234,0.0,0.2321428571428571,0.6888888888888889,0.3333333333333333,"Electronics, Medium-Value Goods, Retail Logistics",False,False,True,False,55.61507936507937,50.57971014492754,28.43724946037619
MAT_0082,0.1304347826086956,0.0851063829787234,0.0,0.5297619047619047,0.3555555555555556,0.3333333333333333,"Low-Value Goods, Secondary Protection for Non-Fragile Items",False,False,True,False,32.40079365079366,50.57971014492754,18.437249460376194
MAT_0083,0.0521739130434782,0.0425531914893617,0.9693877551020408,0.1636904761904761,1.0,0.1333333333333333,"E-commerce, Food & Beverage, Consumer Goods, Apparel",True,False,False,False,91.05017006802721,62.23188405797101,33.36355226641998
MAT_0084,0.1304347826086956,0.0851063829787234,0.0,0.494047619047619,0.1777777777777778,0.3333333333333333,"Low-Value Goods, Secondary Protection for Non-Fragile Items",False,False,True,False,29.74206349206349,50.57971014492754,13.103916127042858
MAT_0085,0.1304347826086956,0.0851063829787234,0.0,0.488095238095238,0.2888888888888887,0.3333333333333333,"Low-Value Goods, Secondary Protection for Non-Fragile Items",False,False,True,False,32.817460317460316,50.57971014492754,16.437249460376187
MAT_0086,0.0521739130434782,0.0425531914893617,0.9693877551020408,0.1845238095238095,1.0,0.1333333333333333,"E-commerce, Food & Beverage, Consumer Goods, Apparel",True,False,False,False,90.00850340136054,62.23188405797101,33.36355226641998
MAT_0087,0.1304347826086956,0.0851063829787234,0.0,0.2738095238095238,0.7333333333333334,0.3333333333333333,"Industrial Components, Heavy Machinery, Automotive Parts",False,False,True,False,54.642857142857146,50.57971014492754,29.770582793709526
MAT_0088,0.1304347826086956,0.0851063829787234,0.0,0.4732142857142857,0.3111111111111111,0.3333333333333333,"Low-Value Goods, Secondary Protection for Non-Fragile Items",False,False,True,False,34.117063492063494,50.57971014492754,17.103916127042858
MAT_0089,0.0,0.0,1.0,0.0327380952380952,0.8888888888888888,0.0,"Fragile Items, Cosmetics, Pharmaceuticals, Internal Component Protection",False,True,False,False,95.58531746031746,70.0,26.666666666666668
MAT_0090,0.0,0.0,1.0,0.0773809523809523,1.0,0.0,"Fragile Items, Cosmetics, Pharmaceuticals, Internal Component Protection",False,True,False,False,96.13095238095238,70.0,30.0
MAT_0091,0.1304347826086956,0.0851063829787234,0.0,0.1934523809523809,0.8888888888888888,0.3333333333333333,"Electronics, Medium-Value Goods, Retail Logistics",False,False,True,False,62.54960317460318,50.57971014492754,34.437249460376194
MAT_0092,0.0,0.0,1.0,0.0476190476190476,0.9333333333333332,0.0,"Fragile Items, Cosmetics, Pharmaceuticals, Internal Component Protection",False,True,False,False,95.95238095238095,70.0,27.999999999999996
MAT_0093,0.1304347826086956,0.0851063829787234,0.0,0.1666666666666666,0.5999999999999999,0.3333333333333333,"Electronics, Medium-Value Goods, Retail Logistics",False,False,True,False,56.666666666666664,50.57971014492754,25.770582793709522
MAT_0094,0.1304347826086956,0.0851063829787234,0.0,0.2470238095238094,1.0,0.3333333333333333,"Industrial Components, Heavy Machinery, Automotive Parts",False,False,True,False,62.64880952380953,50.57971014492754,37.77058279370952
MAT_0095,0.0521739130434782,0.0425531914893617,0.9693877551020408,0.1101190476190476,1.0,0.1333333333333333,"E-commerce, Food & Beverage, Consumer Goods, Apparel",True,False,False,False,93.72874149659864,62.23188405797101,33.36355226641998
MAT_0096,0.0521739130434782,0.0425531914893617,0.9693877551020408,0.1369047619047619,0.977777777777778,0.1333333333333333,"E-commerce, Food & Beverage, Consumer Goods, Apparel",True,False,False,False,91.83390022675736,62.23188405797101,32.696885599753315
MAT_0097,0.0521739130434782,0.0425531914893617,0.9693877551020408,0.1398809523809523,0.9333333333333332,0.1333333333333333,"E-commerce, Food & Beverage, Consumer Goods, Apparel",True,False,False,False,90.57397959183673,62.23188405797101,31.363552266419976
MAT_0098,0.0,0.0,1.0,0.0714285714285714,0.977777777777778,0.0,"Fragile Items, Cosmetics, Pharmaceuticals, Internal Component Protection",False,True,False,False,95.87301587301587,70.0,29.33333333333334
MAT_0099,0.1304347826086956,0.0851063829787234,0.0,0.2648809523809524,0.6444444444444444,0.3333333333333333,"Industrial Components, Heavy Machinery, Automotive Parts",False,False,True,False,52.867063492063494,50.57971014492754,27.103916127042854
MAT_0100,0.0,0.0,1.0,0.0625,1.0,0.0,"Fragile Items, Cosmetics, Pharmaceuticals, Internal Component Protection",False,True,False,False,96.875,70.0,30.0
MAT_0101,0.0,0.0,1.0,0.0446428571428571,1.0,0.0,"Fragile Items, Cosmetics, Pharmaceuticals, Internal Component Protection",False,True,False,False,97.76785714285714,70.0,30.0
MAT_0102,1.0,1.0,0.0,0.9732142857142856,0.8666666666666667,1.0,"Heavy Industrial Components, High-Security Goods",False,False,False,True,23.005952380952387,30.0,96.0
MAT_0103,0.0521739130434782,0.0425531914893617,0.9693877551020408,0.1428571428571428,0.977777777777778,0.1333333333333333,"E-commerce, Food & Beverage, Consumer Goods, Apparel",True,False,False,False,91.53628117913833,62.23188405797101,32.696885599753315
MAT_0104,0.0521739130434782,0.0425531914893617,0.9693877551020408,0.1607142857142857,1.0,0.1333333333333333,"E-commerce, Food & Beverage, Consumer Goods, Apparel",True,False,False,False,91.19897959183673,62.23188405797101,33.36355226641998
MAT_0105,0.1304347826086956,0.0851063829787234,0.0,0.181547619047619,0.6666666666666667,0.3333333333333333,"Electronics, Medium-Value Goods, Retail Logistics",False,False,True,False,57.58928571428572,50.57971014492754,27.770582793709526
MAT_0106,0.1304347826086956,0.0851063829787234,0.0,0.4910714285714286,0.1333333333333333,0.3333333333333333,"Low-Value Goods, Secondary Protection for Non-Fragile Items",False,False,True,False,28.7797619047619,50.57971014492754,11.770582793709524
MAT_0107,0.1304347826086956,0.0851063829787234,0.0,0.2559523809523809,0.6888888888888889,0.3333333333333333,"Industrial Components, Heavy Machinery, Automotive Parts",False,False,True,False,54.42460317460318,50.57971014492754,28.43724946037619
MAT_0108,0.1304347826086956,0.0851063829787234,0.0,0.2261904761904762,0.8222222222222224,0.3333333333333333,"Electronics, Medium-Value Goods, Retail Logistics",False,False,True,False,59.24603174603176,50.57971014492754,32.437249460376194
MAT_0109,0.1304347826086956,0.0851063829787234,0.0,0.2291666666666666,0.8666666666666667,0.3333333333333333,"Electronics, Medium-Value Goods, Retail Logistics",False,False,True,False,60.20833333333333,50.57971014492754,33.77058279370952
MAT_0110,0.1304347826086956,0.0851063829787234,0.0,0.244047619047619,0.8222222222222224,0.3333333333333333,"Industrial Components, Heavy Machinery, Automotive Parts",False,False,True,False,58.35317460317461,50.57971014492754,32.437249460376194
MAT_0111,0.0521739130434782,0.0425531914893617,0.9693877551020408,0.1339285714285714,1.0,0.1333333333333333,"E-commerce, Food & Beverage, Consumer Goods, Apparel",True,False,False,False,92.53826530612244,62.23188405797101,33.36355226641998
MAT_0112,1.0,1.0,0.0,0.9821428571428572,0.8888888888888888,1.0,"Heavy Industrial Components, High-Security Goods",False,False,False,True,23.11507936507936,30.0,96.66666666666666
MAT_0113,0.1304347826086956,0.0851063829787234,0.0,0.2678571428571428,0.7777777777777777,0.3333333333333333,"Industrial Components, Heavy Machinery, Automotive Parts",False,False,True,False,56.051587301587304,50.57971014492754,31.10391612704285
MAT_0114,0.0,0.0,1.0,0.0744047619047619,1.0,0.0,"Fragile Items, Cosmetics, Pharmaceuticals, Internal Component Protection",False,True,False,False,96.27976190476191,70.0,30.0
MAT_0115,0.0521739130434782,0.0425531914893617,0.9693877551020408,0.175595238095238,0.8666666666666667,0.1333333333333333,"E-commerce, Food & Beverage, Consumer Goods, Apparel",True,False,False,False,87.12159863945578,62.23188405797101,29.36355226641998
MAT_0116,0.0521739130434782,0.0425531914893617,0.9693877551020408,0.175595238095238,0.8444444444444446,0.1333333333333333,"E-commerce, Food & Beverage, Consumer Goods, Apparel",True,False,False,False,86.56604308390024,62.23188405797101,28.696885599753312
MAT_0117,0.1304347826086956,0.0851063829787234,0.0,0.2648809523809524,0.711111111111111,0.3333333333333333,"Industrial Components, Heavy Machinery, Automotive Parts",False,False,True,False,54.53373015873015,50.57971014492754,29.103916127042854
MAT_0118,0.1304347826086956,0.0851063829787234,0.0,0.2232142857142857,0.711111111111111,0.3333333333333333,"Electronics, Medium-Value Goods, Retail Logistics",False,False,True,False,56.617063492063494,50.57971014492754,29.103916127042854
MAT_0119,0.1304347826086956,0.0851063829787234,0.0,0.2589285714285714,0.6888888888888889,0.3333333333333333,"Industrial Components, Heavy Machinery, Automotive Parts",False,False,True,False,54.275793650793645,50.57971014492754,28.43724946037619
MAT_0120,0.0,0.0,1.0,0.0476190476190476,1.0,0.0,"Fragile Items, Cosmetics, Pharmaceuticals, Internal Component Protection",False,True,False,False,97.61904761904762,70.0,30.0
MAT_0121,0.0521739130434782,0.0425531914893617,0.9693877551020408,0.1458333333333333,1.0,0.1333333333333333,"E-commerce, Food & Beverage, Consumer Goods, Apparel",True,False,False,False,91.94302721088435,62.23188405797101,33.36355226641998
MAT_0122,0.1304347826086956,0.0851063829787234,0.0,0.4910714285714286,0.3111111111111111,0.3333333333333333,"Low-Value Goods, Secondary Protection for Non-Fragile Items",False,False,True,False,33.22420634920635,50.57971014492754,17.103916127042858
MAT_0123,0.0521739130434782,0.0425531914893617,0.9693877551020408,0.125,0.9333333333333332,0.1333333333333333,"E-commerce, Food & Beverage, Consumer Goods, Apparel",True,False,False,False,91.31802721088434,62.23188405797101,31.363552266419976
MAT_0124,1.0,1.0,0.0,0.9672619047619048,0.8666666666666667,1.0,"Heavy Industrial Components, High-Security Goods",False,False,False,True,23.30357142857143,30.0,96.0
MAT_0125,0.1304347826086956,0.0851063829787234,0.0,0.2410714285714286,0.5999999999999999,0.3333333333333333,"Industrial Components, Heavy Machinery, Automotive Parts",False,False,True,False,52.94642857142857,50.57971014492754,25.770582793709522
MAT_0126,0.1304347826086956,0.0851063829787234,0.0,0.2232142857142857,0.6888888888888889,0.3333333333333333,"Electronics, Medium-Value Goods, Retail Logistics",False,False,True,False,56.06150793650794,50.57971014492754,28.43724946037619
MAT_0127,0.0521739130434782,0.0425531914893617,0.9693877551020408,0.1488095238095238,1.0,0.1333333333333333,"E-commerce, Food & Beverage, Consumer Goods, Apparel",True,False,False,False,91.79421768707483,62.23188405797101,33.36355226641998
MAT_0128,1.0,1.0,0.0,0.9702380952380952,0.8444444444444446,1.0,"Heavy Industrial Components, High-Security Goods",False,False,False,True,22.59920634920635,30.0,95.33333333333334
MAT_0129,0.0,0.0,1.0,0.0654761904761904,1.0,0.0,"Fragile Items, Cosmetics, Pharmaceuticals, Internal Component Protection",False,True,False,False,96.72619047619048,70.0,30.0
MAT_0130,0.0521739130434782,0.0425531914893617,0.9693877551020408,0.1607142857142857,0.911111111111111,0.1333333333333333,"E-commerce, Food & Beverage, Consumer Goods, Apparel",True,False,False,False,88.97675736961452,62.23188405797101,30.696885599753305
MAT_0131,0.1304347826086956,0.0851063829787234,0.0,0.2232142857142857,0.6444444444444444,0.3333333333333333,"Industrial Components, Heavy Machinery, Automotive Parts",False,False,True,False,54.95039682539682,50.57971014492754,27.103916127042854
MAT_0132,0.0521739130434782,0.0425531914893617,0.9693877551020408,0.1458333333333333,0.977777777777778,0.1333333333333333,"E-commerce, Food & Beverage, Consumer Goods, Apparel",True,False,False,False,91.3874716553288,62.23188405797101,32.696885599753315
MAT_0133,0.1304347826086956,0.0851063829787234,0.0,0.4910714285714286,0.3111111111111111,0.3333333333333333,"Low-Value Goods, Secondary Protection for Non-Fragile Items",False,False,True,False,33.22420634920635,50.57971014492754,17.103916127042858
MAT_0134,0.0521739130434782,0.0425531914893617,0.9693877551020408,0.1220238095238095,0.977777777777778,0.1333333333333333,"E-commerce, Food & Beverage, Consumer Goods, Apparel",True,False,False,False,92.57794784580499,62.23188405797101,32.696885599753315
MAT_0135,0.0,0.0,1.0,0.0684523809523809,1.0,0.0,"Fragile Items, Cosmetics, Pharmaceuticals, Internal Component Protection",False,True,False,False,96.57738095238095,70.0,30.0
MAT_0136,0.0521739130434782,0.0425531914893617,0.9693877551020408,0.1696428571428571,0.9333333333333332,0.1333333333333333,"E-commerce, Food & Beverage, Consumer Goods, Apparel",True,False,False,False,89.08588435374149,62.23188405797101,31.363552266419976
MAT_0137,0.0521739130434782,0.0425531914893617,0.9693877551020408,0.1279761904761904,0.9333333333333332,0.1333333333333333,"E-commerce, Food & Beverage, Consumer Goods, Apparel",True,False,False,False,91.16921768707482,62.23188405797101,31.363552266419976
MAT_0138,0.1304347826086956,0.0851063829787234,0.0,0.2470238095238094,0.6444444444444444,0.3333333333333333,"Industrial Components, Heavy Machinery, Automotive Parts",False,False,True,False,53.75992063492063,50.57971014492754,27.103916127042854
MAT_0139,0.1304347826086956,0.0851063829787234,0.0,0.2232142857142857,0.6666666666666667,0.3333333333333333,"Electronics, Medium-Value Goods, Retail Logistics",False,False,True,False,55.50595238095239,50.57971014492754,27.770582793709526
MAT_0140,0.0521739130434782,0.0425531914893617,0.9693877551020408,0.1488095238095238,0.977777777777778,0.1333333333333333,"E-commerce, Food & Beverage, Consumer Goods, Apparel",True,False,False,False,91.23866213151928,62.23188405797101,32.696885599753315
MAT_0141,1.0,1.0,0.0,0.9732142857142856,0.8666666666666667,1.0,"Heavy Industrial Components, High-Security Goods",False,False,False,True,23.005952380952387,30.0,96.0
MAT_0142,0.0,0.0,1.0,0.0803571428571428,1.0,0.0,"Fragile Items, Cosmetics, Pharmaceuticals, Internal Component Protection",False,True,False,False,95.98214285714286,70.0,30.0
MAT_0143,0.1304347826086956,0.0851063829787234,0.0,0.4910714285714286,0.1555555555555554,0.3333333333333333,"Low-Value Goods, Secondary Protection for Non-Fragile Items",False,False,True,False,29.335317460317455,50.57971014492754,12.437249460376187
MAT_0144,0.1304347826086956,0.0851063829787234,0.0,0.2232142857142857,0.5999999999999999,0.3333333333333333,"Electronics, Medium-Value Goods, Retail Logistics",False,False,True,False,53.83928571428571,50.57971014492754,25.770582793709522
MAT_0145,0.1304347826086956,0.0851063829787234,0.0,0.2678571428571428,0.8444444444444446,0.3333333333333333,"Industrial Components, Heavy Machinery, Automotive Parts",False,False,True,False,57.718253968253975,50.57971014492754,33.10391612704286
MAT_0146,0.1304347826086956,0.0851063829787234,0.0,0.181547619047619,0.5777777777777777,0.3333333333333333,"Electronics, Medium-Value Goods, Retail Logistics",False,False,True,False,55.36706349206349,50.57971014492754,25.103916127042858
MAT_0147,0.0521739130434782,0.0425531914893617,0.9693877551020408,0.1339285714285714,1.0,0.1333333333333333,"E-commerce, Food & Beverage, Consumer Goods, Apparel",True,False,False,False,92.53826530612244,62.23188405797101,33.36355226641998
MAT_0148,0.1304347826086956,0.0851063829787234,0.0,0.2232142857142857,0.7777777777777777,0.3333333333333333,"Industrial Components, Heavy Machinery, Automotive Parts",False,False,True,False,58.283730158730165,50.57971014492754,31.10391612704285
MAT_0149,1.0,1.0,0.0,0.9910714285714284,0.911111111111111,1.0,"Heavy Industrial Components, High-Security Goods",False,False,False,True,23.224206349206355,30.0,97.33333333333331
MAT_0150,0.0,0.0,1.0,0.0744047619047619,0.8666666666666667,0.0,"Fragile Items, Cosmetics, Pharmaceuticals, Internal Component Protection",False,True,False,False,92.94642857142857,70.0,26.0
MAT_0151,0.1304347826086956,0.0851063829787234,0.0,0.2499999999999999,0.8666666666666667,0.3333333333333333,"Industrial Components, Heavy Machinery, Automotive Parts",False,False,True,False,59.16666666666668,50.57971014492754,33.77058279370952
MAT_0152,1.0,1.0,0.0,0.9732142857142856,0.977777777777778,1.0,"Heavy Industrial Components, High-Security Goods",False,False,False,True,25.783730158730165,30.0,99.33333333333334
MAT_0153,0.1304347826086956,0.0851063829787234,0.0,0.2053571428571428,0.711111111111111,0.3333333333333333,"Electronics, Medium-Value Goods, Retail Logistics",False,False,True,False,57.50992063492064,50.57971014492754,29.103916127042854
MAT_0154,0.0521739130434782,0.0425531914893617,0.9693877551020408,0.1339285714285714,1.0,0.1333333333333333,"E-commerce, Food & Beverage, Consumer Goods, Apparel",True,False,False,False,92.53826530612244,62.23188405797101,33.36355226641998
MAT_0155,0.1304347826086956,0.0851063829787234,0.0,0.2678571428571428,0.6666666666666667,0.3333333333333333,"Industrial Components, Heavy Machinery, Automotive Parts",False,False,True,False,53.27380952380953,50.57971014492754,27.770582793709526
MAT_0156,0.1304347826086956,0.0851063829787234,0.0,0.2529761904761904,0.711111111111111,0.3333333333333333,"Industrial Components, Heavy Machinery, Automotive Parts",False,False,True,False,55.128968253968246,50.57971014492754,29.103916127042854
MAT_0157,0.1304347826086956,0.0851063829787234,0.0,0.5178571428571428,0.4888888888888889,0.3333333333333333,"Low-Value Goods, Secondary Protection for Non-Fragile Items",False,False,True,False,36.32936507936508,50.57971014492754,22.43724946037619
MAT_0158,0.0521739130434782,0.0425531914893617,0.9693877551020408,0.1369047619047619,0.977777777777778,0.1333333333333333,"E-commerce, Food & Beverage, Consumer Goods, Apparel",True,False,False,False,91.83390022675736,62.23188405797101,32.696885599753315
MAT_0159,0.1304347826086956,0.0851063829787234,0.0,0.2053571428571428,0.5777777777777777,0.3333333333333333,"Electronics, Medium-Value Goods, Retail Logistics",False,False,True,False,54.1765873015873,50.57971014492754,25.103916127042858
MAT_0160,0.0521739130434782,0.0425531914893617,0.9693877551020408,0.125,1.0,0.1333333333333333,"E-commerce, Food & Beverage, Consumer Goods, Apparel",True,False,False,False,92.98469387755102,62.23188405797101,33.36355226641998
MAT_0161,0.0,0.0,1.0,0.0654761904761904,0.977777777777778,0.0,"Fragile Items, Cosmetics, Pharmaceuticals, Internal Component Protection",False,True,False,False,96.17063492063494,70.0,29.33333333333334
MAT_0162,1.0,1.0,0.0,0.943452380952381,0.8888888888888888,1.0,"Heavy Industrial Components, High-Security Goods",False,False,False,True,25.04960317460317,30.0,96.66666666666666
MAT_0163,0.0521739130434782,0.0425531914893617,0.9693877551020408,0.1607142857142857,1.0,0.1333333333333333,"E-commerce, Food & Beverage, Consumer Goods, Apparel",True,False,False,False,91.19897959183673,62.23188405797101,33.36355226641998
MAT_0164,0.1304347826086956,0.0851063829787234,0.0,0.2470238095238094,0.7333333333333334,0.3333333333333333,"Industrial Components, Heavy Machinery, Automotive Parts",False,False,True,False,55.98214285714287,50.57971014492754,29.770582793709526
MAT_0165,1.0,1.0,0.0,0.9821428571428572,0.6888888888888889,1.0,"Heavy Industrial Components, High-Security Goods",False,False,False,True,18.11507936507936,30.0,90.66666666666666
MAT_0166,0.0521739130434782,0.0425531914893617,0.9693877551020408,0.1636904761904761,0.977777777777778,0.1333333333333333,"E-commerce, Food & Beverage, Consumer Goods, Apparel",True,False,False,False,90.49461451247166,62.23188405797101,32.696885599753315
MAT_0167,0.0,0.0,1.0,0.0684523809523809,0.9555555555555556,0.0,"Fragile Items, Cosmetics, Pharmaceuticals, Internal Component Protection",False,True,False,False,95.46626984126985,70.0,28.666666666666668
MAT_0168,0.1304347826086956,0.0851063829787234,0.0,0.2232142857142857,0.7777777777777777,0.3333333333333333,"Electronics, Medium-Value Goods, Retail Logistics",False,False,True,False,58.283730158730165,50.57971014492754,31.10391612704285
MAT_0169,0.1304347826086956,0.0851063829787234,0.0,0.5089285714285714,0.4888888888888889,0.3333333333333333,"Low-Value Goods, Secondary Protection for Non-Fragile Items",False,False,True,False,36.77579365079365,50.57971014492754,22.43724946037619
MAT_0170,0.1304347826086956,0.0851063829787234,0.0,0.2559523809523809,0.8888888888888888,0.3333333333333333,"Industrial Components, Heavy Machinery, Automotive Parts",False,False,True,False,59.42460317460318,50.57971014492754,34.437249460376194
MAT_0171,0.0,0.0,1.0,0.0595238095238095,1.0,0.0,"Fragile Items, Cosmetics, Pharmaceuticals, Internal Component Protection",False,True,False,False,97.02380952380952,70.0,30.0
MAT_0172,0.0521739130434782,0.0425531914893617,0.9693877551020408,0.1428571428571428,0.9333333333333332,0.1333333333333333,"E-commerce, Food & Beverage, Consumer Goods, Apparel",True,False,False,False,90.4251700680272,62.23188405797101,31.363552266419976
MAT_0173,0.0521739130434782,0.0425531914893617,0.9693877551020408,0.1428571428571428,0.911111111111111,0.1333333333333333,"E-commerce, Food & Beverage, Consumer Goods, Apparel",True,False,False,False,89.86961451247166,62.23188405797101,30.696885599753305
MAT_0174,0.1304347826086956,0.0851063829787234,0.0,0.2678571428571428,0.711111111111111,0.3333333333333333,"Industrial Components, Heavy Machinery, Automotive Parts",False,False,True,False,54.38492063492064,50.57971014492754,29.103916127042854
MAT_0175,0.0521739130434782,0.0425531914893617,0.9693877551020408,0.1458333333333333,0.977777777777778,0.1333333333333333,"E-commerce, Food & Beverage, Consumer Goods, Apparel",True,False,False,False,91.3874716553288,62.23188405797101,32.696885599753315
MAT_0176,0.1304347826086956,0.0851063829787234,0.0,0.175595238095238,0.7333333333333334,0.3333333333333333,"Electronics, Medium-Value Goods, Retail Logistics",False,False,True,False,59.55357142857143,50.57971014492754,29.770582793709526
MAT_0177,0.1304347826086956,0.0851063829787234,0.0,0.2470238095238094,0.8222222222222224,0.3333333333333333,"Industrial Components, Heavy Machinery, Automotive Parts",False,False,True,False,58.20436507936508,50.57971014492754,32.437249460376194
MAT_0178,0.0521739130434782,0.0425531914893617,0.9693877551020408,0.181547619047619,0.8888888888888888,0.1333333333333333,"E-commerce, Food & Beverage, Consumer Goods, Apparel",True,False,False,False,87.37953514739229,62.23188405797101,30.030218933086644
MAT_0179,1.0,1.0,0.0,0.9732142857142856,0.8666666666666667,1.0,"Heavy Industrial Components, High-Security Goods",False,False,False,True,23.005952380952387,30.0,96.0
MAT_0180,0.1304347826086956,0.0851063829787234,0.0,0.5238095238095237,0.5111111111111111,0.3333333333333333,"Low-Value Goods, Secondary Protection for Non-Fragile Items",False,False,True,False,36.58730158730159,50.57971014492754,23.103916127042858
MAT_0181,0.0521739130434782,0.0425531914893617,0.9693877551020408,0.1458333333333333,0.9555555555555556,0.1333333333333333,"E-commerce, Food & Beverage, Consumer Goods, Apparel",True,False,False,False,90.83191609977325,62.23188405797101,32.030218933086644
MAT_0182,0.1304347826086956,0.0851063829787234,0.0,0.2648809523809524,0.7555555555555555,0.3333333333333333,"Industrial Components, Heavy Machinery, Automotive Parts",False,False,True,False,55.64484126984127,50.57971014492754,30.437249460376194
MAT_0183,0.1304347826086956,0.0851063829787234,0.0,0.2261904761904762,0.8444444444444446,0.3333333333333333,"Industrial Components, Heavy Machinery, Automotive Parts",False,False,True,False,59.80158730158731,50.57971014492754,33.10391612704286
MAT_0184,0.1304347826086956,0.0851063829787234,0.0,0.1934523809523809,0.6666666666666667,0.3333333333333333,"Electronics, Medium-Value Goods, Retail Logistics",False,False,True,False,56.99404761904763,50.57971014492754,27.770582793709526
MAT_0185,0.0,0.0,1.0,0.0625,0.977777777777778,0.0,"Fragile Items, Cosmetics, Pharmaceuticals, Internal Component Protection",False,True,False,False,96.31944444444444,70.0,29.33333333333334
MAT_0186,0.0521739130434782,0.0425531914893617,0.9693877551020408,0.1607142857142857,0.9333333333333332,0.1333333333333333,"E-commerce, Food & Beverage, Consumer Goods, Apparel",True,False,False,False,89.53231292517006,62.23188405797101,31.363552266419976
MAT_0187,0.1304347826086956,0.0851063829787234,0.0,0.2499999999999999,0.7777777777777777,0.3333333333333333,"Industrial Components, Heavy Machinery, Automotive Parts",False,False,True,False,56.94444444444444,50.57971014492754,31.10391612704285
MAT_0188,0.1304347826086956,0.0851063829787234,0.0,0.2291666666666666,0.6666666666666667,0.3333333333333333,"Electronics, Medium-Value Goods, Retail Logistics",False,False,True,False,55.208333333333336,50.57971014492754,27.770582793709526
MAT_0189,1.0,1.0,0.0,0.943452380952381,0.8666666666666667,1.0,"Heavy Industrial Components, High-Security Goods",False,False,False,True,24.494047619047617,30.0,96.0
MAT_0190,0.1304347826086956,0.0851063829787234,0.0,0.2678571428571428,0.8888888888888888,0.3333333333333333,"Industrial Components, Heavy Machinery, Automotive Parts",False,False,True,False,58.82936507936508,50.57971014492754,34.437249460376194
MAT_0191,0.1304347826086956,0.0851063829787234,0.0,0.2291666666666666,0.7999999999999998,0.3333333333333333,"Industrial Components, Heavy Machinery, Automotive Parts",False,False,True,False,58.54166666666667,50.57971014492754,31.77058279370952
MAT_0192,0.1304347826086956,0.0851063829787234,0.0,0.488095238095238,0.1555555555555554,0.3333333333333333,"Low-Value Goods, Secondary Protection for Non-Fragile Items",False,False,True,False,29.484126984126984,50.57971014492754,12.437249460376187
MAT_0193,0.0521739130434782,0.0425531914893617,0.9693877551020408,0.1696428571428571,0.9555555555555556,0.1333333333333333,"E-commerce, Food & Beverage, Consumer Goods, Apparel",True,False,False,False,89.64143990929706,62.23188405797101,32.030218933086644
MAT_0194,0.1304347826086956,0.0851063829787234,0.0,0.2261904761904762,0.6888888888888889,0.3333333333333333,"Electronics, Medium-Value Goods, Retail Logistics",False,False,True,False,55.91269841269841,50.57971014492754,28.43724946037619
MAT_0195,1.0,1.0,0.0,1.0,0.7333333333333334,1.0,"Heavy Industrial Components, High-Security Goods",False,False,False,True,18.333333333333336,30.0,92.0
MAT_0196,0.0521739130434782,0.0425531914893617,0.9693877551020408,0.1607142857142857,0.9333333333333332,0.1333333333333333,"E-commerce, Food & Beverage, Consumer Goods, Apparel",True,False,False,False,89.53231292517006,62.23188405797101,31.363552266419976
MAT_0197,0.0,0.0,1.0,0.0744047619047619,1.0,0.0,"Fragile Items, Cosmetics, Pharmaceuticals, Internal Component Protection",False,True,False,False,96.27976190476191,70.0,30.0
MAT_0198,0.1304347826086956,0.0851063829787234,0.0,0.2499999999999999,0.8666666666666667,0.3333333333333333,"Industrial Components, Heavy Machinery, Automotive Parts",False,False,True,False,59.16666666666668,50.57971014492754,33.77058279370952
MAT_0199,0.0521739130434782,0.0425531914893617,0.9693877551020408,0.1220238095238095,0.911111111111111,0.1333333333333333,"E-commerce, Food & Beverage, Consumer Goods, Apparel",True,False,False,False,90.91128117913831,62.23188405797101,30.696885599753305
MAT_0200,0.1304347826086956,0.0851063829787234,0.0,0.2499999999999999,0.711111111111111,0.3333333333333333,"Industrial Components, Heavy Machinery, Automotive Parts",False,False,True,False,55.27777777777778,50.57971014492754,29.103916127042854
MAT_0201,0.1304347826086956,0.0851063829787234,0.0,0.2083333333333333,0.5999999999999999,0.3333333333333333,"Electronics, Medium-Value Goods, Retail Logistics",False,False,True,False,54.58333333333334,50.57971014492754,25.770582793709522
MAT_0202,0.0521739130434782,0.0425531914893617,0.9693877551020408,0.125,0.977777777777778,0.1333333333333333,"E-commerce, Food & Beverage, Consumer Goods, Apparel",True,False,False,False,92.42913832199547,62.23188405797101,32.696885599753315
MAT_0203,0.0521739130434782,0.0425531914893617,0.9693877551020408,0.181547619047619,1.0,0.1333333333333333,"E-commerce, Food & Beverage, Consumer Goods, Apparel",True,False,False,False,90.15731292517006,62.23188405797101,33.36355226641998
MAT_0204,0.1304347826086956,0.0851063829787234,0.0,0.244047619047619,0.8666666666666667,0.3333333333333333,"Industrial Components, Heavy Machinery, Automotive Parts",False,False,True,False,59.464285714285715,50.57971014492754,33.77058279370952
MAT_0205,0.1304347826086956,0.0851063829787234,0.0,0.2232142857142857,0.8666666666666667,0.3333333333333333,"Electronics, Medium-Value Goods, Retail Logistics",False,False,True,False,60.50595238095238,50.57971014492754,33.77058279370952
MAT_0206,0.1304347826086956,0.0851063829787234,0.0,0.2589285714285714,0.7777777777777777,0.3333333333333333,"Industrial Components, Heavy Machinery, Automotive Parts",False,False,True,False,56.49801587301587,50.57971014492754,31.10391612704285
MAT_0207,0.1304347826086956,0.0851063829787234,0.0,0.5178571428571428,0.2888888888888887,0.3333333333333333,"Low-Value Goods, Secondary Protection for Non-Fragile Items",False,False,True,False,31.32936507936508,50.57971014492754,16.437249460376187
MAT_0208,0.1304347826086956,0.0851063829787234,0.0,0.2232142857142857,0.6444444444444444,0.3333333333333333,"Electronics, Medium-Value Goods, Retail Logistics",False,False,True,False,54.95039682539682,50.57971014492754,27.103916127042854
MAT_0209,1.0,1.0,0.0,0.9732142857142856,0.9333333333333332,1.0,"Heavy Industrial Components, High-Security Goods",False,False,False,True,24.67261904761905,30.0,98.0
MAT_0210,0.1304347826086956,0.0851063829787234,0.0,0.2589285714285714,0.7777777777777777,0.3333333333333333,"Industrial Components, Heavy Machinery, Automotive Parts",False,False,True,False,56.49801587301587,50.57971014492754,31.10391612704285
MAT_0211,0.0521739130434782,0.0425531914893617,0.9693877551020408,0.1339285714285714,1.0,0.1333333333333333,"E-commerce, Food & Beverage, Consumer Goods, Apparel",True,False,False,False,92.53826530612244,62.23188405797101,33.36355226641998
MAT_0212,0.0,0.0,1.0,0.0476190476190476,1.0,0.0,"Fragile Items, Cosmetics, Pharmaceuticals, Internal Component Protection",False,True,False,False,97.61904761904762,70.0,30.0
MAT_0213,0.0521739130434782,0.0425531914893617,0.9693877551020408,0.1279761904761904,0.911111111111111,0.1333333333333333,"E-commerce, Food & Beverage, Consumer Goods, Apparel",True,False,False,False,90.61366213151926,62.23188405797101,30.696885599753305
MAT_0214,0.1304347826086956,0.0851063829787234,0.0,0.181547619047619,0.6444444444444444,0.3333333333333333,"Electronics, Medium-Value Goods, Retail Logistics",False,False,True,False,57.03373015873016,50.57971014492754,27.103916127042854
MAT_0215,0.1304347826086956,0.0851063829787234,0.0,0.2589285714285714,0.5999999999999999,0.3333333333333333,"Industrial Components, Heavy Machinery, Automotive Parts",False,False,True,False,52.05357142857143,50.57971014492754,25.770582793709522
MAT_0216,0.0521739130434782,0.0425531914893617,0.9693877551020408,0.1607142857142857,0.9333333333333332,0.1333333333333333,"E-commerce, Food & Beverage, Consumer Goods, Apparel",True,False,False,False,89.53231292517006,62.23188405797101,31.363552266419976
MAT_0217,0.1304347826086956,0.0851063829787234,0.0,0.2648809523809524,0.8444444444444446,0.3333333333333333,"Industrial Components, Heavy Machinery, Automotive Parts",False,False,True,False,57.867063492063494,50.57971014492754,33.10391612704286
MAT_0218,0.0,0.0,1.0,0.056547619047619,1.0,0.0,"Fragile Items, Cosmetics, Pharmaceuticals, Internal Component Protection",False,True,False,False,97.17261904761905,70.0,30.0
MAT_0219,0.1304347826086956,0.0851063829787234,0.0,0.2589285714285714,0.8888888888888888,0.3333333333333333,"Industrial Components, Heavy Machinery, Automotive Parts",False,False,True,False,59.27579365079365,50.57971014492754,34.437249460376194
MAT_0220,0.0521739130434782,0.0425531914893617,0.9693877551020408,0.1369047619047619,0.977777777777778,0.1333333333333333,"E-commerce, Food & Beverage, Consumer Goods, Apparel",True,False,False,False,91.83390022675736,62.23188405797101,32.696885599753315
MAT_0221,0.0521739130434782,0.0425531914893617,0.9693877551020408,0.1339285714285714,1.0,0.1333333333333333,"E-commerce, Food & Beverage, Consumer Goods, Apparel",True,False,False,False,92.53826530612244,62.23188405797101,33.36355226641998
MAT_0222,0.1304347826086956,0.0851063829787234,0.0,0.181547619047619,0.8888888888888888,0.3333333333333333,"Electronics, Medium-Value Goods, Retail Logistics",False,False,True,False,63.144841269841265,50.57971014492754,34.437249460376194
MAT_0223,0.0,0.0,1.0,0.056547619047619,1.0,0.0,"Fragile Items, Cosmetics, Pharmaceuticals, Internal Component Protection",False,True,False,False,97.17261904761905,70.0,30.0
MAT_0224,0.0521739130434782,0.0425531914893617,0.9693877551020408,0.1607142857142857,0.911111111111111,0.1333333333333333,"E-commerce, Food & Beverage, Consumer Goods, Apparel",True,False,False,False,88.97675736961452,62.23188405797101,30.696885599753305
MAT_0225,0.1304347826086956,0.0851063829787234,0.0,0.4910714285714286,0.3999999999999999,0.3333333333333333,"Low-Value Goods, Secondary Protection for Non-Fragile Items",False,False,True,False,35.44642857142857,50.57971014492754,19.770582793709522
MAT_0226,0.1304347826086956,0.0851063829787234,0.0,0.181547619047619,0.6666666666666667,0.3333333333333333,"Electronics, Medium-Value Goods, Retail Logistics",False,False,True,False,57.58928571428572,50.57971014492754,27.770582793709526
MAT_0227,0.0521739130434782,0.0425531914893617,0.9693877551020408,0.1488095238095238,0.977777777777778,0.1333333333333333,"E-commerce, Food & Beverage, Consumer Goods, Apparel",True,False,False,False,91.23866213151928,62.23188405797101,32.696885599753315
MAT_0228,0.0521739130434782,0.0425531914893617,0.9693877551020408,0.125,1.0,0.1333333333333333,"E-commerce, Food & Beverage, Consumer Goods, Apparel",True,False,False,False,92.98469387755102,62.23188405797101,33.36355226641998
MAT_0229,0.1304347826086956,0.0851063829787234,0.0,0.2678571428571428,0.7777777777777777,0.3333333333333333,"Industrial Components, Heavy Machinery, Automotive Parts",False,False,True,False,56.051587301587304,50.57971014492754,31.10391612704285
MAT_0230,1.0,1.0,0.0,0.9791666666666666,0.7333333333333334,1.0,"Heavy Industrial Components, High-Security Goods",False,False,False,True,19.375000000000004,30.0,92.0
MAT_0231,0.0521739130434782,0.0425531914893617,0.9693877551020408,0.1220238095238095,0.9333333333333332,0.1333333333333333,"E-commerce, Food & Beverage, Consumer Goods, Apparel",True,False,False,False,91.46683673469387,62.23188405797101,31.363552266419976
MAT_0232,0.0,0.0,1.0,0.0625,1.0,0.0,"Fragile Items, Cosmetics, Pharmaceuticals, Internal Component Protection",False,True,False,False,96.875,70.0,30.0
MAT_0233,0.1304347826086956,0.0851063829787234,0.0,0.2232142857142857,0.6444444444444444,0.3333333333333333,"Electronics, Medium-Value Goods, Retail Logistics",False,False,True,False,54.95039682539682,50.57971014492754,27.103916127042854
MAT_0234,0.1304347826086956,0.0851063829787234,0.0,0.5,0.1555555555555554,0.3333333333333333,"Low-Value Goods, Secondary Protection for Non-Fragile Items",False,False,True,False,28.888888888888886,50.57971014492754,12.437249460376187
MAT_0235,0.0521739130434782,0.0425531914893617,0.9693877551020408,0.1607142857142857,1.0,0.1333333333333333,"E-commerce, Food & Beverage, Consumer Goods, Apparel",True,False,False,False,91.19897959183673,62.23188405797101,33.36355226641998
MAT_0236,0.1304347826086956,0.0851063829787234,0.0,0.2499999999999999,0.6888888888888889,0.3333333333333333,"Industrial Components, Heavy Machinery, Automotive Parts",False,False,True,False,54.72222222222223,50.57971014492754,28.43724946037619
MAT_0237,0.0521739130434782,0.0425531914893617,0.9693877551020408,0.1398809523809523,0.9555555555555556,0.1333333333333333,"E-commerce, Food & Beverage, Consumer Goods, Apparel",True,False,False,False,91.12953514739229,62.23188405797101,32.030218933086644
MAT_0238,0.0521739130434782,0.0425531914893617,0.9693877551020408,0.1428571428571428,0.977777777777778,0.1333333333333333,"E-commerce, Food & Beverage, Consumer Goods, Apparel",True,False,False,False,91.53628117913833,62.23188405797101,32.696885599753315
MAT_0239,0.1304347826086956,0.0851063829787234,0.0,0.181547619047619,0.6444444444444444,0.3333333333333333,"Electronics, Medium-Value Goods, Retail Logistics",False,False,True,False,57.03373015873016,50.57971014492754,27.103916127042854
MAT_0240,0.1304347826086956,0.0851063829787234,0.0,0.2559523809523809,0.6888888888888889,0.3333333333333333,"Industrial Components, Heavy Machinery, Automotive Parts",False,False,True,False,54.42460317460318,50.57971014492754,28.43724946037619
MAT_0241,0.1304347826086956,0.0851063829787234,0.0,0.2589285714285714,0.7777777777777777,0.3333333333333333,"Industrial Components, Heavy Machinery, Automotive Parts",False,False,True,False,56.49801587301587,50.57971014492754,31.10391612704285
MAT_0242,0.0521739130434782,0.0425531914893617,0.9693877551020408,0.1398809523809523,1.0,0.1333333333333333,"E-commerce, Food & Beverage, Consumer Goods, Apparel",True,False,False,False,92.2406462585034,62.23188405797101,33.36355226641998
MAT_0243,0.0521739130434782,0.0425531914893617,0.9693877551020408,0.1428571428571428,0.9333333333333332,0.1333333333333333,"E-commerce, Food & Beverage, Consumer Goods, Apparel",True,False,False,False,90.4251700680272,62.23188405797101,31.363552266419976
MAT_0244,1.0,1.0,0.0,0.9732142857142856,0.8888888888888888,1.0,"Heavy Industrial Components, High-Security Goods",False,False,False,True,23.56150793650794,30.0,96.66666666666666
MAT_0245,0.0,0.0,1.0,0.0476190476190476,0.8666666666666667,0.0,"Fragile Items, Cosmetics, Pharmaceuticals, Internal Component Protection",False,True,False,False,94.28571428571429,70.0,26.0
MAT_0246,0.1304347826086956,0.0851063829787234,0.0,0.2499999999999999,0.7777777777777777,0.3333333333333333,"Industrial Components, Heavy Machinery, Automotive Parts",False,False,True,False,56.94444444444444,50.57971014492754,31.10391612704285
MAT_0247,0.1304347826086956,0.0851063829787234,0.0,0.2232142857142857,0.711111111111111,0.3333333333333333,"Electronics, Medium-Value Goods, Retail Logistics",False,False,True,False,56.617063492063494,50.57971014492754,29.103916127042854
MAT_0248,0.1304347826086956,0.0851063829787234,0.0,0.5178571428571428,0.3999999999999999,0.3333333333333333,"Low-Value Goods, Secondary Protection for Non-Fragile Items",False,False,True,False,34.10714285714286,50.57971014492754,19.770582793709522
MAT_0249,0.1304347826086956,0.0851063829787234,0.0,0.2678571428571428,0.8666666666666667,0.3333333333333333,"Industrial Components, Heavy Machinery, Automotive Parts",False,False,True,False,58.273809523809526,50.57971014492754,33.77058279370952
MAT_0250,1.0,1.0,0.0,0.943452380952381,0.9333333333333332,1.0,"Heavy Industrial Components, High-Security Goods",False,False,False,True,26.16071428571428,30.0,98.0
MAT_0251,0.0521739130434782,0.0425531914893617,0.9693877551020408,0.1220238095238095,0.9555555555555556,0.1333333333333333,"E-commerce, Food & Beverage, Consumer Goods, Apparel",True,False,False,False,92.02239229024943,62.23188405797101,32.030218933086644
MAT_0252,0.0,0.0,1.0,0.056547619047619,1.0,0.0,"Fragile Items, Cosmetics, Pharmaceuticals, Internal Component Protection",False,True,False,False,97.17261904761905,70.0,30.0
MAT_0253,0.1304347826086956,0.0851063829787234,0.0,0.2499999999999999,0.8222222222222224,0.3333333333333333,"Industrial Components, Heavy Machinery, Automotive Parts",False,False,True,False,58.05555555555557,50.57971014492754,32.437249460376194
MAT_0254,0.0521739130434782,0.0425531914893617,0.9693877551020408,0.1339285714285714,1.0,0.1333333333333333,"E-commerce, Food & Beverage, Consumer Goods, Apparel",True,False,False,False,92.53826530612244,62.23188405797101,33.36355226641998
MAT_0255,0.1304347826086956,0.0851063829787234,0.0,0.2232142857142857,0.7333333333333334,0.3333333333333333,"Industrial Components, Heavy Machinery, Automotive Parts",False,False,True,False,57.17261904761906,50.57971014492754,29.770582793709526
MAT_0256,0.1304347826086956,0.0851063829787234,0.0,0.1904761904761904,0.711111111111111,0.3333333333333333,"Electronics, Medium-Value Goods, Retail Logistics",False,False,True,False,58.253968253968246,50.57971014492754,29.103916127042854
MAT_0257,0.0521739130434782,0.0425531914893617,0.9693877551020408,0.125,0.9333333333333332,0.1333333333333333,"E-commerce, Food & Beverage, Consumer Goods, Apparel",True,False,False,False,91.31802721088434,62.23188405797101,31.363552266419976
MAT_0258,0.1304347826086956,0.0851063829787234,0.0,0.2678571428571428,0.7777777777777777,0.3333333333333333,"Industrial Components, Heavy Machinery, Automotive Parts",False,False,True,False,56.051587301587304,50.57971014492754,31.10391612704285
MAT_0259,0.0,0.0,1.0,0.0625,0.977777777777778,0.0,"Fragile Items, Cosmetics, Pharmaceuticals, Internal Component Protection",False,True,False,False,96.31944444444444,70.0,29.33333333333334
MAT_0260,0.0521739130434782,0.0425531914893617,0.9693877551020408,0.181547619047619,0.8666666666666667,0.1333333333333333,"E-commerce, Food & Beverage, Consumer Goods, Apparel",True,False,False,False,86.82397959183673,62.23188405797101,29.36355226641998
MAT_0261,0.1304347826086956,0.0851063829787234,0.0,0.5446428571428572,0.4666666666666665,0.3333333333333333,"Low-Value Goods, Secondary Protection for Non-Fragile Items",False,False,True,False,34.4345238095238,50.57971014492754,21.77058279370952
MAT_0262,0.1304347826086956,0.0851063829787234,0.0,0.2470238095238094,0.8888888888888888,0.3333333333333333,"Industrial Components, Heavy Machinery, Automotive Parts",False,False,True,False,59.87103174603175,50.57971014492754,34.437249460376194
MAT_0263,0.0521739130434782,0.0425531914893617,0.9693877551020408,0.1428571428571428,1.0,0.1333333333333333,"E-commerce, Food & Beverage, Consumer Goods, Apparel",True,False,False,False,92.09183673469387,62.23188405797101,33.36355226641998
MAT_0264,0.1304347826086956,0.0851063829787234,0.0,0.2232142857142857,0.6444444444444444,0.3333333333333333,"Electronics, Medium-Value Goods, Retail Logistics",False,False,True,False,54.95039682539682,50.57971014492754,27.103916127042854
MAT_0265,0.0,0.0,1.0,0.056547619047619,1.0,0.0,"Fragile Items, Cosmetics, Pharmaceuticals, Internal Component Protection",False,True,False,False,97.17261904761905,70.0,30.0
MAT_0266,0.0521739130434782,0.0425531914893617,0.9693877551020408,0.181547619047619,0.8666666666666667,0.1333333333333333,"E-commerce, Food & Beverage, Consumer Goods, Apparel",True,False,False,False,86.82397959183673,62.23188405797101,29.36355226641998
MAT_0267,0.1304347826086956,0.0851063829787234,0.0,0.181547619047619,0.5999999999999999,0.3333333333333333,"Electronics, Medium-Value Goods, Retail Logistics",False,False,True,False,55.92261904761904,50.57971014492754,25.770582793709522
MAT_0268,0.1304347826086956,0.0851063829787234,0.0,0.2678571428571428,0.7777777777777777,0.3333333333333333,"Industrial Components, Heavy Machinery, Automotive Parts",False,False,True,False,56.051587301587304,50.57971014492754,31.10391612704285
MAT_0269,1.0,1.0,0.0,0.9672619047619048,0.9333333333333332,1.0,"Heavy Industrial Components, High-Security Goods",False,False,False,True,24.97023809523809,30.0,98.0
MAT_0270,0.0521739130434782,0.0425531914893617,0.9693877551020408,0.1607142857142857,0.977777777777778,0.1333333333333333,"E-commerce, Food & Beverage, Consumer Goods, Apparel",True,False,False,False,90.64342403628119,62.23188405797101,32.696885599753315
MAT_0271,0.1304347826086956,0.0851063829787234,0.0,0.1994047619047619,0.8888888888888888,0.3333333333333333,"Electronics, Medium-Value Goods, Retail Logistics",False,False,True,False,62.25198412698413,50.57971014492754,34.437249460376194
MAT_0272,0.1304347826086956,0.0851063829787234,0.0,0.2499999999999999,0.8222222222222224,0.3333333333333333,"Industrial Components, Heavy Machinery, Automotive Parts",False,False,True,False,58.05555555555557,50.57971014492754,32.437249460376194
MAT_0273,0.0521739130434782,0.0425531914893617,0.9693877551020408,0.1220238095238095,0.9555555555555556,0.1333333333333333,"E-commerce, Food & Beverage, Consumer Goods, Apparel",True,False,False,False,92.02239229024943,62.23188405797101,32.030218933086644
MAT_0274,0.0521739130434782,0.0425531914893617,0.9693877551020408,0.1607142857142857,1.0,0.1333333333333333,"E-commerce, Food & Beverage, Consumer Goods, Apparel",True,False,False,False,91.19897959183673,62.23188405797101,33.36355226641998
MAT_0275,0.1304347826086956,0.0851063829787234,0.0,0.2232142857142857,0.711111111111111,0.3333333333333333,"Electronics, Medium-Value Goods, Retail Logistics",False,False,True,False,56.617063492063494,50.57971014492754,29.103916127042854
MAT_0276,0.1304347826086956,0.0851063829787234,0.0,0.2589285714285714,0.7333333333333334,0.3333333333333333,"Industrial Components, Heavy Machinery, Automotive Parts",False,False,True,False,55.386904761904766,50.57971014492754,29.770582793709526
MAT_0277,0.0521739130434782,0.0425531914893617,0.9693877551020408,0.125,1.0,0.1333333333333333,"E-commerce, Food & Beverage, Consumer Goods, Apparel",True,False,False,False,92.98469387755102,62.23188405797101,33.36355226641998
MAT_0278,0.1304347826086956,0.0851063829787234,0.0,0.2232142857142857,0.711111111111111,0.3333333333333333,"Electronics, Medium-Value Goods, Retail Logistics",False,False,True,False,56.617063492063494,50.57971014492754,29.103916127042854
MAT_0279,0.1304347826086956,0.0851063829787234,0.0,0.2589285714285714,0.8666666666666667,0.3333333333333333,"Industrial Components, Heavy Machinery, Automotive Parts",False,False,True,False,58.720238095238095,50.57971014492754,33.77058279370952
MAT_0280,1.0,1.0,0.0,1.0,0.911111111111111,1.0,"Heavy Industrial Components, High-Security Goods",False,False,False,True,22.777777777777775,30.0,97.33333333333331
MAT_0281,0.0521739130434782,0.0425531914893617,0.9693877551020408,0.1607142857142857,0.911111111111111,0.1333333333333333,"E-commerce, Food & Beverage, Consumer Goods, Apparel",True,False,False,False,88.97675736961452,62.23188405797101,30.696885599753305
MAT_0282,0.1304347826086956,0.0851063829787234,0.0,0.2648809523809524,0.7777777777777777,0.3333333333333333,"Industrial Components, Heavy Machinery, Automotive Parts",False,False,True,False,56.20039682539682,50.57971014492754,31.10391612704285
MAT_0283,0.0521739130434782,0.0425531914893617,0.9693877551020408,0.125,0.977777777777778,0.1333333333333333,"E-commerce, Food & Beverage, Consumer Goods, Apparel",True,False,False,False,92.42913832199547,62.23188405797101,32.696885599753315
MAT_0284,0.1304347826086956,0.0851063829787234,0.0,0.181547619047619,0.6666666666666667,0.3333333333333333,"Electronics, Medium-Value Goods, Retail Logistics",False,False,True,False,57.58928571428572,50.57971014492754,27.770582793709526
MAT_0285,0.0521739130434782,0.0425531914893617,0.9693877551020408,0.1607142857142857,0.9555555555555556,0.1333333333333333,"E-commerce, Food & Beverage, Consumer Goods, Apparel",True,False,False,False,90.08786848072563,62.23188405797101,32.030218933086644
MAT_0286,0.1304347826086956,0.0851063829787234,0.0,0.2410714285714286,0.8222222222222224,0.3333333333333333,"Industrial Components, Heavy Machinery, Automotive Parts",False,False,True,False,58.50198412698413,50.57971014492754,32.437249460376194
MAT_0287,0.0521739130434782,0.0425531914893617,0.9693877551020408,0.1220238095238095,0.9555555555555556,0.1333333333333333,"E-commerce, Food & Beverage, Consumer Goods, Apparel",True,False,False,False,92.02239229024943,62.23188405797101,32.030218933086644
MAT_0288,0.1304347826086956,0.0851063829787234,0.0,0.2083333333333333,0.7333333333333334,0.3333333333333333,"Electronics, Medium-Value Goods, Retail Logistics",False,False,True,False,57.91666666666667,50.57971014492754,29.770582793709526
MAT_0289,0.0521739130434782,0.0425531914893617,0.9693877551020408,0.181547619047619,1.0,0.1333333333333333,"E-commerce, Food & Beverage, Consumer Goods, Apparel",True,False,False,False,90.15731292517006,62.23188405797101,33.36355226641998
MAT_0290,0.1304347826086956,0.0851063829787234,0.0,0.2499999999999999,0.711111111111111,0.3333333333333333,"Industrial Components, Heavy Machinery, Automotive Parts",False,False,True,False,55.27777777777778,50.57971014492754,29.103916127042854
MAT_0291,0.1304347826086956,0.0851063829787234,0.0,0.2261904761904762,0.5999999999999999,0.3333333333333333,"Electronics, Medium-Value Goods, Retail Logistics",False,False,True,False,53.69047619047619,50.57971014492754,25.770582793709522
MAT_0292,0.0521739130434782,0.0425531914893617,0.9693877551020408,0.125,1.0,0.1333333333333333,"E-commerce, Food & Beverage, Consumer Goods, Apparel",True,False,False,False,92.98469387755102,62.23188405797101,33.36355226641998
MAT_0293,0.1304347826086956,0.0851063829787234,0.0,0.2619047619047618,0.7333333333333334,0.3333333333333333,"Industrial Components, Heavy Machinery, Automotive Parts",False,False,True,False,55.23809523809524,50.57971014492754,29.770582793709526
MAT_0294,0.0521739130434782,0.0425531914893617,0.9693877551020408,0.1428571428571428,0.9333333333333332,0.1333333333333333,"E-commerce, Food & Beverage, Consumer Goods, Apparel",True,False,False,False,90.4251700680272,62.23188405797101,31.363552266419976
MAT_0295,0.1304347826086956,0.0851063829787234,0.0,0.2291666666666666,0.711111111111111,0.3333333333333333,"Electronics, Medium-Value Goods, Retail Logistics",False,False,True,False,56.31944444444444,50.57971014492754,29.103916127042854
MAT_0296,0.1304347826086956,0.0851063829787234,0.0,0.2410714285714286,0.6666666666666667,0.3333333333333333,"Industrial Components, Heavy Machinery, Automotive Parts",False,False,True,False,54.613095238095234,50.57971014492754,27.770582793709526
MAT_0297,0.0521739130434782,0.0425531914893617,0.9693877551020408,0.125,0.977777777777778,0.1333333333333333,"E-commerce, Food & Beverage, Consumer Goods, Apparel",True,False,False,False,92.42913832199547,62.23188405797101,32.696885599753315
MAT_0298,0.1304347826086956,0.0851063829787234,0.0,0.181547619047619,0.8888888888888888,0.3333333333333333,"Electronics, Medium-Value Goods, Retail Logistics",False,False,True,False,63.144841269841265,50.57971014492754,34.437249460376194
MAT_0299,0.1304347826086956,0.0851063829787234,0.0,0.2678571428571428,0.6666666666666667,0.3333333333333333,"Industrial Components, Heavy Machinery, Automotive Parts",False,False,True,False,53.27380952380953,50.57971014492754,27.770582793709526
MAT_0300,0.0521739130434782,0.0425531914893617,0.9693877551020408,0.1369047619047619,0.977777777777778,0.1333333333333333,"E-commerce, Food & Beverage, Consumer Goods, Apparel",True,False,False,False,91.83390022675736,62.23188405797101,32.696885599753315
MAT_0301,0.1304347826086956,0.0851063829787234,0.0,0.2083333333333333,0.6666666666666667,0.3333333333333333,"Electronics, Medium-Value Goods, Retail Logistics",False,False,True,False,56.25,50.57971014492754,27.770582793709526
MAT_0302,0.1304347826086956,0.0851063829787234,0.0,0.2708333333333333,0.8888888888888888,0.3333333333333333,"Industrial Components, Heavy Machinery, Automotive Parts",False,False,True,False,58.68055555555556,50.57971014492754,34.437249460376194
MAT_0303,0.0521739130434782,0.0425531914893617,0.9693877551020408,0.1607142857142857,1.0,0.1333333333333333,"E-commerce, Food & Beverage, Consumer Goods, Apparel",True,False,False,False,91.19897959183673,62.23188405797101,33.36355226641998
MAT_0304,0.1304347826086956,0.0851063829787234,0.0,0.2053571428571428,0.5999999999999999,0.3333333333333333,"Electronics, Medium-Value Goods, Retail Logistics",False,False,True,False,54.732142857142854,50.57971014492754,25.770582793709522
MAT_0305,0.1304347826086956,0.0851063829787234,0.0,0.2499999999999999,0.7777777777777777,0.3333333333333333,"Industrial Components, Heavy Machinery, Automotive Parts",False,False,True,False,56.94444444444444,50.57971014492754,31.10391612704285
MAT_0306,0.0521739130434782,0.0425531914893617,0.9693877551020408,0.1220238095238095,1.0,0.1333333333333333,"E-commerce, Food & Beverage, Consumer Goods, Apparel",True,False,False,False,93.13350340136054,62.23188405797101,33.36355226641998
MAT_0307,0.1304347826086956,0.0851063829787234,0.0,0.1934523809523809,0.7333333333333334,0.3333333333333333,"Electronics, Medium-Value Goods, Retail Logistics",False,False,True,False,58.66071428571429,50.57971014492754,29.770582793709526
MAT_0308,0.1304347826086956,0.0851063829787234,0.0,0.2619047619047618,0.711111111111111,0.3333333333333333,"Industrial Components, Heavy Machinery, Automotive Parts",False,False,True,False,54.68253968253969,50.57971014492754,29.103916127042854
MAT_0309,0.0521739130434782,0.0425531914893617,0.9693877551020408,0.1428571428571428,1.0,0.1333333333333333,"E-commerce, Food & Beverage, Consumer Goods, Apparel",True,False,False,False,92.09183673469387,62.23188405797101,33.36355226641998
MAT_0310,0.1304347826086956,0.0851063829787234,0.0,0.2232142857142857,0.7777777777777777,0.3333333333333333,"Industrial Components, Heavy Machinery, Automotive Parts",False,False,True,False,58.283730158730165,50.57971014492754,31.10391612704285
MAT_0311,0.0521739130434782,0.0425531914893617,0.9693877551020408,0.1607142857142857,0.977777777777778,0.1333333333333333,"E-commerce, Food & Beverage, Consumer Goods, Apparel",True,False,False,False,90.64342403628119,62.23188405797101,32.696885599753315
MAT_0312,0.1304347826086956,0.0851063829787234,0.0,0.2589285714285714,0.6666666666666667,0.3333333333333333,"Industrial Components, Heavy Machinery, Automotive Parts",False,False,True,False,53.720238095238095,50.57971014492754,27.770582793709526
MAT_0313,0.0521739130434782,0.0425531914893617,0.9693877551020408,0.1398809523809523,1.0,0.1333333333333333,"E-commerce, Food & Beverage, Consumer Goods, Apparel",True,False,False,False,92.2406462585034,62.23188405797101,33.36355226641998
MAT_0314,0.1304347826086956,0.0851063829787234,0.0,0.2589285714285714,0.8888888888888888,0.3333333333333333,"Industrial Components, Heavy Machinery, Automotive Parts",False,False,True,False,59.27579365079365,50.57971014492754,34.437249460376194
MAT_0315,0.0521739130434782,0.0425531914893617,0.9693877551020408,0.125,0.9333333333333332,0.1333333333333333,"E-commerce, Food & Beverage, Consumer Goods, Apparel",True,False,False,False,91.31802721088434,62.23188405797101,31.363552266419976
MAT_0316,0.1304347826086956,0.0851063829787234,0.0,0.2678571428571428,0.7333333333333334,0.3333333333333333,"Industrial Components, Heavy Machinery, Automotive Parts",False,False,True,False,54.9404761904762,50.57971014492754,29.770582793709526
MAT_0317,0.0521739130434782,0.0425531914893617,0.9693877551020408,0.1428571428571428,0.977777777777778,0.1333333333333333,"E-commerce, Food & Beverage, Consumer Goods, Apparel",True,False,False,False,91.53628117913833,62.23188405797101,32.696885599753315
MAT_0318,0.1304347826086956,0.0851063829787234,0.0,0.2648809523809524,0.6666666666666667,0.3333333333333333,"Industrial Components, Heavy Machinery, Automotive Parts",False,False,True,False,53.422619047619044,50.57971014492754,27.770582793709526
MAT_0319,0.0521739130434782,0.0425531914893617,0.9693877551020408,0.1398809523809523,0.9555555555555556,0.1333333333333333,"E-commerce, Food & Beverage, Consumer Goods, Apparel",True,False,False,False,91.12953514739229,62.23188405797101,32.030218933086644
MAT_0320,0.1304347826086956,0.0851063829787234,0.0,0.2499999999999999,0.7777777777777777,0.3333333333333333,"Industrial Components, Heavy Machinery, Automotive Parts",False,False,True,False,56.94444444444444,50.57971014492754,31.10391612704285
MAT_0321,0.0521739130434782,0.0425531914893617,0.9693877551020408,0.1607142857142857,0.911111111111111,0.1333333333333333,"E-commerce, Food & Beverage, Consumer Goods, Apparel",True,False,False,False,88.97675736961452,62.23188405797101,30.696885599753305
MAT_0322,0.1304347826086956,0.0851063829787234,0.0,0.2499999999999999,0.8222222222222224,0.3333333333333333,"Industrial Components, Heavy Machinery, Automotive Parts",False,False,True,False,58.05555555555557,50.57971014492754,32.437249460376194
MAT_0323,0.0521739130434782,0.0425531914893617,0.9693877551020408,0.181547619047619,1.0,0.1333333333333333,"E-commerce, Food & Beverage, Consumer Goods, Apparel",True,False,False,False,90.15731292517006,62.23188405797101,33.36355226641998
MAT_0324,0.1304347826086956,0.0851063829787234,0.0,0.2232142857142857,0.7333333333333334,0.3333333333333333,"Industrial Components, Heavy Machinery, Automotive Parts",False,False,True,False,57.17261904761906,50.57971014492754,29.770582793709526
MAT_0325,0.0521739130434782,0.0425531914893617,0.9693877551020408,0.1428571428571428,0.977777777777778,0.1333333333333333,"E-commerce, Food & Beverage, Consumer Goods, Apparel",True,False,False,False,91.53628117913833,62.23188405797101,32.696885599753315
MAT_0326,0.1304347826086956,0.0851063829787234,0.0,0.2678571428571428,0.7777777777777777,0.3333333333333333,"Industrial Components, Heavy Machinery, Automotive Parts",False,False,True,False,56.051587301587304,50.57971014492754,31.10391612704285
MAT_0327,0.0521739130434782,0.0425531914893617,0.9693877551020408,0.181547619047619,0.8666666666666667,0.1333333333333333,"E-commerce, Food & Beverage, Consumer Goods, Apparel",True,False,False,False,86.82397959183673,62.23188405797101,29.36355226641998
MAT_0328,0.1304347826086956,0.0851063829787234,0.0,0.2410714285714286,0.6666666666666667,0.3333333333333333,"Industrial Components, Heavy Machinery, Automotive Parts",False,False,True,False,54.613095238095234,50.57971014492754,27.770582793709526
MAT_0329,0.0521739130434782,0.0425531914893617,0.9693877551020408,0.1428571428571428,0.9333333333333332,0.1333333333333333,"E-commerce, Food & Beverage, Consumer Goods, Apparel",True,False,False,False,90.4251700680272,62.23188405797101,31.363552266419976
MAT_0330,0.1304347826086956,0.0851063829787234,0.0,0.2499999999999999,0.7333333333333334,0.3333333333333333,"Industrial Components, Heavy Machinery, Automotive Parts",False,False,True,False,55.833333333333336,50.57971014492754,29.770582793709526
MAT_0331,0.0521739130434782,0.0425531914893617,0.9693877551020408,0.125,0.977777777777778,0.1333333333333333,"E-commerce, Food & Beverage, Consumer Goods, Apparel",True,False,False,False,92.42913832199547,62.23188405797101,32.696885599753315
MAT_0332,0.1304347826086956,0.0851063829787234,0.0,0.2678571428571428,0.8888888888888888,0.3333333333333333,"Industrial Components, Heavy Machinery, Automotive Parts",False,False,True,False,58.82936507936508,50.57971014492754,34.437249460376194
MAT_0333,0.0521739130434782,0.0425531914893617,0.9693877551020408,0.1220238095238095,0.9555555555555556,0.1333333333333333,"E-commerce, Food & Beverage, Consumer Goods, Apparel",True,False,False,False,92.02239229024943,62.23188405797101,32.030218933086644
MAT_0334,0.1304347826086956,0.0851063829787234,0.0,0.2499999999999999,0.7333333333333334,0.3333333333333333,"Industrial Components, Heavy Machinery, Automotive Parts",False,False,True,False,55.833333333333336,50.57971014492754,29.770582793709526
MAT_0335,0.0521739130434782,0.0425531914893617,0.9693877551020408,0.1369047619047619,0.911111111111111,0.1333333333333333,"E-commerce, Food & Beverage, Consumer Goods, Apparel",True,False,False,False,90.1672335600907,62.23188405797101,30.696885599753305
MAT_0336,0.1304347826086956,0.0851063829787234,0.0,0.2648809523809524,0.7777777777777777,0.3333333333333333,"Industrial Components, Heavy Machinery, Automotive Parts",False,False,True,False,56.20039682539682,50.57971014492754,31.10391612704285
MAT_0337,0.0521739130434782,0.0425531914893617,0.9693877551020408,0.1339285714285714,1.0,0.1333333333333333,"E-commerce, Food & Beverage, Consumer Goods, Apparel",True,False,False,False,92.53826530612244,62.23188405797101,33.36355226641998
MAT_0338,0.1304347826086956,0.0851063829787234,0.0,0.2589285714285714,0.8666666666666667,0.3333333333333333,"Industrial Components, Heavy Machinery, Automotive Parts",False,False,True,False,58.720238095238095,50.57971014492754,33.77058279370952
MAT_0339,0.0521739130434782,0.0425531914893617,0.9693877551020408,0.1607142857142857,0.8666666666666667,0.1333333333333333,"E-commerce, Food & Beverage, Consumer Goods, Apparel",True,False,False,False,87.8656462585034,62.23188405797101,29.36355226641998
MAT_0340,0.1304347826086956,0.0851063829787234,0.0,0.2589285714285714,0.6666666666666667,0.3333333333333333,"Industrial Components, Heavy Machinery, Automotive Parts",False,False,True,False,53.720238095238095,50.57971014492754,27.770582793709526
MAT_0341,0.0521739130434782,0.0425531914893617,0.9693877551020408,0.1428571428571428,0.9333333333333332,0.1333333333333333,"E-commerce, Food & Beverage, Consumer Goods, Apparel",True,False,False,False,90.4251700680272,62.23188405797101,31.363552266419976
MAT_0342,0.1304347826086956,0.0851063829787234,0.0,0.2678571428571428,0.8222222222222224,0.3333333333333333,"Industrial Components, Heavy Machinery, Automotive Parts",False,False,True,False,57.16269841269842,50.57971014492754,32.437249460376194
MAT_0343,0.0521739130434782,0.0425531914893617,0.9693877551020408,0.1398809523809523,0.977777777777778,0.1333333333333333,"E-commerce, Food & Beverage, Consumer Goods, Apparel",True,False,False,False,91.68509070294785,62.23188405797101,32.696885599753315
MAT_0344,0.1304347826086956,0.0851063829787234,0.0,0.2499999999999999,0.7333333333333334,0.3333333333333333,"Industrial Components, Heavy Machinery, Automotive Parts",False,False,True,False,55.833333333333336,50.57971014492754,29.770582793709526
MAT_0345,0.0521739130434782,0.0425531914893617,0.9693877551020408,0.1369047619047619,0.911111111111111,0.1333333333333333,"E-commerce, Food & Beverage, Consumer Goods, Apparel",True,False,False,False,90.1672335600907,62.23188405797101,30.696885599753305
MAT_0346,0.1304347826086956,0.0851063829787234,0.0,0.2619047619047618,0.7777777777777777,0.3333333333333333,"Industrial Components, Heavy Machinery, Automotive Parts",False,False,True,False,56.34920634920635,50.57971014492754,31.10391612704285
MAT_0347,0.0521739130434782,0.0425531914893617,0.9693877551020408,0.1220238095238095,1.0,0.1333333333333333,"E-commerce, Food & Beverage, Consumer Goods, Apparel",True,False,False,False,93.13350340136054,62.23188405797101,33.36355226641998
MAT_0348,0.1304347826086956,0.0851063829787234,0.0,0.2470238095238094,0.8888888888888888,0.3333333333333333,"Industrial Components, Heavy Machinery, Automotive Parts",False,False,True,False,59.87103174603175,50.57971014492754,34.437249460376194
MAT_0349,0.0521739130434782,0.0425531914893617,0.9693877551020408,0.1607142857142857,0.9555555555555556,0.1333333333333333,"E-commerce, Food & Beverage, Consumer Goods, Apparel",True,False,False,False,90.08786848072563,62.23188405797101,32.030218933086644
MAT_0350,0.1304347826086956,0.0851063829787234,0.0,0.2499999999999999,0.7777777777777777,0.3333333333333333,"Industrial Components, Heavy Machinery, Automotive Parts",False,False,True,False,56.94444444444444,50.57971014492754,31.10391612704285
MAT_0351,0.0521739130434782,0.0425531914893617,0.9693877551020408,0.181547619047619,1.0,0.1333333333333333,"E-commerce, Food & Beverage, Consumer Goods, Apparel",True,False,False,False,90.15731292517006,62.23188405797101,33.36355226641998
MAT_0352,0.1304347826086956,0.0851063829787234,0.0,0.2678571428571428,0.7333333333333334,0.3333333333333333,"Industrial Components, Heavy Machinery, Automotive Parts",False,False,True,False,54.9404761904762,50.57971014492754,29.770582793709526
MAT_0353,0.0521739130434782,0.0425531914893617,0.9693877551020408,0.125,0.977777777777778,0.1333333333333333,"E-commerce, Food & Beverage, Consumer Goods, Apparel",True,False,False,False,92.42913832199547,62.23188405797101,32.696885599753315
MAT_0354,0.1304347826086956,0.0851063829787234,0.0,0.2589285714285714,0.6666666666666667,0.3333333333333333,"Industrial Components, Heavy Machinery, Automotive Parts",False,False,True,False,53.720238095238095,50.57971014492754,27.770582793709526
MAT_0355,0.0521739130434782,0.0425531914893617,0.9693877551020408,0.125,1.0,0.1333333333333333,"E-commerce, Food & Beverage, Consumer Goods, Apparel",True,False,False,False,92.98469387755102,62.23188405797101,33.36355226641998
MAT_0356,0.1304347826086956,0.0851063829787234,0.0,0.2232142857142857,0.711111111111111,0.3333333333333333,"Industrial Components, Heavy Machinery, Automotive Parts",False,False,True,False,56.617063492063494,50.57971014492754,29.103916127042854
MAT_0357,0.0521739130434782,0.0425531914893617,0.9693877551020408,0.1220238095238095,0.9333333333333332,0.1333333333333333,"E-commerce, Food & Beverage, Consumer Goods, Apparel",True,False,False,False,91.46683673469387,62.23188405797101,31.363552266419976
MAT_0358,0.1304347826086956,0.0851063829787234,0.0,0.2708333333333333,0.8222222222222224,0.3333333333333333,"Industrial Components, Heavy Machinery, Automotive Parts",False,False,True,False,57.0138888888889,50.57971014492754,32.437249460376194
MAT_0359,0.0521739130434782,0.0425531914893617,0.9693877551020408,0.1607142857142857,0.911111111111111,0.1333333333333333,"E-commerce, Food & Beverage, Consumer Goods, Apparel",True,False,False,False,88.97675736961452,62.23188405797101,30.696885599753305
MAT_0360,0.1304347826086956,0.0851063829787234,0.0,0.2499999999999999,0.7777777777777777,0.3333333333333333,"Industrial Components, Heavy Machinery, Automotive Parts",False,False,True,False,56.94444444444444,50.57971014492754,31.10391612704285
MAT_0361,0.0521739130434782,0.0425531914893617,0.9693877551020408,0.1398809523809523,1.0,0.1333333333333333,"E-commerce, Food & Beverage, Consumer Goods, Apparel",True,False,False,False,92.2406462585034,62.23188405797101,33.36355226641998
MAT_0362,0.1304347826086956,0.0851063829787234,0.0,0.2678571428571428,0.8888888888888888,0.3333333333333333,"Industrial Components, Heavy Machinery, Automotive Parts",False,False,True,False,58.82936507936508,50.57971014492754,34.437249460376194
MAT_0363,0.0521739130434782,0.0425531914893617,0.9693877551020408,0.181547619047619,0.9555555555555556,0.1333333333333333,"E-commerce, Food & Beverage, Consumer Goods, Apparel",True,False,False,False,89.04620181405896,62.23188405797101,32.030218933086644
MAT_0364,0.1304347826086956,0.0851063829787234,0.0,0.2648809523809524,0.7777777777777777,0.3333333333333333,"Industrial Components, Heavy Machinery, Automotive Parts",False,False,True,False,56.20039682539682,50.57971014492754,31.10391612704285
MAT_0365,0.0521739130434782,0.0425531914893617,0.9693877551020408,0.1339285714285714,1.0,0.1333333333333333,"E-commerce, Food & Beverage, Consumer Goods, Apparel",True,False,False,False,92.53826530612244,62.23188405797101,33.36355226641998
MAT_0366,0.1304347826086956,0.0851063829787234,0.0,0.244047619047619,0.7333333333333334,0.3333333333333333,"Industrial Components, Heavy Machinery, Automotive Parts",False,False,True,False,56.13095238095238,50.57971014492754,29.770582793709526
MAT_0367,0.0521739130434782,0.0425531914893617,0.9693877551020408,0.1458333333333333,0.977777777777778,0.1333333333333333,"E-commerce, Food & Beverage, Consumer Goods, Apparel",True,False,False,False,91.3874716553288,62.23188405797101,32.696885599753315
MAT_0368,0.1304347826086956,0.0851063829787234,0.0,0.2410714285714286,0.6666666666666667,0.3333333333333333,"Industrial Components, Heavy Machinery, Automotive Parts",False,False,True,False,54.613095238095234,50.57971014492754,27.770582793709526
MAT_0369,0.0521739130434782,0.0425531914893617,0.9693877551020408,0.125,1.0,0.1333333333333333,"E-commerce, Food & Beverage, Consumer Goods, Apparel",True,False,False,False,92.98469387755102,62.23188405797101,33.36355226641998
MAT_0370,0.1304347826086956,0.0851063829787234,0.0,0.2499999999999999,0.711111111111111,0.3333333333333333,"Industrial Components, Heavy Machinery, Automotive Parts",False,False,True,False,55.27777777777778,50.57971014492754,29.103916127042854
MAT_0371,0.0521739130434782,0.0425531914893617,0.9693877551020408,0.1428571428571428,0.9333333333333332,0.1333333333333333,"E-commerce, Food & Beverage, Consumer Goods, Apparel",True,False,False,False,90.4251700680272,62.23188405797101,31.363552266419976
MAT_0372,0.1304347826086956,0.0851063829787234,0.0,0.2499999999999999,0.8222222222222224,0.3333333333333333,"Industrial Components, Heavy Machinery, Automotive Parts",False,False,True,False,58.05555555555557,50.57971014492754,32.437249460376194
MAT_0373,0.0521739130434782,0.0425531914893617,0.9693877551020408,0.1369047619047619,0.911111111111111,0.1333333333333333,"E-commerce, Food & Beverage, Consumer Goods, Apparel",True,False,False,False,90.1672335600907,62.23188405797101,30.696885599753305
MAT_0374,0.1304347826086956,0.0851063829787234,0.0,0.2619047619047618,0.7777777777777777,0.3333333333333333,"Industrial Components, Heavy Machinery, Automotive Parts",False,False,True,False,56.34920634920635,50.57971014492754,31.10391612704285
MAT_0375,0.0521739130434782,0.0425531914893617,0.9693877551020408,0.1220238095238095,0.9555555555555556,0.1333333333333333,"E-commerce, Food & Beverage, Consumer Goods, Apparel",True,False,False,False,92.02239229024943,62.23188405797101,32.030218933086644
MAT_0376,0.1304347826086956,0.0851063829787234,0.0,0.2678571428571428,0.8888888888888888,0.3333333333333333,"Industrial Components, Heavy Machinery, Automotive Parts",False,False,True,False,58.82936507936508,50.57971014492754,34.437249460376194
MAT_0377,0.0521739130434782,0.0425531914893617,0.9693877551020408,0.181547619047619,0.8666666666666667,0.1333333333333333,"E-commerce, Food & Beverage, Consumer Goods, Apparel",True,False,False,False,86.82397959183673,62.23188405797101,29.36355226641998
MAT_0378,0.1304347826086956,0.0851063829787234,0.0,0.2648809523809524,0.7777777777777777,0.3333333333333333,"Industrial Components, Heavy Machinery, Automotive Parts",False,False,True,False,56.20039682539682,50.57971014492754,31.10391612704285
MAT_0379,0.0521739130434782,0.0425531914893617,0.9693877551020408,0.1339285714285714,1.0,0.1333333333333333,"E-commerce, Food & Beverage, Consumer Goods, Apparel",True,False,False,False,92.53826530612244,62.23188405797101,33.36355226641998
MAT_0380,0.1304347826086956,0.0851063829787234,0.0,0.244047619047619,0.7333333333333334,0.3333333333333333,"Industrial Components, Heavy Machinery, Automotive Parts",False,False,True,False,56.13095238095238,50.57971014492754,29.770582793709526
MAT_0381,0.0521739130434782,0.0425531914893617,0.9693877551020408,0.1458333333333333,0.977777777777778,0.1333333333333333,"E-commerce, Food & Beverage, Consumer Goods, Apparel",True,False,False,False,91.3874716553288,62.23188405797101,32.696885599753315
MAT_0382,0.1304347826086956,0.0851063829787234,0.0,0.2410714285714286,0.6666666666666667,0.3333333333333333,"Industrial Components, Heavy Machinery, Automotive Parts",False,False,True,False,54.613095238095234,50.57971014492754,27.770582793709526
MAT_0383,0.0521739130434782,0.0425531914893617,0.9693877551020408,0.125,1.0,0.1333333333333333,"E-commerce, Food & Beverage, Consumer Goods, Apparel",True,False,False,False,92.98469387755102,62.23188405797101,33.36355226641998
MAT_0384,0.1304347826086956,0.0851063829787234,0.0,0.2232142857142857,0.711111111111111,0.3333333333333333,"Industrial Components, Heavy Machinery, Automotive Parts",False,False,True,False,56.617063492063494,50.57971014492754,29.103916127042854
MAT_0385,0.0521739130434782,0.0425531914893617,0.9693877551020408,0.1220238095238095,0.9333333333333332,0.1333333333333333,"E-commerce, Food & Beverage, Consumer Goods, Apparel",True,False,False,False,91.46683673469387,62.23188405797101,31.363552266419976
MAT_0386,0.1304347826086956,0.0851063829787234,0.0,0.2708333333333333,0.8222222222222224,0.3333333333333333,"Industrial Components, Heavy Machinery, Automotive Parts",False,False,True,False,57.0138888888889,50.57971014492754,32.437249460376194
MAT_0387,0.0521739130434782,0.0425531914893617,0.9693877551020408,0.1607142857142857,0.911111111111111,0.1333333333333333,"E-commerce, Food & Beverage, Consumer Goods, Apparel",True,False,False,False,88.97675736961452,62.23188405797101,30.696885599753305
MAT_0388,0.1304347826086956,0.0851063829787234,0.0,0.2499999999999999,0.7777777777777777,0.3333333333333333,"Industrial Components, Heavy Machinery, Automotive Parts",False,False,True,False,56.94444444444444,50.57971014492754,31.10391612704285
MAT_0389,0.0521739130434782,0.0425531914893617,0.9693877551020408,0.1398809523809523,0.9555555555555556,0.1333333333333333,"E-commerce, Food & Beverage, Consumer Goods, Apparel",True,False,False,False,91.12953514739229,62.23188405797101,32.030218933086644
MAT_0390,0.1304347826086956,0.0851063829787234,0.0,0.2470238095238094,0.8888888888888888,0.3333333333333333,"Industrial Components, Heavy Machinery, Automotive Parts",False,False,True,False,59.87103174603175,50.57971014492754,34.437249460376194
MAT_0391,0.0521739130434782,0.0425531914893617,0.9693877551020408,0.181547619047619,0.8666666666666667,0.1333333333333333,"E-commerce, Food & Beverage, Consumer Goods, Apparel",True,False,False,False,86.82397959183673,62.23188405797101,29.36355226641998
MAT_0392,0.1304347826086956,0.0851063829787234,0.0,0.2648809523809524,0.7777777777777777,0.3333333333333333,"Industrial Components, Heavy Machinery, Automotive Parts",False,False,True,False,56.20039682539682,50.57971014492754,31.10391612704285
MAT_0393,0.0521739130434782,0.0425531914893617,0.9693877551020408,0.1339285714285714,1.0,0.1333333333333333,"E-commerce, Food & Beverage, Consumer Goods, Apparel",True,False,False,False,92.53826530612244,62.23188405797101,33.36355226641998
MAT_0394,0.1304347826086956,0.0851063829787234,0.0,0.244047619047619,0.7333333333333334,0.3333333333333333,"Industrial Components, Heavy Machinery, Automotive Parts",False,False,True,False,56.13095238095238,50.57971014492754,29.770582793709526
MAT_0395,0.0521739130434782,0.0425531914893617,0.9693877551020408,0.1428571428571428,0.977777777777778,0.1333333333333333,"E-commerce, Food & Beverage, Consumer Goods, Apparel",True,False,False,False,91.53628117913833,62.23188405797101,32.696885599753315
MAT_0396,0.1304347826086956,0.0851063829787234,0.0,0.2589285714285714,0.6666666666666667,0.3333333333333333,"Industrial Components, Heavy Machinery, Automotive Parts",False,False,True,False,53.720238095238095,50.57971014492754,27.770582793709526
MAT_0397,0.0521739130434782,0.0425531914893617,0.9693877551020408,0.125,1.0,0.1333333333333333,"E-commerce, Food & Beverage, Consumer Goods, Apparel",True,False,False,False,92.98469387755102,62.23188405797101,33.36355226641998
MAT_0398,0.1304347826086956,0.0851063829787234,0.0,0.2499999999999999,0.711111111111111,0.3333333333333333,"Industrial Components, Heavy Machinery, Automotive Parts",False,False,True,False,55.27777777777778,50.57971014492754,29.103916127042854
MAT_0399,0.0521739130434782,0.0425531914893617,0.9693877551020408,0.1428571428571428,0.9333333333333332,0.1333333333333333,"E-commerce, Food & Beverage, Consumer Goods, Apparel",True,False,False,False,90.4251700680272,62.23188405797101,31.363552266419976
MAT_0400,0.1304347826086956,0.0851063829787234,0.0,0.2499999999999999,0.8222222222222224,0.3333333333333333,"Industrial Components, Heavy Machinery, Automotive Parts",False,False,True,False,58.05555555555557,50.57971014492754,32.437249460376194
MAT_0401,0.0521739130434782,0.0425531914893617,0.9693877551020408,0.1369047619047619,0.911111111111111,0.1333333333333333,"E-commerce, Food & Beverage, Consumer Goods, Apparel",True,False,False,False,90.1672335600907,62.23188405797101,30.696885599753305
MAT_0402,0.1304347826086956,0.0851063829787234,0.0,0.2619047619047618,0.7777777777777777,0.3333333333333333,"Industrial Components, Heavy Machinery, Automotive Parts",False,False,True,False,56.34920634920635,50.57971014492754,31.10391612704285
MAT_0403,0.0521739130434782,0.0425531914893617,0.9693877551020408,0.1220238095238095,0.9555555555555556,0.1333333333333333,"E-commerce, Food & Beverage, Consumer Goods, Apparel",True,False,False,False,92.02239229024943,62.23188405797101,32.030218933086644
MAT_0404,0.1304347826086956,0.0851063829787234,0.0,0.2609447004608294,0.8888888888888888,0.3333333333333333,"Industrial Components, Heavy Machinery, Automotive Parts",False,False,True,False,59.17498719918075,50.57971014492754,34.437249460376194
