material_type,moisture_resistance_score,thermal_resistance_score,Load Handling Score,CO2 Emission per kg (estimated),Biodegradation Time (days),Reusability (%),Recyclability Category,supplier_sustainability_compliance_pct,Waste Reduction Impact (%),Sustainability Target Progress (%),Cost per Unit (USD),Annual Usage (units),Total Material Weight (tons),CII,CEI,MSS
Cardboard,5.0,4.0,6.0,0.54,188.0,49.0,High,85.0,61.0,88.0,2.24,101260.0,790.0,47.147206808381995,8.6356351981352,43.24324324324325
Paper/Bio-Based,3.0,3.0,3.0,0.32,65.0,31.0,High,88.0,68.0,98.0,1.82,73961.0,545.0,86.19269649811591,10.816747355208895,33.933933933933936
Steel,9.0,9.0,8.0,3.25,180208.0,100.0,High,88.0,85.0,79.0,25.0,14649.0,4979.0,0.0,0.031002331002330963,96.3963963963964
Paper/Bio-Based,1.0,4.0,1.0,0.31,65.0,31.0,High,81.0,69.0,87.0,2.43,75036.0,656.0,89.26002466728255,7.896630118852341,33.63363363363364
Paper/Bio-Based,2.0,3.0,3.0,0.31,122.0,28.0,High,81.0,61.0,89.0,1.69,69209.0,549.0,89.04131217800466,11.711562599136565,27.02702702702703
Plastic,8.0,6.0,8.0,1.41,52407.0,87.0,Medium,97.0,78.0,81.0,12.45,56902.0,1222.0,12.218050079755727,0.8846575111635353,80.78078078078079
Steel,10.0,8.0,8.0,3.01,147359.0,93.0,High,94.0,84.0,83.0,25.48,23428.0,5016.0,0.746543635382416,0.015049053510591937,91.5915915915916
Steel,10.0,9.0,8.0,3.2,161066.0,96.0,High,88.0,84.0,72.0,25.61,21463.0,4932.0,0.14630802578340862,0.010831287676270063,94.2942942942943
Steel,10.0,8.0,8.0,3.0,115102.0,91.0,High,87.0,86.0,76.0,25.17,22087.0,4952.0,0.7802979543050839,0.02528262361397038,91.5915915915916
Paper/Bio-Based,1.0,3.0,1.0,0.29,31.0,34.0,High,79.0,63.0,92.0,2.29,72042.0,549.0,96.54272417267705,8.429270874685724,30.930930930930934
Cardboard,5.0,4.0,5.0,0.54,196.0,50.0,High,92.0,65.0,92.0,3.48,96598.0,746.0,47.140600665212624,5.267864319588458,46.24624624624625
Steel,9.0,8.0,8.0,3.23,75709.0,97.0,High,88.0,85.0,76.0,24.43,23521.0,5092.0,0.058204756030502125,0.05076108227970688,93.69369369369369
Plastic,9.0,6.0,7.0,1.59,70881.0,7.0,Medium,68.0,25.0,56.0,0.9,32265.0,164.0,9.774872223137088,22.707847707847712,1.8018018018018012
Paper/Bio-Based,3.0,4.0,3.0,0.33,145.0,33.0,High,80.0,70.0,93.0,2.34,74773.0,548.0,83.05299309233521,8.23172553941785,37.23723723723723
Plastic,9.0,6.0,8.0,1.58,73043.0,82.0,Medium,91.0,77.0,81.0,12.56,57353.0,1271.0,9.895980030481223,0.8697645242231229,78.07807807807811
Cardboard,5.0,3.0,5.0,0.49,355.0,47.0,High,91.0,61.0,90.0,3.05,102073.0,901.0,52.82085995929529,6.125568420650389,41.14114114114114
Plastic,7.0,8.0,8.0,1.39,72362.0,9.0,Medium,73.0,28.0,58.0,1.07,30307.0,277.0,12.528394538821768,18.97043766202645,4.804804804804803
Plastic,9.0,8.0,7.0,1.46,38310.0,12.0,Medium,76.0,32.0,66.0,1.49,27635.0,268.0,11.479220313009723,13.393094601148295,10.810810810810814
Plastic,9.0,6.0,8.0,1.47,58200.0,94.0,Medium,87.0,70.0,78.0,12.14,59878.0,1046.0,11.337173199113405,0.9280807056754337,81.08108108108107
Cardboard,4.0,5.0,5.0,0.53,218.0,53.0,High,83.0,56.0,88.0,3.44,98966.0,991.0,48.188102755856505,5.338605193256356,42.64264264264265
Paper/Bio-Based,1.0,4.0,3.0,0.33,62.0,34.0,High,76.0,69.0,100.0,1.76,71711.0,667.0,83.33391804465614,11.213313201949568,35.435435435435444
Plastic,9.0,7.0,8.0,1.36,36417.0,90.0,Medium,93.0,77.0,85.0,14.36,45723.0,1029.0,13.011689854678345,0.658475693294635,83.7837837837838
Cardboard,5.0,3.0,4.0,0.47,211.0,44.0,High,93.0,62.0,89.0,3.77,98647.0,753.0,55.52181288078052,4.799886232246976,39.939939939939954
Plastic,7.0,7.0,8.0,1.35,15440.0,89.0,Medium,91.0,74.0,84.0,12.18,63839.0,1020.0,13.178554310312105,0.9223535085604051,79.57957957957959
Plastic,9.0,8.0,7.0,1.61,53377.0,16.0,Medium,63.0,31.0,59.0,1.07,31171.0,145.0,9.53728577870563,18.97043766202645,12.612612612612615
Paper/Bio-Based,2.0,3.0,3.0,0.3,81.0,31.0,High,86.0,66.0,99.0,2.74,75019.0,595.0,92.43937294288173,6.910911472955268,31.831831831831842
Cardboard,4.0,3.0,6.0,0.49,96.0,50.0,High,85.0,55.0,83.0,3.14,98658.0,722.0,53.05210482192664,5.926610544444939,38.438438438438446
Plastic,7.0,7.0,9.0,1.52,42997.0,99.0,Medium,86.0,80.0,82.0,14.94,48860.0,978.0,10.656461722448775,0.6012394566611434,89.1891891891892
Plastic,7.0,7.0,8.0,1.55,33532.0,97.0,Medium,97.0,79.0,91.0,14.4,51174.0,959.0,10.2692094969264,0.654380341880342,87.3873873873874
Steel,9.0,10.0,9.0,2.71,63481.0,96.0,High,88.0,85.0,73.0,25.65,24816.0,5014.0,1.8658868052743873,0.009542114805272783,94.89489489489492
Steel,9.0,9.0,8.0,2.98,134415.0,100.0,High,92.0,84.0,72.0,25.95,19847.0,4946.0,0.8483313255966234,0.0,95.79579579579581
Plastic,9.0,7.0,7.0,1.38,40345.0,88.0,Medium,98.0,75.0,79.0,11.82,61482.0,1158.0,12.687355570997049,0.9752937417912038,81.3813813813814
Cardboard,3.0,3.0,6.0,0.49,265.0,45.0,High,90.0,64.0,95.0,2.66,100071.0,782.0,52.849969824715785,7.143295301190038,39.939939939939954
Cardboard,3.0,5.0,5.0,0.52,192.0,51.0,High,92.0,61.0,87.0,2.83,96726.0,713.0,49.31106394261601,6.665184050343061,43.54354354354356
Plastic,9.0,8.0,8.0,1.37,49088.0,10.0,Medium,66.0,27.0,62.0,1.27,29882.0,224.0,12.848164305475091,15.854486720628454,6.606606606606604
Plastic,8.0,8.0,8.0,1.64,93365.0,13.0,Medium,72.0,32.0,54.0,2.18,28979.0,309.0,9.1913224676119,8.89576784072197,10.510510510510514
Plastic,9.0,7.0,9.0,1.45,89889.0,12.0,Medium,70.0,32.0,61.0,1.21,29800.0,153.0,11.622495765462538,16.681115028222468,9.909909909909913
Steel,9.0,9.0,9.0,2.92,72041.0,98.0,High,86.0,89.0,72.0,24.34,23233.0,4984.0,1.0583362911612006,0.05396548124567846,97.5975975975976
Cardboard,5.0,5.0,4.0,0.55,256.0,51.0,High,83.0,59.0,96.0,3.31,102546.0,957.0,46.079707003377365,5.580320988175973,44.14414414414414
Cardboard,5.0,3.0,4.0,0.49,352.0,50.0,High,86.0,65.0,91.0,2.59,97310.0,846.0,52.82159046254685,7.35840735840736,45.34534534534534
Plastic,7.0,7.0,7.0,1.39,13499.0,95.0,Medium,97.0,81.0,88.0,14.96,50168.0,1012.0,12.530228128470714,0.5993449509492288,87.38738738738738
Steel,10.0,10.0,9.0,2.85,65795.0,100.0,High,80.0,88.0,79.0,24.67,20183.0,4942.0,1.3143187905305567,0.04233032202225551,100.0
Paper/Bio-Based,3.0,2.0,1.0,0.31,157.0,33.0,High,75.0,63.0,91.0,1.75,71864.0,550.0,88.98571145020188,11.282051282051283,31.23123123123124
Steel,9.0,10.0,9.0,2.97,169695.0,97.0,High,85.0,83.0,71.0,24.23,19011.0,5005.0,0.8826637340954431,0.057914296461551884,94.2942942942943
Paper/Bio-Based,1.0,3.0,2.0,0.31,104.0,32.0,High,84.0,69.0,95.0,1.83,78051.0,715.0,89.08447911667793,10.753181244984525,33.333333333333336
Plastic,8.0,8.0,7.0,1.5,16331.0,95.0,Medium,95.0,78.0,90.0,14.57,51901.0,1113.0,10.92452860963818,0.6372259632383175,87.3873873873874
Plastic,8.0,8.0,8.0,1.41,98971.0,91.0,Medium,93.0,77.0,91.0,11.76,60578.0,1249.0,12.217776914828448,0.9844322344322345,84.38438438438439
Cardboard,4.0,4.0,4.0,0.49,90.0,52.0,High,89.0,58.0,85.0,3.23,96300.0,867.0,53.07323530486979,5.738740104065183,42.342342342342356
Plastic,9.0,7.0,9.0,1.44,64030.0,94.0,Medium,96.0,75.0,82.0,14.48,51009.0,930.0,11.76835994192919,0.6462575178044792,84.984984984985
Cardboard,5.0,3.0,5.0,0.49,298.0,49.0,High,93.0,51.0,88.0,2.68,99951.0,850.0,52.837254609451016,7.0838986883762995,36.33633633633635
Plastic,9.0,8.0,9.0,1.44,64044.0,10.0,Medium,72.0,32.0,60.0,1.18,27055.0,315.0,11.76835983804774,17.1259531429023,9.609609609609613
Plastic,9.0,7.0,9.0,1.56,69350.0,89.0,Medium,90.0,79.0,83.0,11.28,62593.0,1284.0,10.14290172236732,1.0610400238059814,84.38438438438442
Plastic,8.0,8.0,9.0,1.47,70484.0,89.0,Medium,96.0,72.0,87.0,11.84,60648.0,1209.0,11.337082082368632,0.9722681597681597,80.18018018018017
Plastic,7.0,6.0,9.0,1.61,89963.0,94.0,Medium,100.0,80.0,91.0,15.15,52117.0,941.0,9.537053949175643,0.5815966212005814,85.28528528528531
Plastic,9.0,7.0,7.0,1.6,53148.0,90.0,Medium,88.0,75.0,82.0,12.2,55738.0,1079.0,9.655408947024792,0.9195039932744853,82.58258258258257
Paper/Bio-Based,2.0,2.0,1.0,0.29,176.0,30.0,High,80.0,70.0,100.0,2.61,71749.0,572.0,95.7340649280786,7.295769364734884,32.732732732732735
Plastic,8.0,8.0,8.0,1.46,66060.0,95.0,Medium,94.0,74.0,76.0,11.73,60393.0,1187.0,11.478886668347442,0.9890365389086617,84.984984984985
Cardboard,5.0,5.0,5.0,0.52,115.0,50.0,High,83.0,63.0,91.0,2.8,97679.0,977.0,49.417175715656604,6.745337995337996,45.94594594594596
Cardboard,5.0,5.0,5.0,0.53,148.0,46.0,High,85.0,57.0,89.0,2.91,104546.0,659.0,48.25411914194221,6.459519861581718,39.939939939939954
Cardboard,4.0,5.0,4.0,0.54,218.0,50.0,High,90.0,61.0,88.0,2.95,100824.0,950.0,47.12493380274214,6.360870767650429,43.84384384384385
Cardboard,4.0,4.0,6.0,0.53,287.0,49.0,High,81.0,65.0,89.0,3.62,101365.0,795.0,48.154545795443,5.032582518770365,44.74474474474476
Paper/Bio-Based,2.0,4.0,2.0,0.28,44.0,27.0,High,86.0,69.0,100.0,1.63,75514.0,693.0,100.0,12.17269438128334,32.132132132132135
Steel,9.0,10.0,9.0,2.92,180125.0,93.0,High,92.0,89.0,71.0,25.34,19288.0,5034.0,1.0580828485715372,0.019639660523638414,95.4954954954955
Plastic,7.0,8.0,8.0,1.57,17015.0,10.0,Medium,72.0,31.0,63.0,0.21,28810.0,200.0,10.020015203793115,100.0,7.207207207207205
Plastic,7.0,8.0,9.0,1.57,40031.0,100.0,Medium,98.0,82.0,83.0,14.59,44696.0,1041.0,10.018987013803152,0.6352340828009093,91.89189189189193
Cardboard,3.0,5.0,6.0,0.55,283.0,50.0,High,83.0,64.0,92.0,3.23,102764.0,808.0,46.06836710197457,5.738740104065183,44.74474474474476
Plastic,9.0,6.0,8.0,1.54,50911.0,89.0,Medium,90.0,75.0,82.0,11.34,60692.0,1224.0,10.396373115187206,1.0511093844427177,81.08108108108107
Cardboard,5.0,5.0,6.0,0.48,168.0,54.0,High,78.0,63.0,96.0,2.69,102623.0,782.0,54.209969040341996,7.054531589847576,48.34834834834836
Plastic,8.0,7.0,9.0,1.55,21746.0,83.0,Medium,82.0,76.0,77.0,12.73,59483.0,1150.0,10.269701309367633,0.8472543429338402,78.07807807807811
Plastic,9.0,6.0,9.0,1.62,52824.0,13.0,Medium,69.0,35.0,56.0,2.02,27583.0,373.0,9.420629314760891,9.665004962034667,11.411411411411407
Plastic,9.0,8.0,7.0,1.42,61190.0,9.0,Medium,74.0,32.0,62.0,1.47,27876.0,267.0,12.065994433725177,13.586413586413588,9.009009009009013
Plastic,8.0,6.0,7.0,1.36,70772.0,8.0,Medium,63.0,24.0,61.0,1.91,31964.0,256.0,13.01128425627839,10.268614457096135,0.9009009009009006
Plastic,8.0,7.0,9.0,1.47,46640.0,94.0,Medium,88.0,79.0,75.0,11.69,54650.0,1189.0,11.337302782170905,0.9952123724578814,86.48648648648648
Cardboard,3.0,3.0,6.0,0.51,169.0,46.0,High,90.0,57.0,87.0,2.82,96624.0,825.0,50.47998857901068,6.691712542776374,36.33633633633634
Plastic,9.0,8.0,9.0,1.59,21938.0,7.0,Medium,69.0,34.0,62.0,0.92,29678.0,156.0,9.775829936689941,22.196462957332525,9.009009009009013
Paper/Bio-Based,2.0,3.0,2.0,0.3,171.0,36.0,High,78.0,65.0,91.0,1.23,76655.0,523.0,92.24166082177626,16.39661151856274,34.23423423423423
Plastic,8.0,8.0,9.0,1.53,84051.0,94.0,Medium,89.0,74.0,83.0,11.93,59507.0,1227.0,10.525277160982444,0.9587785782253513,84.38438438438442
Plastic,9.0,8.0,9.0,1.43,78380.0,87.0,Medium,87.0,78.0,80.0,12.68,56260.0,1242.0,11.916038553750514,0.8538123285757355,83.4834834834835
Cardboard,4.0,5.0,4.0,0.52,250.0,48.0,High,87.0,62.0,90.0,3.39,100328.0,741.0,49.274296902294935,5.429378880706315,43.24324324324325
Plastic,9.0,7.0,7.0,1.63,22417.0,89.0,Medium,98.0,79.0,81.0,11.61,59486.0,1210.0,9.306179657914612,1.007691705366124,84.38438438438442
Plastic,9.0,8.0,9.0,1.47,86303.0,86.0,Medium,85.0,82.0,79.0,12.38,56647.0,1236.0,11.337002953582026,0.8942726632548927,85.28528528528531
Plastic,7.0,7.0,8.0,1.45,38391.0,13.0,Medium,63.0,34.0,59.0,1.91,31467.0,196.0,11.622949839116725,10.268614457096135,9.909909909909913
Cardboard,5.0,3.0,5.0,0.54,201.0,44.0,High,85.0,58.0,89.0,2.6,99953.0,717.0,47.13673886510118,7.326967903890981,37.53753753753755
Plastic,9.0,8.0,7.0,1.35,79705.0,10.0,Medium,63.0,32.0,62.0,2.23,28967.0,217.0,13.176965348115417,8.678018543489397,9.609609609609613
Plastic,7.0,7.0,7.0,1.35,65252.0,9.0,Medium,68.0,36.0,59.0,0.84,29535.0,227.0,13.177049905301939,24.38811188811189,8.708708708708706
Cardboard,4.0,5.0,5.0,0.52,312.0,48.0,High,80.0,64.0,83.0,3.18,97331.0,889.0,49.25011062643385,5.8417997097242385,44.44444444444445
Plastic,7.0,7.0,8.0,1.5,32911.0,97.0,Medium,100.0,82.0,90.0,14.55,46054.0,1003.0,10.923589962016539,0.6392233196356907,89.1891891891892
Plastic,8.0,7.0,9.0,1.45,45188.0,3.0,Medium,66.0,26.0,54.0,0.84,29486.0,185.0,11.622830622541827,24.38811188811189,0.0
Paper/Bio-Based,3.0,2.0,3.0,0.31,66.0,31.0,High,80.0,61.0,96.0,2.26,73579.0,650.0,89.25293191776316,8.55199372898488,28.82882882882884
Paper/Bio-Based,3.0,4.0,2.0,0.28,133.0,28.0,High,82.0,67.0,98.0,1.76,75226.0,663.0,99.53723809056837,11.213313201949568,32.43243243243244
Plastic,9.0,8.0,8.0,1.49,89433.0,90.0,Medium,91.0,77.0,77.0,12.25,59603.0,1126.0,11.059148351172194,0.9124209124209124,84.6846846846847
Paper/Bio-Based,3.0,4.0,1.0,0.32,139.0,29.0,High,84.0,63.0,89.0,2.55,76866.0,517.0,85.94348075241342,7.486631016042782,30.630630630630634
Plastic,9.0,7.0,7.0,1.6,51800.0,93.0,Medium,86.0,76.0,78.0,12.22,58486.0,1211.0,9.655423845613164,0.9166638053708429,84.984984984985
Plastic,9.0,7.0,7.0,1.51,81714.0,96.0,Medium,91.0,82.0,90.0,14.87,46774.0,1086.0,10.788698287536867,0.6079103590872252,90.39039039039042
Cardboard,3.0,3.0,5.0,0.52,90.0,49.0,High,80.0,60.0,88.0,3.63,103469.0,862.0,49.49067304763277,5.016471132173612,39.939939939939954
Cardboard,3.0,4.0,4.0,0.47,197.0,50.0,High,87.0,59.0,83.0,3.87,96646.0,743.0,55.53206116754969,4.654776747800003,40.84084084084083
Cardboard,3.0,3.0,5.0,0.54,291.0,53.0,High,85.0,60.0,93.0,2.81,97201.0,880.0,47.08991951529639,6.718429850102449,42.342342342342356
Paper/Bio-Based,3.0,3.0,3.0,0.31,119.0,30.0,High,78.0,64.0,92.0,2.49,76341.0,614.0,89.04759979932402,7.68669081922094,30.930930930930934
Plastic,7.0,7.0,8.0,1.54,19133.0,93.0,Medium,93.0,81.0,84.0,15.74,52785.0,1083.0,10.397365782626661,0.5292145381090745,86.1861861861862
Paper/Bio-Based,2.0,3.0,3.0,0.28,170.0,29.0,High,74.0,58.0,93.0,1.5,67350.0,601.0,99.48744454208492,13.298368298368299,25.82582582582583
Paper/Bio-Based,2.0,2.0,3.0,0.31,122.0,33.0,High,85.0,68.0,91.0,2.02,77375.0,549.0,89.04131217800466,9.665004962034667,33.333333333333336
Steel,9.0,8.0,8.0,3.0,161962.0,96.0,High,91.0,85.0,73.0,25.66,21183.0,5063.0,0.7802214689656406,0.009220449594572688,93.0930930930931
Cardboard,4.0,5.0,4.0,0.51,242.0,52.0,High,88.0,60.0,90.0,3.14,103063.0,782.0,50.4256769655581,5.926610544444939,44.44444444444445
Cardboard,3.0,5.0,6.0,0.52,187.0,46.0,High,83.0,65.0,88.0,2.7,99808.0,719.0,49.315301338928144,7.025382025382026,42.942942942942956
Plastic,9.0,8.0,7.0,1.44,52150.0,86.0,Medium,90.0,79.0,78.0,12.72,59942.0,1268.0,11.768468197571522,0.8485618155429475,83.48348348348347
Plastic,8.0,6.0,7.0,1.4,71775.0,12.0,Medium,67.0,32.0,60.0,1.46,30357.0,178.0,12.372036747363087,13.68505923300444,8.108108108108105
Plastic,8.0,7.0,7.0,1.6,25270.0,96.0,Medium,95.0,76.0,82.0,14.28,48512.0,1065.0,9.656040545918572,0.6667352255587551,85.8858858858859
Plastic,9.0,7.0,8.0,1.42,61952.0,89.0,Medium,89.0,75.0,80.0,12.18,61002.0,1202.0,12.06598831739246,0.9223535085604051,81.98198198198199
Plastic,7.0,7.0,8.0,1.49,35850.0,87.0,Medium,89.0,74.0,80.0,11.55,59371.0,1147.0,11.059656875788871,1.0171646535282899,78.37837837837841
Plastic,7.0,6.0,7.0,1.52,42939.0,97.0,Medium,98.0,80.0,90.0,14.61,48925.0,1033.0,10.656462678342976,0.6332476558349247,87.0870870870871
Cardboard,3.0,3.0,5.0,0.51,152.0,50.0,High,83.0,60.0,88.0,2.69,101662.0,790.0,50.50012538306114,7.054531589847576,40.54054054054054
Steel,10.0,9.0,8.0,3.15,75493.0,99.0,High,89.0,83.0,72.0,24.63,22295.0,4967.0,0.297454186962268,0.043724038851931546,95.4954954954955
Plastic,7.0,6.0,9.0,1.38,66898.0,93.0,Medium,89.0,81.0,87.0,15.71,51480.0,985.0,12.6870562186575,0.531783090662785,85.28528528528531
Paper/Bio-Based,2.0,4.0,2.0,0.29,137.0,33.0,High,79.0,66.0,95.0,1.96,75069.0,637.0,95.78328058509945,9.985847485847488,33.933933933933936
Cardboard,3.0,4.0,5.0,0.55,154.0,48.0,High,86.0,60.0,90.0,3.22,96860.0,862.0,46.15843177343341,5.759095976487281,40.24024024024025
Cardboard,4.0,5.0,6.0,0.5,272.0,48.0,High,92.0,58.0,92.0,2.83,99216.0,778.0,51.60505992457746,6.665184050343061,40.84084084084085
Plastic,8.0,7.0,9.0,1.39,30911.0,95.0,Medium,97.0,82.0,85.0,14.68,52156.0,1113.0,12.528958414432683,0.6263377857383308,88.88888888888891
Plastic,9.0,8.0,8.0,1.48,68093.0,89.0,Medium,92.0,77.0,81.0,12.01,57077.0,1217.0,11.19723745312718,0.9469575664413301,84.08408408408408
Plastic,8.0,7.0,7.0,1.43,25244.0,99.0,Medium,86.0,82.0,82.0,14.41,49673.0,995.0,11.916855695392211,0.6533600565522841,91.29129129129132
Paper/Bio-Based,3.0,4.0,2.0,0.3,177.0,33.0,High,84.0,64.0,96.0,2.2,74542.0,540.0,92.23562892655607,8.80748039838949,33.63363363363364
Cardboard,4.0,4.0,5.0,0.47,310.0,48.0,High,93.0,61.0,90.0,3.31,103175.0,758.0,55.47575934694205,5.580320988175973,41.741741741741755
Plastic,9.0,7.0,9.0,1.6,65985.0,12.0,Medium,69.0,31.0,63.0,1.86,30397.0,298.0,9.655297568026153,10.566583953680729,9.309309309309313
Cardboard,5.0,4.0,5.0,0.52,332.0,50.0,High,84.0,62.0,88.0,2.94,102220.0,740.0,49.24423560800666,6.385281385281386,44.44444444444445
Steel,10.0,9.0,9.0,2.98,103598.0,99.0,High,90.0,82.0,76.0,24.62,21703.0,5063.0,0.8483986640544305,0.04407317567350055,94.89489489489492
Plastic,9.0,6.0,7.0,1.38,29304.0,93.0,Medium,93.0,79.0,83.0,15.11,51095.0,966.0,12.68763973149138,0.5852960187837752,85.8858858858859
Plastic,7.0,6.0,8.0,1.42,10935.0,92.0,Medium,91.0,75.0,81.0,12.59,62098.0,1250.0,12.068279779675883,0.8657479666216761,81.08108108108107
Cardboard,5.0,4.0,4.0,0.51,153.0,53.0,High,86.0,62.0,84.0,2.83,101569.0,765.0,50.49881699402441,6.665184050343061,46.246246246246265
Steel,10.0,8.0,8.0,3.13,99557.0,98.0,High,94.0,83.0,75.0,25.68,19707.0,4939.0,0.35907976303078293,0.008577870727403347,93.993993993994
Paper/Bio-Based,2.0,4.0,2.0,0.3,176.0,32.0,High,83.0,69.0,96.0,2.02,73907.0,597.0,92.23660568231617,9.665004962034667,35.13513513513514
Cardboard,4.0,4.0,6.0,0.52,275.0,49.0,High,92.0,65.0,89.0,3.18,100778.0,819.0,49.2632322130447,5.8417997097242385,44.74474474474476
Plastic,7.0,7.0,8.0,1.48,41427.0,97.0,Medium,97.0,80.0,87.0,15.76,48866.0,1053.0,11.197525089522259,0.5275076023806988,87.98798798798799
Cardboard,4.0,4.0,6.0,0.53,101.0,48.0,High,83.0,62.0,87.0,3.1,103099.0,753.0,48.34979154531338,6.013610045868111,42.342342342342356
Plastic,7.0,6.0,9.0,1.46,50508.0,15.0,Medium,70.0,29.0,61.0,1.33,28859.0,219.0,11.479028495512377,15.102441418230892,7.207207207207212
Cardboard,4.0,4.0,5.0,0.49,242.0,52.0,High,93.0,61.0,93.0,2.8,101569.0,824.0,52.86088268289567,6.745337995337996,44.14414414414414
Paper/Bio-Based,1.0,4.0,3.0,0.31,165.0,33.0,High,80.0,64.0,95.0,1.87,76033.0,680.0,88.97631468650741,10.505715318549543,31.831831831831842
Cardboard,3.0,5.0,5.0,0.48,200.0,51.0,High,84.0,64.0,88.0,3.31,101538.0,816.0,54.18099009230568,5.580320988175973,45.34534534534536
Cardboard,5.0,4.0,5.0,0.51,130.0,52.0,High,88.0,61.0,90.0,2.94,98083.0,782.0,50.534002594581324,6.385281385281386,45.045045045045065
Plastic,8.0,7.0,8.0,1.44,25227.0,96.0,Medium,95.0,79.0,84.0,14.65,51659.0,1010.0,11.769090892668881,0.62929107297708,87.68768768768768
Plastic,8.0,6.0,8.0,1.52,84260.0,94.0,Medium,88.0,78.0,79.0,12.72,55887.0,1184.0,10.65611516670166,0.8485618155429475,84.984984984985
Cardboard,4.0,5.0,4.0,0.51,252.0,48.0,High,85.0,64.0,91.0,2.78,100650.0,782.0,50.42068747725983,6.79973503714511,44.44444444444445
Steel,9.0,9.0,9.0,2.98,153549.0,96.0,High,87.0,82.0,75.0,24.96,22070.0,5036.0,0.8483031169041642,0.03235946745562124,92.19219219219221
Paper/Bio-Based,2.0,3.0,1.0,0.3,179.0,34.0,High,78.0,64.0,96.0,2.5,76742.0,674.0,92.23370815545246,7.652680652680655,32.43243243243244
Plastic,8.0,6.0,7.0,1.38,74533.0,12.0,Medium,67.0,32.0,60.0,1.5,30291.0,257.0,12.687009625813516,13.298368298368299,8.108108108108105
Plastic,7.0,6.0,7.0,1.54,37036.0,87.0,Medium,96.0,72.0,83.0,12.72,57467.0,1176.0,10.396597022977481,0.8485618155429475,76.27627627627629
Plastic,7.0,7.0,8.0,1.5,31940.0,92.0,Medium,89.0,78.0,86.0,14.41,47587.0,975.0,10.923618069059323,0.6533600565522841,83.7837837837838
Plastic,9.0,8.0,8.0,1.49,62453.0,92.0,Medium,90.0,74.0,77.0,12.28,60352.0,1118.0,11.059295332699616,0.9081987502182944,84.08408408408408
Cardboard,4.0,4.0,4.0,0.53,154.0,50.0,High,85.0,59.0,91.0,2.98,103323.0,737.0,48.24610899045798,6.28862189264874,41.741741741741755
Plastic,7.0,7.0,7.0,1.44,76964.0,94.0,Medium,92.0,83.0,90.0,14.65,49673.0,998.0,11.768280081132378,0.62929107297708,87.98798798798799
Steel,10.0,8.0,9.0,3.06,90587.0,98.0,High,93.0,85.0,76.0,25.43,21272.0,4976.0,0.5814943617322648,0.016682753607645373,95.1951951951952
Paper/Bio-Based,3.0,3.0,3.0,0.28,126.0,33.0,High,84.0,67.0,95.0,2.44,71008.0,634.0,99.5499481554966,7.86092322977569,34.53453453453454
Plastic,7.0,7.0,7.0,1.52,40050.0,96.0,Medium,96.0,82.0,90.0,15.25,50106.0,1088.0,10.656513795302128,0.572433031449425,88.5885885885886
Steel,9.0,9.0,10.0,3.07,157790.0,98.0,High,91.0,85.0,73.0,24.33,20573.0,4938.0,0.5489612158171777,0.05432298897157106,95.1951951951952
Plastic,8.0,8.0,9.0,1.6,68326.0,89.0,Medium,86.0,73.0,81.0,12.7,60528.0,1117.0,9.655281768570973,0.851182937797111,80.78078078078079
Cardboard,5.0,5.0,6.0,0.51,157.0,47.0,High,90.0,61.0,90.0,2.77,100871.0,847.0,50.49375011164014,6.8272281268671176,42.942942942942956
Plastic,6.0,7.0,9.0,1.56,41427.0,97.0,Medium,97.0,80.0,89.0,14.68,52156.0,989.0,10.143197458263316,0.6263377857383308,87.0870870870871
Plastic,9.0,7.0,8.0,1.48,28329.0,95.0,Medium,95.0,81.0,85.0,15.75,47124.0,1030.0,11.197864685214451,0.5283605283605284,89.1891891891892
Plastic,8.0,8.0,8.0,1.49,31602.0,12.0,Medium,70.0,30.0,56.0,1.42,31018.0,171.0,11.059770967132437,14.093535572408815,8.708708708708706
Cardboard,5.0,3.0,6.0,0.51,101.0,53.0,High,86.0,61.0,87.0,2.98,103099.0,886.0,50.60120815190851,6.28862189264874,44.74474474474476
Plastic,9.0,6.0,8.0,1.49,60408.0,92.0,Medium,88.0,75.0,77.0,12.01,57077.0,1087.0,11.05931182637585,0.9469575664413301,82.88288288288291
Cardboard,3.0,3.0,5.0,0.55,209.0,49.0,High,86.0,64.0,91.0,3.06,99778.0,745.0,46.10643605327255,6.102884044060515,42.342342342342356
Paper/Bio-Based,3.0,4.0,2.0,0.3,152.0,32.0,High,78.0,64.0,93.0,2.54,72675.0,567.0,92.26390343540064,7.519317952388819,33.033033033033036
Steel,9.0,9.0,9.0,3.13,75493.0,99.0,High,89.0,88.0,74.0,24.63,22295.0,5028.0,0.35917718597465864,0.043724038851931546,97.5975975975976
Cardboard,4.0,5.0,5.0,0.51,168.0,53.0,High,84.0,60.0,94.0,3.37,97003.0,778.0,50.481060285668825,5.466442558430689,45.04504504504505
Plastic,8.0,6.0,7.0,1.41,55740.0,93.0,Medium,97.0,78.0,90.0,14.93,52219.0,1018.0,12.21801536205422,0.6021886129052909,84.38438438438442
Steel,9.0,9.0,8.0,3.09,113063.0,97.0,High,84.0,83.0,73.0,24.22,23853.0,5010.0,0.48488626118650835,0.0582750582750583,93.39339339339341
Cardboard,3.0,4.0,6.0,0.51,230.0,50.0,High,83.0,62.0,85.0,3.07,98791.0,732.0,50.43223705799894,6.080347448425625,42.64264264264265
Paper/Bio-Based,3.0,3.0,3.0,0.3,165.0,30.0,High,79.0,67.0,95.0,2.4,72166.0,569.0,92.24813140028516,8.005536130536132,32.732732732732735
Plastic,7.0,7.0,8.0,1.42,86202.0,88.0,Medium,94.0,75.0,81.0,12.02,60655.0,1239.0,12.065850148274656,0.9454910037272768,79.57957957957959
Plastic,9.0,7.0,8.0,1.57,60573.0,8.0,Medium,70.0,32.0,60.0,1.26,30357.0,211.0,10.018729239799221,15.98679098679099,7.507507507507512
Plastic,7.0,6.0,8.0,1.45,22097.0,96.0,Medium,86.0,80.0,86.0,14.65,49673.0,995.0,11.623534275018645,0.62929107297708,86.48648648648648
Paper/Bio-Based,2.0,3.0,1.0,0.28,141.0,31.0,High,85.0,68.0,91.0,1.6,73892.0,525.0,99.52425759872679,12.416229603729604,33.033033033033036
Cardboard,5.0,4.0,4.0,0.51,332.0,51.0,High,84.0,59.0,86.0,2.94,102220.0,740.0,50.391592147906096,6.385281385281386,43.24324324324325
Cardboard,5.0,3.0,6.0,0.5,152.0,47.0,High,86.0,60.0,86.0,3.06,99778.0,745.0,51.69337618455656,6.102884044060515,40.54054054054054
Plastic,7.0,6.0,9.0,1.4,33525.0,96.0,Medium,97.0,81.0,87.0,15.74,52785.0,1053.0,12.372520430968361,0.5292145381090745,87.0870870870871
Cardboard,3.0,5.0,6.0,0.52,242.0,52.0,High,88.0,63.0,93.0,3.14,103063.0,782.0,49.278320425658656,5.926610544444939,45.34534534534536
Plastic,7.0,7.0,7.0,1.48,41490.0,88.0,Medium,86.0,74.0,84.0,12.7,60528.0,1117.0,11.19752397423807,0.851182937797111,78.978978978979
Plastic,7.0,7.0,9.0,1.4,42939.0,93.0,Medium,98.0,77.0,88.0,14.61,48925.0,1033.0,12.372321443651227,0.6332476558349247,83.7837837837838
Cardboard,4.0,5.0,6.0,0.52,275.0,48.0,High,92.0,65.0,88.0,3.18,100778.0,819.0,49.2632322130447,5.8417997097242385,45.04504504504505
Steel,9.0,9.0,9.0,3.13,99557.0,97.0,High,94.0,83.0,73.0,25.68,19707.0,5063.0,0.35907976303078293,0.008577870727403347,93.39339339339341
Plastic,8.0,6.0,7.0,1.6,64044.0,8.0,Medium,70.0,33.0,60.0,1.26,30357.0,211.0,9.655311543732946,15.98679098679099,6.306306306306304
Cardboard,5.0,4.0,5.0,0.51,153.0,53.0,High,86.0,62.0,84.0,2.83,101569.0,765.0,50.49881699402441,6.665184050343061,46.246246246246265
Plastic,9.0,7.0,9.0,1.37,28329.0,96.0,Medium,95.0,79.0,85.0,15.75,47124.0,1030.0,12.848618531236664,0.5283605283605284,88.5885885885886
Plastic,7.0,6.0,7.0,1.48,30911.0,95.0,Medium,95.0,81.0,86.0,14.68,52156.0,1010.0,11.197774966332364,0.6263377857383308,86.48648648648648
Plastic,9.0,6.0,9.0,1.48,40250.0,94.0,Medium,96.0,74.0,78.0,11.84,60648.0,1118.0,11.19754656777799,0.9722681597681597,83.4834834834835
Paper/Bio-Based,2.0,3.0,2.0,0.29,104.0,31.0,High,79.0,66.0,91.0,1.96,75069.0,637.0,95.8537550762181,9.985847485847488,31.831831831831842
Cardboard,3.0,3.0,5.0,0.53,209.0,49.0,High,86.0,61.0,90.0,3.06,99778.0,745.0,48.194113270297116,6.102884044060515,40.540540540540555
Plastic,8.0,6.0,7.0,1.53,33525.0,93.0,Medium,93.0,82.0,90.0,15.74,52785.0,1083.0,10.525822761987364,0.5292145381090745,86.78678678678679
Plastic,8.0,8.0,9.0,1.48,35850.0,87.0,Medium,89.0,79.0,83.0,11.55,59371.0,1147.0,11.197639351020747,1.0171646535282899,83.18318318318319
Steel,9.0,9.0,8.0,2.83,103598.0,99.0,High,90.0,85.0,76.0,24.62,21703.0,5063.0,1.3896020121370487,0.04407317567350055,95.79579579579581
Plastic,9.0,6.0,8.0,1.45,76964.0,94.0,Medium,92.0,78.0,82.0,14.65,49673.0,998.0,11.622552612558945,0.62929107297708,85.8858858858859
Plastic,7.0,6.0,7.0,1.48,40050.0,96.0,Medium,96.0,81.0,90.0,15.25,50106.0,1088.0,11.197550342921847,0.572433031449425,87.0870870870871
Plastic,7.0,7.0,8.0,1.52,74533.0,12.0,Medium,67.0,28.0,59.0,1.5,30291.0,257.0,10.656162294893118,13.298368298368299,5.705705705705711
Cardboard,4.0,4.0,6.0,0.54,252.0,48.0,High,85.0,64.0,91.0,2.78,100650.0,782.0,47.10610191755034,6.79973503714511,43.54354354354356
Plastic,9.0,6.0,8.0,1.46,52150.0,86.0,Medium,90.0,79.0,83.0,12.72,59942.0,1268.0,11.47900952711744,0.8485618155429475,81.68168168168168
Steel,10.0,9.0,8.0,3.13,157790.0,98.0,High,91.0,83.0,72.0,24.33,20573.0,4938.0,0.3589669680428802,0.05432298897157106,94.89489489489492
Cardboard,3.0,3.0,4.0,0.52,332.0,51.0,High,84.0,65.0,86.0,2.94,102220.0,740.0,49.24423560800666,6.385281385281386,44.14414414414414
Paper/Bio-Based,3.0,4.0,2.0,0.3,179.0,34.0,High,78.0,69.0,96.0,2.5,76742.0,674.0,92.23370815545246,7.652680652680655,37.237237237237245
Plastic,7.0,6.0,9.0,1.47,33532.0,93.0,Medium,97.0,80.0,91.0,14.4,51174.0,959.0,11.337557811629338,0.654380341880342,84.6846846846847
Cardboard,3.0,3.0,5.0,0.47,355.0,47.0,High,91.0,59.0,90.0,3.05,102073.0,901.0,55.46331722704458,6.125568420650389,38.13813813813814
Plastic,8.0,7.0,9.0,1.57,31940.0,95.0,Medium,89.0,80.0,86.0,14.41,47587.0,975.0,10.019179563467258,0.6533600565522841,87.68768768768768
Plastic,8.0,7.0,8.0,1.52,69350.0,89.0,Medium,90.0,78.0,83.0,11.28,62593.0,1284.0,10.656192806006544,1.0610400238059814,82.88288288288291
Cardboard,4.0,4.0,4.0,0.5,230.0,51.0,High,83.0,62.0,85.0,3.07,98791.0,732.0,51.62548785949436,6.080347448425625,44.14414414414414
Cardboard,3.0,3.0,4.0,0.53,157.0,47.0,High,90.0,58.0,90.0,2.77,100871.0,847.0,48.24233350504502,6.8272281268671176,37.53753753753754
Plastic,9.0,7.0,9.0,1.44,40031.0,96.0,Medium,98.0,79.0,83.0,14.59,44696.0,1041.0,11.768644837121133,0.6352340828009093,88.5885885885886
Plastic,8.0,8.0,8.0,1.46,46640.0,94.0,Medium,88.0,75.0,75.0,11.69,54650.0,1189.0,11.479078457495355,0.9952123724578814,84.984984984985
Plastic,7.0,6.0,9.0,1.45,41427.0,97.0,Medium,97.0,82.0,87.0,15.76,48866.0,1053.0,11.622891754547421,0.5275076023806988,88.2882882882883
Plastic,9.0,6.0,8.0,1.57,65985.0,12.0,Medium,69.0,32.0,63.0,1.86,30397.0,298.0,10.018688039022962,10.566583953680729,9.009009009009013
Plastic,8.0,7.0,9.0,1.43,60408.0,92.0,Medium,88.0,76.0,77.0,12.01,57077.0,1087.0,11.916154050193366,0.9469575664413301,83.4834834834835
Steel,10.0,10.0,8.0,3.13,90587.0,98.0,High,93.0,83.0,76.0,25.43,21272.0,4976.0,0.3591100270552694,0.016682753607645373,95.79579579579581
Plastic,7.0,7.0,7.0,1.42,25270.0,99.0,Medium,95.0,80.0,82.0,14.28,48512.0,1065.0,12.066701276052353,0.6667352255587551,89.1891891891892
Cardboard,4.0,4.0,5.0,0.51,154.0,48.0,High,85.0,60.0,91.0,2.98,103323.0,737.0,50.4975255970531,6.28862189264874,41.14114114114114
Paper/Bio-Based,2.0,3.0,3.0,0.3,104.0,32.0,High,84.0,64.0,95.0,1.83,78051.0,715.0,92.35629583045568,10.753181244984525,31.23123123123124
Cardboard,4.0,4.0,5.0,0.51,201.0,50.0,High,85.0,61.0,90.0,2.6,99953.0,717.0,50.451324424810664,7.326967903890981,42.942942942942956
Plastic,8.0,8.0,7.0,1.38,50911.0,89.0,Medium,90.0,77.0,82.0,11.34,60692.0,1224.0,12.68719904691189,1.0511093844427177,83.18318318318319
Plastic,9.0,7.0,7.0,1.52,29304.0,93.0,Medium,93.0,79.0,83.0,15.11,51095.0,966.0,10.656792400570982,0.5852960187837752,86.78678678678679
Cardboard,4.0,4.0,5.0,0.5,211.0,44.0,High,93.0,61.0,89.0,3.77,98647.0,753.0,51.63740069718908,4.799886232246976,39.339339339339354
Plastic,7.0,7.0,8.0,1.52,32911.0,97.0,Medium,100.0,80.0,90.0,14.55,46054.0,1003.0,10.656678598524145,0.6392233196356907,87.98798798798799
Paper/Bio-Based,2.0,3.0,2.0,0.3,141.0,30.0,High,85.0,65.0,93.0,1.6,73892.0,525.0,92.27952058964752,12.416229603729604,30.630630630630634
Plastic,7.0,7.0,8.0,1.46,25244.0,96.0,Medium,86.0,78.0,82.0,14.41,49673.0,995.0,11.479631409951079,0.6533600565522841,86.1861861861862
Cardboard,4.0,4.0,5.0,0.48,197.0,50.0,High,87.0,59.0,83.0,3.87,96646.0,743.0,54.183306937136,4.654776747800003,41.741741741741755
Cardboard,4.0,4.0,4.0,0.5,252.0,48.0,High,85.0,64.0,91.0,2.78,100650.0,782.0,51.61393827875524,6.79973503714511,43.54354354354356
Plastic,9.0,7.0,9.0,1.47,37036.0,87.0,Medium,96.0,72.0,83.0,12.72,57467.0,1176.0,11.337471959221546,0.8485618155429475,78.978978978979
Paper/Bio-Based,2.0,3.0,1.0,0.29,122.0,33.0,High,85.0,68.0,91.0,2.02,77375.0,549.0,95.81058813754484,9.665004962034667,34.23423423423424
Cardboard,3.0,4.0,5.0,0.5,154.0,50.0,High,86.0,60.0,90.0,3.22,96860.0,862.0,51.690776398548515,5.759095976487281,41.44144144144145
Plastic,7.0,6.0,9.0,1.4,31602.0,12.0,Medium,70.0,30.0,56.0,1.42,31018.0,171.0,12.372575660052846,14.093535572408815,6.006006006006011
Plastic,9.0,7.0,9.0,1.47,52407.0,87.0,Medium,97.0,75.0,81.0,12.45,56902.0,1222.0,11.337230990505965,0.8846575111635353,80.78078078078079
Cardboard,3.0,5.0,5.0,0.5,275.0,49.0,High,92.0,65.0,89.0,3.18,100778.0,819.0,51.60383955443955,5.8417997097242385,44.74474474474476
Cardboard,5.0,4.0,5.0,0.49,230.0,50.0,High,83.0,60.0,85.0,3.07,98791.0,732.0,52.86744277533653,6.080347448425625,43.24324324324325
Plastic,7.0,7.0,9.0,1.52,42997.0,99.0,Medium,86.0,76.0,82.0,14.94,48860.0,978.0,10.656461722448775,0.6012394566611434,86.78678678678679
Steel,9.0,10.0,9.0,3.02,99557.0,97.0,High,94.0,83.0,73.0,25.68,19707.0,5063.0,0.7131694841863006,0.008577870727403347,94.2942942942943
Cardboard,4.0,4.0,5.0,0.5,250.0,48.0,High,87.0,61.0,90.0,3.39,100328.0,741.0,51.61490424368979,5.429378880706315,41.741741741741755
Paper/Bio-Based,2.0,3.0,2.0,0.29,133.0,29.0,High,82.0,66.0,98.0,1.76,75226.0,663.0,95.78996032725152,11.213313201949568,30.630630630630634
Plastic,9.0,8.0,7.0,1.48,52150.0,86.0,Medium,90.0,77.0,78.0,12.72,59942.0,1268.0,11.19737406397293,0.8485618155429475,82.28228228228227
Plastic,8.0,6.0,7.0,1.52,74533.0,12.0,Medium,67.0,32.0,60.0,1.5,30291.0,257.0,10.656162294893118,13.298368298368299,8.108108108108105
Cardboard,3.0,4.0,6.0,0.53,201.0,50.0,High,85.0,60.0,89.0,2.6,99953.0,717.0,48.19990781821554,7.326967903890981,41.44144144144145
Plastic,8.0,7.0,8.0,1.56,25270.0,96.0,Medium,95.0,76.0,82.0,14.28,48512.0,1065.0,10.14366707537583,0.6667352255587551,85.8858858858859
Cardboard,4.0,5.0,6.0,0.5,169.0,46.0,High,90.0,58.0,87.0,2.82,96624.0,825.0,51.67323938050609,6.691712542776374,39.63963963963965
Cardboard,4.0,4.0,5.0,0.53,242.0,52.0,High,88.0,60.0,90.0,3.14,103063.0,782.0,48.174260358962975,5.926610544444939,43.54354354354354
Plastic,9.0,6.0,9.0,1.52,40250.0,94.0,Medium,96.0,79.0,78.0,11.84,60648.0,1118.0,10.656510020158272,0.9722681597681597,86.48648648648648
Plastic,7.0,7.0,7.0,1.46,31940.0,95.0,Medium,89.0,83.0,86.0,14.41,47587.0,975.0,11.479378716331158,0.6533600565522841,88.58858858858858
Plastic,7.0,7.0,8.0,1.43,33525.0,93.0,Medium,97.0,80.0,90.0,15.74,52785.0,1053.0,11.916557961865468,0.5292145381090745,85.58558558558559
Cardboard,4.0,4.0,5.0,0.5,291.0,53.0,High,85.0,59.0,93.0,2.81,97201.0,880.0,51.59775587650129,6.718429850102449,43.54354354354356
Cardboard,3.0,4.0,5.0,0.53,332.0,51.0,High,84.0,60.0,86.0,2.94,102220.0,740.0,48.140175541310974,6.385281385281386,42.04204204204205
Steel,9.0,8.0,8.0,3.15,90587.0,97.0,High,93.0,83.0,76.0,25.43,21272.0,4976.0,0.29738702804287875,0.016682753607645373,92.49249249249252
Paper/Bio-Based,3.0,3.0,3.0,0.29,171.0,36.0,High,78.0,67.0,91.0,1.23,76655.0,523.0,95.73912006753869,16.39661151856274,36.33633633633634
Plastic,7.0,6.0,9.0,1.52,76964.0,94.0,Medium,92.0,75.0,82.0,14.65,49673.0,998.0,10.656149399914067,0.62929107297708,82.2822822822823
Plastic,8.0,8.0,9.0,1.41,35850.0,87.0,Medium,89.0,74.0,83.0,11.55,59371.0,1147.0,12.218318228090574,1.0171646535282899,80.18018018018017
Plastic,7.0,7.0,8.0,1.48,31602.0,12.0,Medium,70.0,31.0,56.0,1.42,31018.0,171.0,11.197753442364313,14.093535572408815,7.507507507507512
Plastic,7.0,6.0,8.0,1.53,40050.0,96.0,Medium,96.0,79.0,90.0,15.25,50106.0,1088.0,10.525674891629386,0.572433031449425,85.8858858858859
Steel,10.0,10.0,9.0,2.8,157790.0,98.0,High,91.0,85.0,73.0,24.33,20573.0,4938.0,1.5047001372103743,0.05432298897157106,96.99699699699701
Cardboard,4.0,5.0,4.0,0.48,250.0,48.0,High,87.0,61.0,90.0,3.39,100328.0,741.0,54.15056219686755,5.429378880706315,42.64264264264265
Paper/Bio-Based,3.0,2.0,1.0,0.3,133.0,29.0,High,82.0,66.0,98.0,1.76,75226.0,663.0,92.29250108148909,11.213313201949568,30.630630630630634
Plastic,8.0,7.0,8.0,1.38,42997.0,99.0,Medium,86.0,80.0,82.0,14.94,48860.0,978.0,12.687309053369173,0.6012394566611434,90.09009009009009
Cardboard,3.0,4.0,6.0,0.49,157.0,47.0,High,90.0,61.0,90.0,2.77,100871.0,847.0,52.92895582897773,6.8272281268671176,40.24024024024025
Plastic,8.0,6.0,7.0,1.44,33532.0,97.0,Medium,97.0,79.0,91.0,14.4,51174.0,959.0,11.76879215740787,0.654380341880342,87.3873873873874
Plastic,7.0,7.0,8.0,1.56,10935.0,92.0,Medium,91.0,76.0,81.0,12.59,62098.0,1250.0,10.145245578999358,0.8657479666216761,82.5825825825826
Cardboard,4.0,4.0,5.0,0.5,332.0,51.0,High,84.0,60.0,86.0,2.94,102220.0,740.0,51.58484294940151,6.385281385281386,42.942942942942956
Plastic,7.0,6.0,9.0,1.5,30911.0,95.0,Medium,95.0,81.0,85.0,14.68,52156.0,1010.0,10.923649782205036,0.6263377857383308,86.48648648648648
Paper/Bio-Based,3.0,2.0,2.0,0.31,104.0,31.0,High,79.0,66.0,91.0,1.96,75069.0,637.0,89.08447911667793,9.985847485847488,31.831831831831842
Cardboard,5.0,4.0,5.0,0.53,154.0,48.0,High,86.0,59.0,90.0,3.22,96860.0,862.0,48.24610899045798,5.759095976487281,41.44144144144145
Plastic,7.0,7.0,9.0,1.44,64044.0,8.0,Medium,72.0,32.0,60.0,1.18,27055.0,315.0,11.76835983804774,17.1259531429023,5.705705705705711
Plastic,7.0,7.0,8.0,1.42,25244.0,96.0,Medium,86.0,80.0,82.0,14.41,49673.0,995.0,12.066702516224147,0.6533600565522841,87.3873873873874
Cardboard,3.0,5.0,6.0,0.53,242.0,52.0,High,88.0,63.0,93.0,3.14,103063.0,782.0,48.174260358962975,5.926610544444939,45.34534534534536
Plastic,9.0,8.0,7.0,1.46,69350.0,89.0,Medium,90.0,72.0,83.0,11.28,62593.0,1284.0,11.478864816770773,1.0610400238059814,81.08108108108107
Paper/Bio-Based,3.0,3.0,3.0,0.3,141.0,30.0,High,85.0,65.0,93.0,1.6,73892.0,525.0,92.27952058964752,12.416229603729604,31.531531531531535
Cardboard,3.0,4.0,6.0,0.51,154.0,48.0,High,86.0,60.0,90.0,3.22,96860.0,862.0,50.4975255970531,5.759095976487281,40.24024024024025
Plastic,8.0,8.0,9.0,1.42,52150.0,86.0,Medium,90.0,76.0,78.0,12.72,59942.0,1268.0,12.06608063339051,0.8485618155429475,80.78078078078079
Plastic,7.0,7.0,8.0,1.52,33525.0,93.0,Medium,97.0,79.0,90.0,15.74,52785.0,1053.0,10.656661665660106,0.5292145381090745,84.984984984985
Steel,9.0,9.0,9.0,2.97,103598.0,99.0,High,90.0,85.0,76.0,24.62,21703.0,5063.0,0.8827781359977234,0.04407317567350055,95.79579579579581
Cardboard,4.0,5.0,6.0,0.51,197.0,50.0,High,87.0,61.0,83.0,3.87,96646.0,743.0,50.45439818246282,4.654776747800003,43.84384384384385
Plastic,9.0,7.0,9.0,1.5,46640.0,94.0,Medium,88.0,74.0,75.0,11.69,54650.0,1189.0,10.923317810223516,0.9952123724578814,84.38438438438442
Plastic,7.0,6.0,7.0,1.52,42997.0,99.0,Medium,86.0,78.0,82.0,14.94,48860.0,978.0,10.656461722448775,0.6012394566611434,87.0870870870871
Cardboard,3.0,4.0,5.0,0.52,169.0,46.0,High,90.0,61.0,87.0,2.82,96624.0,825.0,49.33263203911124,6.691712542776374,39.63963963963965
Cardboard,4.0,4.0,5.0,0.5,153.0,53.0,High,86.0,60.0,84.0,2.83,101569.0,765.0,51.692067795519826,6.665184050343061,44.14414414414414
Plastic,8.0,7.0,8.0,1.48,35850.0,87.0,Medium,89.0,79.0,83.0,11.55,59371.0,1147.0,11.197639351020747,1.0171646535282899,82.2822822822823
Plastic,8.0,7.0,7.0,1.52,40050.0,96.0,Medium,96.0,79.0,90.0,15.25,50106.0,1088.0,10.656513795302128,0.572433031449425,87.68768768768768
Cardboard,4.0,4.0,5.0,0.51,209.0,50.0,High,86.0,64.0,91.0,3.06,99778.0,745.0,50.44552987689224,6.102884044060515,44.74474474474476
Plastic,7.0,7.0,8.0,1.55,60408.0,92.0,Medium,88.0,75.0,77.0,12.01,57077.0,1087.0,10.26880577472485,0.9469575664413301,81.98198198198199
Plastic,7.0,6.0,9.0,1.41,25244.0,96.0,Medium,86.0,78.0,82.0,14.41,49673.0,995.0,12.218674823876395,0.6533600565522841,85.28528528528531
Steel,10.0,9.0,8.0,3.02,157790.0,98.0,High,91.0,83.0,72.0,24.33,20573.0,4938.0,0.7130566891983978,0.05432298897157106,94.89489489489492
Cardboard,4.0,5.0,4.0,0.5,197.0,50.0,High,87.0,59.0,83.0,3.87,96646.0,743.0,51.64764898395824,4.654776747800003,42.64264264264265
Plastic,7.0,6.0,7.0,1.55,30911.0,95.0,Medium,95.0,81.0,85.0,14.68,52156.0,1010.0,10.269286439449488,0.6263377857383308,86.48648648648648
Cardboard,4.0,4.0,6.0,0.51,291.0,53.0,High,85.0,60.0,93.0,2.81,97201.0,880.0,50.40450507500587,6.718429850102449,44.14414414414414
Plastic,9.0,8.0,8.0,1.52,52407.0,87.0,Medium,97.0,78.0,81.0,12.45,56902.0,1222.0,10.656334655066182,0.8846575111635353,83.4834834834835
Cardboard,3.0,3.0,5.0,0.53,154.0,48.0,High,86.0,59.0,90.0,3.22,96860.0,862.0,48.24610899045798,5.759095976487281,38.73873873873875
Plastic,7.0,7.0,8.0,1.52,29304.0,93.0,Medium,93.0,79.0,83.0,15.11,51095.0,966.0,10.656792400570982,0.5852960187837752,84.984984984985
Cardboard,5.0,4.0,5.0,0.47,250.0,48.0,High,87.0,62.0,90.0,3.39,100328.0,741.0,55.49931642728124,5.429378880706315,43.24324324324325
Plastic,8.0,8.0,9.0,1.57,69350.0,89.0,Medium,90.0,75.0,83.0,11.28,62593.0,1284.0,10.01866566390687,1.0610400238059814,81.98198198198199
Cardboard,3.0,3.0,4.0,0.52,157.0,47.0,High,90.0,61.0,90.0,2.77,100871.0,847.0,49.346393571740705,6.8272281268671176,39.33933933933934
Plastic,8.0,6.0,7.0,1.5,33532.0,93.0,Medium,97.0,82.0,91.0,14.4,51174.0,959.0,10.923572839681949,0.654380341880342,86.78678678678679
Plastic,9.0,8.0,7.0,1.48,52150.0,86.0,Medium,90.0,76.0,78.0,12.72,59942.0,1268.0,11.19737406397293,0.8485618155429475,81.68168168168168
Cardboard,3.0,3.0,5.0,0.53,201.0,50.0,High,85.0,60.0,89.0,2.6,99953.0,717.0,48.19990781821554,7.326967903890981,40.54054054054054
Plastic,7.0,6.0,8.0,1.4,76964.0,94.0,Medium,92.0,75.0,82.0,14.65,49673.0,998.0,12.372008165222322,0.62929107297708,82.2822822822823
Cardboard,4.0,5.0,6.0,0.5,332.0,51.0,High,84.0,60.0,86.0,2.94,102220.0,740.0,51.58484294940151,6.385281385281386,43.84384384384385
Plastic,8.0,8.0,9.0,1.48,35850.0,87.0,Medium,89.0,79.0,83.0,11.55,59371.0,1147.0,11.197639351020747,1.0171646535282899,83.18318318318319
Plastic,7.0,7.0,7.0,1.5,29304.0,93.0,Medium,93.0,81.0,83.0,15.11,51095.0,966.0,10.923703764063376,0.5852960187837752,86.1861861861862
Cardboard,4.0,4.0,4.0,0.53,291.0,53.0,High,85.0,60.0,93.0,2.81,97201.0,880.0,48.15308846841075,6.718429850102449,44.14414414414414
Plastic,8.0,8.0,8.0,1.5,46640.0,94.0,Medium,88.0,74.0,75.0,11.69,54650.0,1189.0,10.923317810223516,0.9952123724578814,84.38438438438442
Plastic,7.0,6.0,9.0,1.44,40050.0,96.0,Medium,96.0,79.0,90.0,15.25,50106.0,1088.0,11.76864447652044,0.572433031449425,85.8858858858859
Cardboard,3.0,4.0,6.0,0.49,197.0,50.0,High,87.0,61.0,83.0,3.87,96646.0,743.0,52.889603899800406,4.654776747800003,42.04204204204205
Plastic,8.0,7.0,9.0,1.43,52407.0,87.0,Medium,97.0,75.0,81.0,12.45,56902.0,1222.0,11.916230951271544,0.8846575111635353,79.8798798798799
Plastic,8.0,6.0,7.0,1.52,42997.0,99.0,Medium,86.0,80.0,82.0,14.94,48860.0,978.0,10.656461722448775,0.6012394566611434,89.1891891891892
Cardboard,4.0,5.0,4.0,0.52,169.0,46.0,High,90.0,65.0,87.0,2.82,96624.0,825.0,49.33263203911124,6.691712542776374,43.84384384384385
Plastic,8.0,8.0,9.0,1.53,60408.0,92.0,Medium,88.0,74.0,77.0,12.01,57077.0,1087.0,10.525418850315262,0.9469575664413301,83.18318318318319
Plastic,7.0,7.0,8.0,1.5,30911.0,95.0,Medium,95.0,82.0,85.0,14.68,52156.0,1010.0,10.923649782205036,0.6263377857383308,87.98798798798799
Cardboard,3.0,3.0,5.0,0.51,157.0,47.0,High,90.0,61.0,90.0,2.77,100871.0,847.0,50.49375011164014,6.8272281268671176,39.33933933933934
Plastic,9.0,6.0,9.0,1.45,40250.0,94.0,Medium,96.0,77.0,78.0,11.84,60648.0,1118.0,11.62291323280315,0.9722681597681597,85.28528528528531
Plastic,9.0,7.0,8.0,1.48,76964.0,94.0,Medium,92.0,75.0,82.0,14.65,49673.0,998.0,11.197185947533786,0.62929107297708,84.984984984985
Cardboard,4.0,4.0,4.0,0.51,209.0,50.0,High,86.0,60.0,91.0,3.06,99778.0,745.0,50.44552987689224,6.102884044060515,42.34234234234234
Plastic,8.0,7.0,9.0,1.47,33532.0,97.0,Medium,97.0,81.0,91.0,14.4,51174.0,959.0,11.337557811629338,0.654380341880342,89.4894894894895
Cardboard,3.0,5.0,6.0,0.51,154.0,48.0,High,86.0,60.0,90.0,3.22,96860.0,862.0,50.4975255970531,5.759095976487281,41.14114114114114
Plastic,8.0,6.0,9.0,1.36,29304.0,93.0,Medium,93.0,81.0,83.0,15.11,51095.0,966.0,13.011892666680346,0.5852960187837752,86.1861861861862
Cardboard,3.0,3.0,5.0,0.5,291.0,53.0,High,85.0,60.0,93.0,2.81,97201.0,880.0,51.59775587650129,6.718429850102449,42.342342342342356
Plastic,8.0,7.0,7.0,1.49,25244.0,96.0,Medium,86.0,79.0,82.0,14.41,49673.0,995.0,11.060013471574695,0.6533600565522841,87.68768768768768
Cardboard,5.0,4.0,5.0,0.52,332.0,51.0,High,84.0,62.0,86.0,2.94,102220.0,740.0,49.24423560800666,6.385281385281386,45.045045045045065
Plastic,7.0,6.0,8.0,1.47,40050.0,96.0,Medium,96.0,80.0,90.0,15.25,50106.0,1088.0,11.337410130741908,0.572433031449425,86.48648648648648
Cardboard,3.0,4.0,5.0,0.5,242.0,52.0,High,88.0,60.0,90.0,3.14,103063.0,782.0,51.618927767053506,5.926610544444939,42.64264264264265
Plastic,8.0,7.0,9.0,1.55,32911.0,97.0,Medium,100.0,81.0,90.0,14.55,46054.0,1003.0,10.26922661926099,0.6392233196356907,89.4894894894895
Cardboard,3.0,3.0,6.0,0.51,169.0,46.0,High,90.0,60.0,87.0,2.82,96624.0,825.0,50.47998857901068,6.691712542776374,38.13813813813814
Plastic,8.0,7.0,8.0,1.46,30911.0,95.0,Medium,95.0,79.0,85.0,14.68,52156.0,1010.0,11.479410429476875,0.6263377857383308,87.0870870870871
Cardboard,4.0,4.0,5.0,0.49,197.0,50.0,High,87.0,60.0,83.0,3.87,96646.0,743.0,52.889603899800406,4.654776747800003,42.34234234234234
Plastic,8.0,7.0,8.0,1.46,42997.0,99.0,Medium,86.0,78.0,82.0,14.94,48860.0,978.0,11.479133733213004,0.6012394566611434,88.88888888888891
Cardboard,3.0,5.0,5.0,0.5,157.0,47.0,High,90.0,61.0,90.0,2.77,100871.0,847.0,51.68700091313556,6.8272281268671176,41.14114114114114
Plastic,8.0,6.0,7.0,1.4,33532.0,93.0,Medium,97.0,81.0,91.0,14.4,51174.0,959.0,12.37252024149781,0.654380341880342,86.1861861861862
Cardboard,4.0,4.0,5.0,0.53,209.0,50.0,High,86.0,60.0,91.0,3.06,99778.0,745.0,48.194113270297116,6.102884044060515,42.34234234234234
Plastic,8.0,7.0,7.0,1.52,76964.0,94.0,Medium,92.0,75.0,82.0,14.65,49673.0,998.0,10.656149399914067,0.62929107297708,84.08408408408408
Cardboard,3.0,4.0,6.0,0.5,154.0,48.0,High,86.0,59.0,90.0,3.22,96860.0,862.0,51.690776398548515,5.759095976487281,39.63963963963965
Plastic,7.0,7.0,8.0,1.55,29304.0,93.0,Medium,93.0,81.0,83.0,15.11,51095.0,966.0,10.269340421307827,0.5852960187837752,86.1861861861862
Cardboard,3.0,4.0,5.0,0.51,332.0,51.0,High,84.0,62.0,86.0,2.94,102220.0,740.0,50.391592147906096,6.385281385281386,43.24324324324325
Plastic,7.0,7.0,8.0,1.53,40050.0,96.0,Medium,96.0,80.0,90.0,15.25,50106.0,1088.0,10.525674891629386,0.572433031449425,87.3873873873874
Cardboard,4.0,4.0,5.0,0.5,291.0,53.0,High,85.0,60.0,93.0,2.81,97201.0,880.0,51.59775587650129,6.718429850102449,44.14414414414414
Plastic,8.0,6.0,7.0,1.5,25244.0,96.0,Medium,86.0,78.0,82.0,14.41,49673.0,995.0,10.923870762679243,0.6533600565522841,86.1861861861862
Cardboard,3.0,5.0,6.0,0.53,169.0,46.0,High,90.0,60.0,87.0,2.82,96624.0,825.0,48.22857197241555,6.691712542776374,39.939939939939954
Plastic,7.0,6.0,9.0,1.48,33532.0,97.0,Medium,97.0,82.0,91.0,14.4,51174.0,959.0,11.197698023809274,0.654380341880342,88.2882882882883
Cardboard,5.0,3.0,5.0,0.47,197.0,50.0,High,87.0,60.0,83.0,3.87,96646.0,743.0,55.53206116754969,4.654776747800003,42.34234234234234
Plastic,9.0,7.0,9.0,1.37,30911.0,95.0,Medium,95.0,81.0,85.0,14.68,52156.0,1010.0,12.848528812354573,0.6263377857383308,89.1891891891892
Cardboard,3.0,4.0,5.0,0.5,157.0,47.0,High,90.0,60.0,90.0,2.77,100871.0,847.0,51.68700091313556,6.8272281268671176,39.63963963963965
Plastic,7.0,7.0,7.0,1.42,40050.0,96.0,Medium,96.0,79.0,90.0,15.25,50106.0,1088.0,12.066256912339426,0.572433031449425,86.78678678678679
Cardboard,3.0,3.0,5.0,0.53,154.0,48.0,High,86.0,59.0,90.0,3.22,96860.0,862.0,48.24610899045798,5.759095976487281,38.73873873873875
Plastic,9.0,6.0,7.0,1.52,29304.0,93.0,Medium,93.0,81.0,83.0,15.11,51095.0,966.0,10.656792400570982,0.5852960187837752,87.0870870870871
Cardboard,4.0,4.0,5.0,0.5,332.0,51.0,High,84.0,60.0,86.0,2.94,102220.0,740.0,51.58484294940151,6.385281385281386,42.942942942942956
Plastic,7.0,7.0,8.0,1.48,42997.0,99.0,Medium,86.0,76.0,82.0,14.94,48860.0,978.0,11.19749827006849,0.6012394566611434,86.78678678678679
Cardboard,4.0,4.0,5.0,0.51,291.0,53.0,High,85.0,60.0,93.0,2.81,97201.0,880.0,50.40450507500587,6.718429850102449,44.14414414414414
Plastic,7.0,6.0,9.0,1.5,33532.0,97.0,Medium,97.0,82.0,91.0,14.4,51174.0,959.0,10.923572839681949,0.654380341880342,88.2882882882883
Cardboard,3.0,5.0,6.0,0.48,197.0,50.0,High,87.0,61.0,83.0,3.87,96646.0,743.0,54.183306937136,4.654776747800003,42.942942942942956
Plastic,8.0,7.0,8.0,1.46,76964.0,94.0,Medium,92.0,75.0,82.0,14.65,49673.0,998.0,11.478821410678297,0.62929107297708,84.08408408408408
Cardboard,3.0,3.0,5.0,0.51,169.0,46.0,High,90.0,62.0,87.0,2.82,96624.0,825.0,50.47998857901068,6.691712542776374,39.33933933933934
Plastic,8.0,7.0,8.0,1.43,25244.0,96.0,Medium,86.0,80.0,82.0,14.41,49673.0,995.0,11.916855695392211,0.6533600565522841,88.2882882882883
Cardboard,3.0,4.0,5.0,0.5,154.0,48.0,High,86.0,59.0,90.0,3.22,96860.0,862.0,51.690776398548515,5.759095976487281,39.63963963963965
Plastic,7.0,6.0,9.0,1.46,30911.0,95.0,Medium,95.0,79.0,85.0,14.68,52156.0,1010.0,11.479410429476875,0.6263377857383308,85.28528528528531
Cardboard,4.0,4.0,5.0,0.5,157.0,47.0,High,90.0,60.0,90.0,2.77,100871.0,847.0,51.68700091313556,6.8272281268671176,40.54054054054054
Plastic,8.0,7.0,8.0,1.42,40050.0,96.0,Medium,96.0,79.0,90.0,15.25,50106.0,1088.0,12.066256912339426,0.572433031449425,87.68768768768768
Cardboard,4.0,5.0,4.0,0.53,242.0,52.0,High,88.0,60.0,90.0,3.14,103063.0,782.0,48.174260358962975,5.926610544444939,44.44444444444445
Plastic,9.0,6.0,7.0,1.4,29304.0,93.0,Medium,93.0,81.0,83.0,15.11,51095.0,966.0,12.372651165879237,0.5852960187837752,87.0870870870871
Cardboard,4.0,4.0,5.0,0.52,291.0,53.0,High,85.0,59.0,93.0,2.81,97201.0,880.0,49.25714853510643,6.718429850102449,43.54354354354356
Plastic,7.0,7.0,9.0,1.47,33532.0,97.0,Medium,97.0,81.0,91.0,14.4,51174.0,959.0,11.337557811629338,0.654380341880342,88.58858858858858
Cardboard,3.0,3.0,5.0,0.5,332.0,51.0,High,84.0,60.0,86.0,2.94,102220.0,740.0,51.58484294940151,6.385281385281386,41.14114114114114
Plastic,7.0,7.0,7.0,1.52,42997.0,99.0,Medium,86.0,78.0,82.0,14.94,48860.0,978.0,10.656461722448775,0.6012394566611434,87.98798798798799
Cardboard,4.0,5.0,4.0,0.49,197.0,50.0,High,87.0,61.0,83.0,3.87,96646.0,743.0,52.889603899800406,4.654776747800003,43.84384384384385
Plastic,7.0,7.0,8.0,1.44,76964.0,94.0,Medium,92.0,83.0,82.0,14.65,49673.0,998.0,11.768280081132378,0.62929107297708,87.98798798798799
Cardboard,3.0,3.0,5.0,0.52,169.0,46.0,High,90.0,61.0,87.0,2.82,96624.0,825.0,49.33263203911124,6.691712542776374,38.73873873873875
Plastic,8.0,7.0,8.0,1.5,25244.0,96.0,Medium,86.0,80.0,82.0,14.41,49673.0,995.0,10.923870762679243,0.6533600565522841,88.2882882882883
Cardboard,3.0,4.0,6.0,0.51,154.0,48.0,High,86.0,60.0,90.0,3.22,96860.0,862.0,50.4975255970531,5.759095976487281,40.24024024024025
Plastic,7.0,6.0,9.0,1.54,30911.0,95.0,Medium,95.0,79.0,85.0,14.68,52156.0,1010.0,10.396759817908361,0.6263377857383308,85.28528528528531
Cardboard,4.0,4.0,5.0,0.53,157.0,47.0,High,90.0,60.0,90.0,2.77,100871.0,847.0,48.24233350504502,6.8272281268671176,40.54054054054054
Plastic,7.0,6.0,7.0,1.45,40050.0,96.0,Medium,96.0,79.0,90.0,15.25,50106.0,1088.0,11.622917007947006,0.572433031449425,85.8858858858859
Cardboard,3.0,5.0,6.0,0.51,242.0,52.0,High,88.0,63.0,90.0,3.14,103063.0,782.0,50.4256769655581,5.926610544444939,45.34534534534536
Plastic,9.0,7.0,7.0,1.46,29304.0,93.0,Medium,93.0,81.0,83.0,15.11,51095.0,966.0,11.479464411335211,0.5852960187837752,87.98798798798799
Cardboard,4.0,4.0,4.0,0.51,291.0,53.0,High,85.0,60.0,93.0,2.81,97201.0,880.0,50.40450507500587,6.718429850102449,44.14414414414414
Plastic,7.0,6.0,9.0,1.53,33532.0,97.0,Medium,97.0,82.0,91.0,14.4,51174.0,959.0,10.525822572516812,0.654380341880342,88.2882882882883
Cardboard,4.0,4.0,5.0,0.52,332.0,51.0,High,84.0,60.0,86.0,2.94,102220.0,740.0,49.24423560800666,6.385281385281386,42.942942942942956
Plastic,8.0,7.0,8.0,1.49,42997.0,99.0,Medium,86.0,78.0,82.0,14.94,48860.0,978.0,11.059515794836617,0.6012394566611434,88.88888888888891
Cardboard,5.0,3.0,5.0,0.48,197.0,50.0,High,87.0,61.0,83.0,3.87,96646.0,743.0,54.183306937136,4.654776747800003,42.942942942942956
Plastic,8.0,6.0,7.0,1.41,76964.0,94.0,Medium,92.0,75.0,82.0,14.65,49673.0,998.0,12.217864824603613,0.62929107297708,83.18318318318319
Cardboard,3.0,5.0,6.0,0.53,169.0,46.0,High,90.0,60.0,87.0,2.82,96624.0,825.0,48.22857197241555,6.691712542776374,39.939939939939954
Plastic,7.0,7.0,8.0,1.5,25244.0,96.0,Medium,86.0,80.0,82.0,14.41,49673.0,995.0,10.923870762679243,0.6533600565522841,87.3873873873874
Cardboard,3.0,4.0,6.0,0.5,154.0,48.0,High,86.0,60.0,90.0,3.22,96860.0,862.0,51.690776398548515,5.759095976487281,40.24024024024025
Plastic,7.0,6.0,7.0,1.46,30911.0,95.0,Medium,95.0,79.0,85.0,14.68,52156.0,1010.0,11.479410429476875,0.6263377857383308,85.28528528528531
Cardboard,4.0,4.0,5.0,0.51,157.0,47.0,High,90.0,61.0,90.0,2.77,100871.0,847.0,50.49375011164014,6.8272281268671176,41.14114114114114
Plastic,8.0,7.0,8.0,1.46,40050.0,96.0,Medium,96.0,79.0,90.0,15.25,50106.0,1088.0,11.479185806066358,0.572433031449425,87.68768768768768
Cardboard,3.0,5.0,6.0,0.52,242.0,52.0,High,88.0,63.0,90.0,3.14,103063.0,782.0,49.278320425658656,5.926610544444939,45.34534534534536
Plastic,9.0,7.0,7.0,1.53,29304.0,93.0,Medium,93.0,81.0,83.0,15.11,51095.0,966.0,10.52595349689824,0.5852960187837752,87.98798798798799
Cardboard,4.0,4.0,4.0,0.52,291.0,53.0,High,85.0,60.0,93.0,2.81,97201.0,880.0,49.25714853510643,6.718429850102449,44.14414414414414
Plastic,7.0,6.0,9.0,1.48,33532.0,97.0,Medium,97.0,81.0,91.0,14.4,51174.0,959.0,11.197698023809274,0.654380341880342,87.68768768768768
Cardboard,3.0,3.0,5.0,0.51,332.0,51.0,High,84.0,60.0,86.0,2.94,102220.0,740.0,50.391592147906096,6.385281385281386,41.14114114114114
Plastic,8.0,7.0,7.0,1.5,42997.0,99.0,Medium,86.0,78.0,82.0,14.94,48860.0,978.0,10.923373085941165,0.6012394566611434,88.88888888888891
Cardboard,5.0,4.0,5.0,0.48,197.0,50.0,High,87.0,61.0,83.0,3.87,96646.0,743.0,54.183306937136,4.654776747800003,43.84384384384385
Plastic,7.0,6.0,7.0,1.45,76964.0,94.0,Medium,92.0,83.0,82.0,14.65,49673.0,998.0,11.622552612558945,0.62929107297708,87.0870870870871
Cardboard,3.0,5.0,6.0,0.53,169.0,46.0,High,90.0,60.0,87.0,2.82,96624.0,825.0,48.22857197241555,6.691712542776374,39.939939939939954
Plastic,7.0,7.0,8.0,1.41,25244.0,96.0,Medium,86.0,78.0,82.0,14.41,49673.0,995.0,12.218674823876395,0.6533600565522841,86.1861861861862
Cardboard,3.0,3.0,5.0,0.51,154.0,48.0,High,86.0,60.0,90.0,3.22,96860.0,862.0,50.4975255970531,5.759095976487281,39.339339339339354
Plastic,7.0,6.0,9.0,1.52,30911.0,95.0,Medium,95.0,81.0,85.0,14.68,52156.0,1010.0,10.656738418712646,0.6263377857383308,86.48648648648648
Cardboard,4.0,4.0,5.0,0.51,157.0,47.0,High,90.0,61.0,90.0,2.77,100871.0,847.0,50.49375011164014,6.8272281268671176,41.14114114114114
Plastic,8.0,7.0,7.0,1.53,40050.0,96.0,Medium,96.0,80.0,90.0,15.25,50106.0,1088.0,10.525674891629386,0.572433031449425,88.2882882882883
Cardboard,4.0,4.0,5.0,0.51,242.0,52.0,High,88.0,60.0,90.0,3.14,103063.0,782.0,50.4256769655581,5.926610544444939,43.54354354354354
Plastic,7.0,6.0,9.0,1.38,29304.0,93.0,Medium,93.0,81.0,83.0,15.11,51095.0,966.0,12.68763973149138,0.5852960187837752,85.28528528528531
Cardboard,4.0,4.0,5.0,0.5,291.0,53.0,High,85.0,60.0,93.0,2.81,97201.0,880.0,51.59775587650129,6.718429850102449,44.14414414414414
Plastic,8.0,7.0,7.0,1.52,33532.0,97.0,Medium,97.0,82.0,91.0,14.4,51174.0,959.0,10.656661476189559,0.654380341880342,90.09009009009011
Cardboard,3.0,4.0,5.0,0.53,332.0,51.0,High,84.0,60.0,86.0,2.94,102220.0,740.0,48.140175541310974,6.385281385281386,42.04204204204205
Plastic,7.0,6.0,7.0,1.48,42997.0,99.0,Medium,86.0,78.0,82.0,14.94,48860.0,978.0,11.19749827006849,0.6012394566611434,87.0870870870871
Cardboard,4.0,4.0,5.0,0.47,197.0,50.0,High,87.0,61.0,83.0,3.87,96646.0,743.0,55.53206116754969,4.654776747800003,42.942942942942956
Plastic,7.0,7.0,9.0,1.46,76964.0,94.0,Medium,92.0,75.0,82.0,14.65,49673.0,998.0,11.478821410678297,0.62929107297708,83.18318318318319
Cardboard,3.0,3.0,5.0,0.5,169.0,46.0,High,90.0,62.0,87.0,2.82,96624.0,825.0,51.67323938050609,6.691712542776374,39.33933933933934
