material_id,material_type,strength_mpa,weight_capacity,co2_emission_score,biodegradability_percent,recyclability_percent,cost_per_kg,indusrty_use_case
MAT_0001,Cardboard,6,5.25,0.54,1.941489362,98,0.287116962,"E-commerce, Food & Beverage, Consumer Goods, Apparel"
MAT_0002,Paper/Bio-Based,3,3,0.32,5.615384615,100,0.246989028,"Fragile Items, Cosmetics, Pharmaceuticals, Internal Component Protection"
MAT_0003,Steel,8,8.5,3.25,0.002025437,87,0.073553926,"Heavy Industrial Components, High-Security Goods"
MAT_0004,Paper/Bio-Based,1,1.75,0.31,5.615384615,100,0.277953476,"Fragile Items, Cosmetics, Pharmaceuticals, Internal Component Protection"
MAT_0005,Paper/Bio-Based,3,2.75,0.31,2.991803279,100,0.213047741,"Fragile Items, Cosmetics, Pharmaceuticals, Internal Component Protection"
MAT_0006,Plastic,8,7.5,1.41,0.006964718,85,0.579729869,"Electronics, Medium-Value Goods, Retail Logistics"
MAT_0007,Steel,8,8.5,3.01,0.002476944,91,0.119008262,"Heavy Industrial Components, High-Security Goods"
MAT_0008,Steel,8,8.75,3.2,0.002266152,96,0.111449195,"Heavy Industrial Components, High-Security Goods"
MAT_0009,Steel,8,8.5,3,0.0031711,94,0.112263689,"Heavy Industrial Components, High-Security Goods"
MAT_0010,Paper/Bio-Based,1,1.5,0.29,11.77419355,94,0.30050306,"Fragile Items, Cosmetics, Pharmaceuticals, Internal Component Protection"
MAT_0011,Cardboard,5,4.75,0.54,1.862244898,100,0.450618016,"E-commerce, Food & Beverage, Consumer Goods, Apparel"
MAT_0012,Steel,8,8.25,3.23,0.004821091,87,0.112847217,"Heavy Industrial Components, High-Security Goods"
MAT_0013,Plastic,7,7.25,1.59,0.005149476,76,0.177064024,"Low-Value Goods, Secondary Protection for Non-Fragile Items"
MAT_0014,Paper/Bio-Based,3,3.25,0.33,2.517241379,100,0.319286168,"Fragile Items, Cosmetics, Pharmaceuticals, Internal Component Protection"
MAT_0015,Plastic,8,7.75,1.58,0.004997057,87,0.566761353,"Electronics, Medium-Value Goods, Retail Logistics"
MAT_0016,Cardboard,5,4.5,0.49,1.028169014,93,0.345530133,"E-commerce, Food & Beverage, Consumer Goods, Apparel"
MAT_0017,Plastic,8,7.75,1.39,0.005044084,71,0.117070361,"Low-Value Goods, Secondary Protection for Non-Fragile Items"
MAT_0018,Plastic,7,7.75,1.46,0.009527539,62,0.153642351,"Low-Value Goods, Secondary Protection for Non-Fragile Items"
MAT_0019,Plastic,8,7.75,1.47,0.006271478,86,0.694951166,"Electronics, Medium-Value Goods, Retail Logistics"
MAT_0020,Cardboard,5,4.75,0.53,1.674311927,92,0.343534854,"E-commerce, Food & Beverage, Consumer Goods, Apparel"
MAT_0021,Paper/Bio-Based,3,2.75,0.33,5.887096774,100,0.189222429,"Fragile Items, Cosmetics, Pharmaceuticals, Internal Component Protection"
MAT_0022,Plastic,8,8,1.36,0.010022792,94,0.638078017,"Industrial Components, Heavy Machinery, Automotive Parts"
MAT_0023,Cardboard,4,4,0.47,1.72985782,90,0.493890027,"E-commerce, Food & Beverage, Consumer Goods, Apparel"
MAT_0024,Plastic,8,7.5,1.35,0.023639896,88,0.762312765,"Electronics, Medium-Value Goods, Retail Logistics"
MAT_0025,Plastic,7,7.75,1.61,0.006838151,63,0.230020483,"Low-Value Goods, Secondary Protection for Non-Fragile Items"
MAT_0026,Paper/Bio-Based,3,2.75,0.3,4.50617284,100,0.345465647,"Fragile Items, Cosmetics, Pharmaceuticals, Internal Component Protection"
MAT_0027,Cardboard,6,4.75,0.49,3.802083333,100,0.429066648,"E-commerce, Food & Beverage, Consumer Goods, Apparel"
MAT_0028,Plastic,9,8,1.52,0.008488964,92,0.746388957,"Industrial Components, Heavy Machinery, Automotive Parts"
MAT_0029,Plastic,8,7.5,1.55,0.010885125,91,0.768410428,"Industrial Components, Heavy Machinery, Automotive Parts"
MAT_0030,Steel,9,9.25,2.71,0.005749752,100,0.126950618,"Heavy Industrial Components, High-Security Goods"
MAT_0031,Steel,8,8.5,2.98,0.002715471,98,0.10413054,"Heavy Industrial Components, High-Security Goods"
MAT_0032,Plastic,7,7.5,1.38,0.00904697,90,0.627562383,"Electronics, Medium-Value Goods, Retail Logistics"
MAT_0033,Cardboard,6,4.5,0.49,1.377358491,94,0.340394962,"E-commerce, Food & Beverage, Consumer Goods, Apparel"
MAT_0034,Cardboard,5,4.5,0.52,1.901041667,99,0.383919467,"E-commerce, Food & Beverage, Consumer Goods, Apparel"
MAT_0035,Plastic,8,8.25,1.37,0.007435626,70,0.169420268,"Low-Value Goods, Secondary Protection for Non-Fragile Items"
MAT_0036,Plastic,8,8,1.64,0.003909388,66,0.204447314,"Low-Value Goods, Secondary Protection for Non-Fragile Items"
MAT_0037,Plastic,9,8.5,1.45,0.004060564,55,0.235673203,"Low-Value Goods, Secondary Protection for Non-Fragile Items"
MAT_0038,Steel,9,9,2.92,0.005066559,97,0.11346132,"Heavy Industrial Components, High-Security Goods"
MAT_0039,Cardboard,4,4.5,0.55,1.42578125,100,0.354678433,"E-commerce, Food & Beverage, Consumer Goods, Apparel"
MAT_0040,Cardboard,4,4,0.49,1.036931818,100,0.297911229,"E-commerce, Food & Beverage, Consumer Goods, Apparel"
MAT_0041,Plastic,7,7,1.39,0.02703904,86,0.741613913,"Industrial Components, Heavy Machinery, Automotive Parts"
MAT_0042,Steel,9,9.5,2.85,0.005547534,93,0.100751641,"Heavy Industrial Components, High-Security Goods"
MAT_0043,Paper/Bio-Based,1,1.75,0.31,2.324840764,100,0.228658182,"Fragile Items, Cosmetics, Pharmaceuticals, Internal Component Protection"
MAT_0044,Steel,9,9.25,2.97,0.002150918,89,0.092035271,"Heavy Industrial Components, High-Security Goods"
MAT_0045,Paper/Bio-Based,2,2,0.31,3.509615385,100,0.199766895,"Fragile Items, Cosmetics, Pharmaceuticals, Internal Component Protection"
MAT_0046,Plastic,7,7.5,1.5,0.022350132,84,0.679422794,"Industrial Components, Heavy Machinery, Automotive Parts"
MAT_0047,Plastic,8,8,1.41,0.003687949,80,0.570374123,"Electronics, Medium-Value Goods, Retail Logistics"
MAT_0048,Cardboard,4,4,0.49,4.055555556,100,0.358764706,"E-commerce, Food & Beverage, Consumer Goods, Apparel"
MAT_0049,Plastic,9,8.5,1.44,0.005700453,88,0.794204645,"Industrial Components, Heavy Machinery, Automotive Parts"
MAT_0050,Cardboard,5,4.5,0.49,1.224832215,93,0.315139624,"E-commerce, Food & Beverage, Consumer Goods, Apparel"
MAT_0051,Plastic,9,8.75,1.44,0.005699207,78,0.101348889,"Low-Value Goods, Secondary Protection for Non-Fragile Items"
MAT_0052,Plastic,9,8.5,1.56,0.005263158,81,0.54988243,"Electronics, Medium-Value Goods, Retail Logistics"
MAT_0053,Plastic,9,8.5,1.47,0.00517848,79,0.593939057,"Electronics, Medium-Value Goods, Retail Logistics"
MAT_0054,Plastic,9,7.75,1.61,0.004057224,87,0.839078162,"Industrial Components, Heavy Machinery, Automotive Parts"
MAT_0055,Plastic,7,7.5,1.6,0.006867615,80,0.630216497,"Electronics, Medium-Value Goods, Retail Logistics"
MAT_0056,Paper/Bio-Based,1,1.5,0.29,2.073863636,100,0.327386171,"Fragile Items, Cosmetics, Pharmaceuticals, Internal Component Protection"
MAT_0057,Plastic,8,8,1.46,0.00552528,80,0.596806984,"Electronics, Medium-Value Goods, Retail Logistics"
MAT_0058,Cardboard,5,5,0.52,3.173913043,100,0.279939816,"E-commerce, Food & Beverage, Consumer Goods, Apparel"
MAT_0059,Cardboard,5,5,0.53,2.466216216,95,0.461652291,"E-commerce, Food & Beverage, Consumer Goods, Apparel"
MAT_0060,Cardboard,4,4.25,0.54,1.674311927,100,0.313085053,"E-commerce, Food & Beverage, Consumer Goods, Apparel"
MAT_0061,Cardboard,6,5,0.53,1.271777003,96,0.461561384,"E-commerce, Food & Beverage, Consumer Goods, Apparel"
MAT_0062,Paper/Bio-Based,2,2.5,0.28,8.295454545,95,0.177615902,"Fragile Items, Cosmetics, Pharmaceuticals, Internal Component Protection"
MAT_0063,Steel,9,9.25,2.92,0.002026371,81,0.097091363,"Heavy Industrial Components, High-Security Goods"
MAT_0064,Plastic,8,7.75,1.57,0.02145166,69,0.0302505,"Low-Value Goods, Secondary Protection for Non-Fragile Items"
MAT_0065,Plastic,9,8.25,1.57,0.009117934,80,0.62643097,"Industrial Components, Heavy Machinery, Automotive Parts"
MAT_0066,Cardboard,6,5,0.55,1.28975265,100,0.410801634,"E-commerce, Food & Beverage, Consumer Goods, Apparel"
MAT_0067,Plastic,8,7.75,1.54,0.007169374,84,0.562293529,"Electronics, Medium-Value Goods, Retail Logistics"
MAT_0068,Cardboard,6,5.5,0.48,2.172619048,97,0.353012621,"E-commerce, Food & Beverage, Consumer Goods, Apparel"
MAT_0069,Plastic,9,8.25,1.55,0.016784696,82,0.658450948,"Electronics, Medium-Value Goods, Retail Logistics"
MAT_0070,Plastic,9,8.25,1.62,0.006909738,73,0.149377105,"Low-Value Goods, Secondary Protection for Non-Fragile Items"
MAT_0071,Plastic,7,7.75,1.42,0.005965027,68,0.153474607,"Low-Value Goods, Secondary Protection for Non-Fragile Items"
MAT_0072,Plastic,7,7,1.36,0.005157407,73,0.238481406,"Low-Value Goods, Secondary Protection for Non-Fragile Items"
MAT_0073,Plastic,9,8.25,1.47,0.007825901,92,0.537307401,"Electronics, Medium-Value Goods, Retail Logistics"
MAT_0074,Cardboard,6,4.5,0.51,2.159763314,100,0.3302784,"E-commerce, Food & Beverage, Consumer Goods, Apparel"
MAT_0075,Plastic,9,8.75,1.59,0.016637797,82,0.175024103,"Low-Value Goods, Secondary Protection for Non-Fragile Items"
MAT_0076,Paper/Bio-Based,2,2.25,0.3,2.134502924,99,0.180278489,"Fragile Items, Cosmetics, Pharmaceuticals, Internal Component Protection"
MAT_0077,Plastic,9,8.5,1.53,0.004342602,84,0.578580693,"Electronics, Medium-Value Goods, Retail Logistics"
MAT_0078,Plastic,9,8.75,1.43,0.0046568,88,0.574377456,"Electronics, Medium-Value Goods, Retail Logistics"
MAT_0079,Cardboard,4,4.25,0.52,1.46,98,0.458990445,"E-commerce, Food & Beverage, Consumer Goods, Apparel"
MAT_0080,Plastic,7,7.5,1.63,0.016282286,92,0.570770628,"Electronics, Medium-Value Goods, Retail Logistics"
MAT_0081,Plastic,9,8.75,1.47,0.004229285,86,0.567386618,"Electronics, Medium-Value Goods, Retail Logistics"
MAT_0082,Plastic,8,7.5,1.45,0.009507437,71,0.306642704,"Low-Value Goods, Secondary Protection for Non-Fragile Items"
MAT_0083,Cardboard,5,4.5,0.54,1.815920398,100,0.362451604,"E-commerce, Food & Beverage, Consumer Goods, Apparel"
MAT_0084,Plastic,7,7.75,1.35,0.004579386,63,0.297679309,"Low-Value Goods, Secondary Protection for Non-Fragile Items"
MAT_0085,Plastic,7,7,1.35,0.005593698,68,0.109292511,"Low-Value Goods, Secondary Protection for Non-Fragile Items"
MAT_0086,Cardboard,5,4.75,0.52,1.169871795,100,0.348158133,"E-commerce, Food & Beverage, Consumer Goods, Apparel"
MAT_0087,Plastic,8,7.5,1.5,0.011090517,88,0.668081456,"Industrial Components, Heavy Machinery, Automotive Parts"
MAT_0088,Plastic,9,8.25,1.45,0.008077366,69,0.133882378,"Low-Value Goods, Secondary Protection for Non-Fragile Items"
MAT_0089,Paper/Bio-Based,3,2.75,0.31,5.53030303,95,0.255828523,"Fragile Items, Cosmetics, Pharmaceuticals, Internal Component Protection"
MAT_0090,Paper/Bio-Based,2,2.75,0.28,2.744360902,100,0.199694962,"Fragile Items, Cosmetics, Pharmaceuticals, Internal Component Protection"
MAT_0091,Plastic,8,8.25,1.49,0.004081268,95,0.648434059,"Electronics, Medium-Value Goods, Retail Logistics"
MAT_0092,Paper/Bio-Based,1,2.25,0.32,2.625899281,97,0.379126306,"Fragile Items, Cosmetics, Pharmaceuticals, Internal Component Protection"
MAT_0093,Plastic,7,7.5,1.6,0.007046332,82,0.590172519,"Electronics, Medium-Value Goods, Retail Logistics"
MAT_0094,Plastic,7,7.5,1.51,0.004466799,100,0.640450626,"Industrial Components, Heavy Machinery, Automotive Parts"
MAT_0095,Cardboard,5,4,0.52,4.055555556,100,0.435722123,"E-commerce, Food & Beverage, Consumer Goods, Apparel"
MAT_0096,Cardboard,4,3.75,0.47,1.852791878,99,0.503391682,"E-commerce, Food & Beverage, Consumer Goods, Apparel"
MAT_0097,Cardboard,5,4,0.54,1.254295533,97,0.310380466,"E-commerce, Food & Beverage, Consumer Goods, Apparel"
MAT_0098,Paper/Bio-Based,3,3,0.31,3.067226891,99,0.309591352,"Fragile Items, Cosmetics, Pharmaceuticals, Internal Component Protection"
MAT_0099,Plastic,8,7.5,1.54,0.019076987,84,0.767161496,"Industrial Components, Heavy Machinery, Automotive Parts"
MAT_0100,Paper/Bio-Based,3,2.75,0.28,2.147058824,100,0.168094842,"Fragile Items, Cosmetics, Pharmaceuticals, Internal Component Protection"
MAT_0101,Paper/Bio-Based,3,2.5,0.31,2.991803279,100,0.2846949,"Fragile Items, Cosmetics, Pharmaceuticals, Internal Component Protection"
MAT_0102,Steel,8,8.25,3,0.002253615,94,0.10735844,"Heavy Industrial Components, High-Security Goods"
MAT_0103,Cardboard,4,4.25,0.51,1.508264463,99,0.413833529,"E-commerce, Food & Beverage, Consumer Goods, Apparel"
MAT_0104,Cardboard,6,5,0.52,1.951871658,100,0.374800556,"E-commerce, Food & Beverage, Consumer Goods, Apparel"
MAT_0105,Plastic,7,7.75,1.44,0.006999041,85,0.601310915,"Electronics, Medium-Value Goods, Retail Logistics"
MAT_0106,Plastic,7,7,1.4,0.005085336,61,0.248995618,"Low-Value Goods, Secondary Protection for Non-Fragile Items"
MAT_0107,Plastic,7,7.25,1.6,0.014444005,86,0.650470761,"Industrial Components, Heavy Machinery, Automotive Parts"
MAT_0108,Plastic,8,8,1.42,0.005891658,92,0.618140067,"Electronics, Medium-Value Goods, Retail Logistics"
MAT_0109,Plastic,8,7.5,1.49,0.010181311,94,0.597850959,"Electronics, Medium-Value Goods, Retail Logistics"
MAT_0110,Plastic,7,6.75,1.52,0.008500431,92,0.691959584,"Industrial Components, Heavy Machinery, Automotive Parts"
MAT_0111,Cardboard,5,4,0.51,2.401315789,100,0.346165544,"E-commerce, Food & Beverage, Consumer Goods, Apparel"
MAT_0112,Steel,8,8.75,3.15,0.004834885,95,0.110554832,"Heavy Industrial Components, High-Security Goods"
MAT_0113,Plastic,9,7.75,1.38,0.005456067,90,0.821066802,"Industrial Components, Heavy Machinery, Automotive Parts"
MAT_0114,Paper/Bio-Based,2,2.5,0.29,2.664233577,100,0.230981538,"Fragile Items, Cosmetics, Pharmaceuticals, Internal Component Protection"
MAT_0115,Cardboard,5,4.25,0.55,2.37012987,94,0.361820418,"E-commerce, Food & Beverage, Consumer Goods, Apparel"
MAT_0116,Cardboard,6,5.25,0.5,1.341911765,93,0.360901388,"E-commerce, Food & Beverage, Consumer Goods, Apparel"
MAT_0117,Plastic,9,8.25,1.39,0.011808094,87,0.687915615,"Industrial Components, Heavy Machinery, Automotive Parts"
MAT_0118,Plastic,8,8.25,1.48,0.005360316,87,0.563266039,"Electronics, Medium-Value Goods, Retail Logistics"
MAT_0119,Plastic,7,7.25,1.43,0.014458881,86,0.719384854,"Industrial Components, Heavy Machinery, Automotive Parts"
MAT_0120,Paper/Bio-Based,2,2.75,0.3,2.062146893,100,0.30368963,"Fragile Items, Cosmetics, Pharmaceuticals, Internal Component Protection"
MAT_0121,Cardboard,5,4.5,0.47,1.177419355,100,0.450539908,"E-commerce, Food & Beverage, Consumer Goods, Apparel"
MAT_0122,Plastic,9,8.5,1.6,0.00553156,69,0.189726242,"Low-Value Goods, Secondary Protection for Non-Fragile Items"
MAT_0123,Cardboard,5,4.75,0.52,1.09939759,97,0.406117297,"E-commerce, Food & Beverage, Consumer Goods, Apparel"
MAT_0124,Steel,9,9.25,2.98,0.003523234,94,0.105535821,"Heavy Industrial Components, High-Security Goods"
MAT_0125,Plastic,7,7.25,1.38,0.012455637,82,0.799218892,"Industrial Components, Heavy Machinery, Automotive Parts"
MAT_0126,Plastic,8,7.25,1.42,0.033379058,86,0.625451056,"Electronics, Medium-Value Goods, Retail Logistics"
MAT_0127,Cardboard,4,4.25,0.51,2.385620915,100,0.375738915,"E-commerce, Food & Beverage, Consumer Goods, Apparel"
MAT_0128,Steel,8,8.5,3.13,0.003666241,93,0.102465228,"Heavy Industrial Components, High-Security Goods"
MAT_0129,Paper/Bio-Based,2,2.5,0.3,2.073863636,100,0.250070586,"Fragile Items, Cosmetics, Pharmaceuticals, Internal Component Protection"
MAT_0130,Cardboard,6,5,0.52,1.327272727,96,0.391299194,"E-commerce, Food & Beverage, Consumer Goods, Apparel"
MAT_0131,Plastic,8,7.5,1.48,0.008810679,84,0.731365774,"Industrial Components, Heavy Machinery, Automotive Parts"
MAT_0132,Cardboard,6,5,0.53,3.613861386,99,0.424444754,"E-commerce, Food & Beverage, Consumer Goods, Apparel"
MAT_0133,Plastic,9,7.75,1.46,0.007226578,69,0.17526242,"Low-Value Goods, Secondary Protection for Non-Fragile Items"
MAT_0134,Cardboard,5,4.5,0.49,1.508264463,99,0.345137379,"E-commerce, Food & Beverage, Consumer Goods, Apparel"
MAT_0135,Paper/Bio-Based,3,2.75,0.31,2.212121212,100,0.20909075,"Fragile Items, Cosmetics, Pharmaceuticals, Internal Component Protection"
MAT_0136,Cardboard,5,4.5,0.48,1.825,97,0.411875956,"E-commerce, Food & Beverage, Consumer Goods, Apparel"
MAT_0137,Cardboard,5,4.75,0.51,2.807692308,97,0.368751944,"E-commerce, Food & Beverage, Consumer Goods, Apparel"
MAT_0138,Plastic,8,7.75,1.44,0.014468625,84,0.749311238,"Industrial Components, Heavy Machinery, Automotive Parts"
MAT_0139,Plastic,8,7.5,1.52,0.00433183,85,0.600407635,"Electronics, Medium-Value Goods, Retail Logistics"
MAT_0140,Cardboard,4,4.25,0.51,1.448412698,99,0.357809463,"E-commerce, Food & Beverage, Consumer Goods, Apparel"
MAT_0141,Steel,9,9,2.98,0.002377091,94,0.109385862,"Heavy Industrial Components, High-Security Goods"
MAT_0142,Paper/Bio-Based,1,1.75,0.3,2.039106145,100,0.284651335,"Fragile Items, Cosmetics, Pharmaceuticals, Internal Component Protection"
MAT_0143,Plastic,7,7,1.38,0.00489716,62,0.17679572,"Low-Value Goods, Secondary Protection for Non-Fragile Items"
MAT_0144,Plastic,7,6.75,1.54,0.009855276,82,0.621581837,"Electronics, Medium-Value Goods, Retail Logistics"
MAT_0145,Plastic,8,7.5,1.5,0.011427677,93,0.703311456,"Industrial Components, Heavy Machinery, Automotive Parts"
MAT_0146,Plastic,8,8.25,1.49,0.005844395,81,0.662900322,"Electronics, Medium-Value Goods, Retail Logistics"
MAT_0147,Cardboard,4,4,0.53,2.37012987,100,0.417778209,"E-commerce, Food & Beverage, Consumer Goods, Apparel"
MAT_0148,Plastic,7,7,1.44,0.004742477,90,0.729167786,"Industrial Components, Heavy Machinery, Automotive Parts"
MAT_0149,Steel,9,9,3.06,0.004029276,96,0.108711206,"Heavy Industrial Components, High-Security Goods"
MAT_0150,Paper/Bio-Based,3,3,0.28,2.896825397,94,0.27328,"Fragile Items, Cosmetics, Pharmaceuticals, Internal Component Protection"
MAT_0151,Plastic,7,7,1.52,0.009113608,94,0.70231296,"Industrial Components, Heavy Machinery, Automotive Parts"
MAT_0152,Steel,10,9.5,3.07,0.002313201,99,0.101365146,"Heavy Industrial Components, High-Security Goods"
MAT_0153,Plastic,9,8.5,1.6,0.005342037,87,0.688187645,"Electronics, Medium-Value Goods, Retail Logistics"
MAT_0154,Cardboard,6,5.5,0.51,2.324840764,100,0.329885089,"E-commerce, Food & Beverage, Consumer Goods, Apparel"
MAT_0155,Plastic,9,7.75,1.56,0.008810679,85,0.774165905,"Industrial Components, Heavy Machinery, Automotive Parts"
MAT_0156,Plastic,8,8,1.48,0.012884323,87,0.720585437,"Industrial Components, Heavy Machinery, Automotive Parts"
MAT_0157,Plastic,8,8,1.49,0.011549902,77,0.257576374,"Low-Value Goods, Secondary Protection for Non-Fragile Items"
MAT_0158,Cardboard,6,5,0.51,3.613861386,99,0.346766388,"E-commerce, Food & Beverage, Consumer Goods, Apparel"
MAT_0159,Plastic,8,7.75,1.49,0.006042246,81,0.630629963,"Electronics, Medium-Value Goods, Retail Logistics"
MAT_0160,Cardboard,5,4,0.55,1.746411483,100,0.409826416,"E-commerce, Food & Beverage, Consumer Goods, Apparel"
MAT_0161,Paper/Bio-Based,2,2.75,0.3,2.401315789,99,0.325563492,"Fragile Items, Cosmetics, Pharmaceuticals, Internal Component Protection"
MAT_0162,Steel,9,9,3.13,0.004834885,95,0.109213574,"Heavy Industrial Components, High-Security Goods"
MAT_0163,Cardboard,5,4.75,0.51,2.172619048,100,0.42018009,"E-commerce, Food & Beverage, Consumer Goods, Apparel"
MAT_0164,Plastic,7,7,1.41,0.00654826,88,0.76584447,"Industrial Components, Heavy Machinery, Automotive Parts"
MAT_0165,Steel,8,8.5,3.09,0.003228289,86,0.115313305,"Heavy Industrial Components, High-Security Goods"
MAT_0166,Cardboard,6,4.75,0.51,1.586956522,99,0.414328374,"E-commerce, Food & Beverage, Consumer Goods, Apparel"
MAT_0167,Paper/Bio-Based,3,3,0.3,2.212121212,98,0.304390861,"Fragile Items, Cosmetics, Pharmaceuticals, Internal Component Protection"
MAT_0168,Plastic,8,7.5,1.42,0.004234241,90,0.588436723,"Electronics, Medium-Value Goods, Retail Logistics"
MAT_0169,Plastic,8,8,1.57,0.006025787,77,0.181278768,"Low-Value Goods, Secondary Protection for Non-Fragile Items"
MAT_0170,Plastic,8,7.25,1.45,0.016518079,95,0.731366281,"Industrial Components, Heavy Machinery, Automotive Parts"
MAT_0171,Paper/Bio-Based,1,1.75,0.28,2.588652482,100,0.225194667,"Fragile Items, Cosmetics, Pharmaceuticals, Internal Component Protection"
MAT_0172,Cardboard,4,4.25,0.51,1.09939759,97,0.406117297,"E-commerce, Food & Beverage, Consumer Goods, Apparel"
MAT_0173,Cardboard,6,5,0.5,2.401315789,96,0.409826416,"E-commerce, Food & Beverage, Consumer Goods, Apparel"
MAT_0174,Plastic,9,7.75,1.4,0.010887397,87,0.789017949,"Industrial Components, Heavy Machinery, Automotive Parts"
MAT_0175,Cardboard,6,5,0.52,1.508264463,99,0.413833529,"E-commerce, Food & Beverage, Consumer Goods, Apparel"
MAT_0176,Plastic,7,7,1.48,0.008797301,88,0.688187645,"Electronics, Medium-Value Goods, Retail Logistics"
MAT_0177,Plastic,9,8,1.4,0.008500431,92,0.691959584,"Industrial Components, Heavy Machinery, Automotive Parts"
MAT_0178,Cardboard,6,5.25,0.52,1.327272727,95,0.391299194,"E-commerce, Food & Beverage, Consumer Goods, Apparel"
MAT_0179,Steel,9,9,3.13,0.003666241,94,0.09995571,"Heavy Industrial Components, High-Security Goods"
MAT_0180,Plastic,7,7,1.6,0.005699207,78,0.181278768,"Low-Value Goods, Secondary Protection for Non-Fragile Items"
MAT_0181,Cardboard,5,4.75,0.51,2.385620915,98,0.375738915,"E-commerce, Food & Beverage, Consumer Goods, Apparel"
MAT_0182,Plastic,9,8.5,1.37,0.012884323,89,0.720585437,"Industrial Components, Heavy Machinery, Automotive Parts"
MAT_0183,Plastic,7,6.75,1.48,0.011808094,93,0.758069386,"Industrial Components, Heavy Machinery, Automotive Parts"
MAT_0184,Plastic,9,8.25,1.48,0.009068323,85,0.642282934,"Electronics, Medium-Value Goods, Retail Logistics"
MAT_0185,Paper/Bio-Based,2,2.25,0.29,3.509615385,99,0.230981538,"Fragile Items, Cosmetics, Pharmaceuticals, Internal Component Protection"
MAT_0186,Cardboard,5,4,0.53,1.746411483,97,0.409826416,"E-commerce, Food & Beverage, Consumer Goods, Apparel"
MAT_0187,Plastic,7,7,1.53,0.010887397,90,0.767161496,"Industrial Components, Heavy Machinery, Automotive Parts"
MAT_0188,Plastic,9,8.5,1.48,0.010181311,85,0.597850959,"Electronics, Medium-Value Goods, Retail Logistics"
MAT_0189,Steel,8,8.5,2.83,0.003523234,94,0.105535821,"Heavy Industrial Components, High-Security Goods"
MAT_0190,Plastic,8,7.75,1.45,0.004742477,95,0.729167786,"Industrial Components, Heavy Machinery, Automotive Parts"
MAT_0191,Plastic,7,6.75,1.48,0.009113608,91,0.70231296,"Industrial Components, Heavy Machinery, Automotive Parts"
MAT_0192,Plastic,8,7.5,1.52,0.00489716,62,0.17679572,"Low-Value Goods, Secondary Protection for Non-Fragile Items"
MAT_0193,Cardboard,6,5,0.54,1.448412698,98,0.357809463,"E-commerce, Food & Beverage, Consumer Goods, Apparel"
MAT_0194,Plastic,8,7.75,1.46,0.006999041,86,0.601310915,"Electronics, Medium-Value Goods, Retail Logistics"
MAT_0195,Steel,8,8.75,3.13,0.002313201,88,0.101365146,"Heavy Industrial Components, High-Security Goods"
MAT_0196,Cardboard,4,3.5,0.52,1.09939759,97,0.406117297,"E-commerce, Food & Beverage, Consumer Goods, Apparel"
MAT_0197,Paper/Bio-Based,2,2.75,0.3,2.039106145,100,0.284651335,"Fragile Items, Cosmetics, Pharmaceuticals, Internal Component Protection"
MAT_0198,Plastic,9,7.75,1.47,0.010885125,94,0.768410428,"Industrial Components, Heavy Machinery, Automotive Parts"
MAT_0199,Cardboard,5,4,0.47,1.028169014,96,0.345530133,"E-commerce, Food & Beverage, Consumer Goods, Apparel"
MAT_0200,Plastic,9,8.25,1.57,0.011427677,87,0.703311456,"Industrial Components, Heavy Machinery, Automotive Parts"
MAT_0201,Plastic,8,7.75,1.52,0.005263158,82,0.54988243,"Electronics, Medium-Value Goods, Retail Logistics"
MAT_0202,Cardboard,4,4,0.5,1.586956522,99,0.414328374,"E-commerce, Food & Beverage, Consumer Goods, Apparel"
MAT_0203,Cardboard,4,3.5,0.53,2.324840764,100,0.329885089,"E-commerce, Food & Beverage, Consumer Goods, Apparel"
MAT_0204,Plastic,9,8.5,1.44,0.009117934,94,0.62643097,"Industrial Components, Heavy Machinery, Automotive Parts"
MAT_0205,Plastic,8,8,1.46,0.007825901,94,0.537307401,"Electronics, Medium-Value Goods, Retail Logistics"
MAT_0206,Plastic,9,7.75,1.45,0.008810679,90,0.731365774,"Industrial Components, Heavy Machinery, Automotive Parts"
MAT_0207,Plastic,8,7.75,1.57,0.00553156,68,0.189726242,"Low-Value Goods, Secondary Protection for Non-Fragile Items"
MAT_0208,Plastic,9,8.25,1.43,0.006042246,84,0.630629963,"Electronics, Medium-Value Goods, Retail Logistics"
MAT_0209,Steel,8,9,3.13,0.004029276,97,0.108711206,"Heavy Industrial Components, High-Security Goods"
MAT_0210,Plastic,7,7,1.42,0.014444005,90,0.650470761,"Industrial Components, Heavy Machinery, Automotive Parts"
MAT_0211,Cardboard,5,4.5,0.51,2.37012987,100,0.417778209,"E-commerce, Food & Beverage, Consumer Goods, Apparel"
MAT_0212,Paper/Bio-Based,3,2.75,0.3,3.509615385,100,0.199766895,"Fragile Items, Cosmetics, Pharmaceuticals, Internal Component Protection"
MAT_0213,Cardboard,5,4.5,0.51,1.815920398,96,0.362451604,"E-commerce, Food & Beverage, Consumer Goods, Apparel"
MAT_0214,Plastic,7,7.5,1.38,0.007169374,84,0.562293529,"Electronics, Medium-Value Goods, Retail Logistics"
MAT_0215,Plastic,7,7.5,1.52,0.012455637,82,0.799218892,"Industrial Components, Heavy Machinery, Automotive Parts"
MAT_0216,Cardboard,5,4.5,0.5,1.72985782,97,0.493890027,"E-commerce, Food & Beverage, Consumer Goods, Apparel"
MAT_0217,Plastic,8,7.5,1.52,0.011090517,93,0.668081456,"Industrial Components, Heavy Machinery, Automotive Parts"
MAT_0218,Paper/Bio-Based,2,2.25,0.3,2.588652482,100,0.225194667,"Fragile Items, Cosmetics, Pharmaceuticals, Internal Component Protection"
MAT_0219,Plastic,8,7.5,1.46,0.014458881,95,0.719384854,"Industrial Components, Heavy Machinery, Automotive Parts"
MAT_0220,Cardboard,5,4.5,0.48,1.852791878,99,0.503391682,"E-commerce, Food & Beverage, Consumer Goods, Apparel"
MAT_0221,Cardboard,4,4,0.5,1.448412698,100,0.357809463,"E-commerce, Food & Beverage, Consumer Goods, Apparel"
MAT_0222,Plastic,9,8.5,1.47,0.009855276,95,0.621581837,"Electronics, Medium-Value Goods, Retail Logistics"
MAT_0223,Paper/Bio-Based,1,1.75,0.29,2.991803279,100,0.2846949,"Fragile Items, Cosmetics, Pharmaceuticals, Internal Component Protection"
MAT_0224,Cardboard,5,4.25,0.5,2.37012987,96,0.361820418,"E-commerce, Food & Beverage, Consumer Goods, Apparel"
MAT_0225,Plastic,9,7.75,1.4,0.011549902,73,0.257576374,"Low-Value Goods, Secondary Protection for Non-Fragile Items"
MAT_0226,Plastic,9,8.5,1.47,0.006964718,85,0.579729869,"Electronics, Medium-Value Goods, Retail Logistics"
MAT_0227,Cardboard,5,4.5,0.5,1.327272727,99,0.391299194,"E-commerce, Food & Beverage, Consumer Goods, Apparel"
MAT_0228,Cardboard,5,4.75,0.49,1.586956522,100,0.414328374,"E-commerce, Food & Beverage, Consumer Goods, Apparel"
MAT_0229,Plastic,9,8,1.52,0.008488964,90,0.746388957,"Industrial Components, Heavy Machinery, Automotive Parts"
MAT_0230,Steel,9,9.25,3.02,0.003666241,88,0.09995571,"Heavy Industrial Components, High-Security Goods"
MAT_0231,Cardboard,5,4.5,0.5,1.46,97,0.458990445,"E-commerce, Food & Beverage, Consumer Goods, Apparel"
MAT_0232,Paper/Bio-Based,2,2.25,0.29,2.744360902,100,0.199694962,"Fragile Items, Cosmetics, Pharmaceuticals, Internal Component Protection"
MAT_0233,Plastic,7,7.75,1.48,0.006999041,84,0.601310915,"Electronics, Medium-Value Goods, Retail Logistics"
MAT_0234,Plastic,7,7,1.52,0.00489716,62,0.17679572,"Low-Value Goods, Secondary Protection for Non-Fragile Items"
MAT_0235,Cardboard,6,4.75,0.53,1.815920398,100,0.362451604,"E-commerce, Food & Beverage, Consumer Goods, Apparel"
MAT_0236,Plastic,8,7.75,1.56,0.014444005,86,0.650470761,"Industrial Components, Heavy Machinery, Automotive Parts"
MAT_0237,Cardboard,6,5.25,0.5,2.159763314,98,0.3302784,"E-commerce, Food & Beverage, Consumer Goods, Apparel"
MAT_0238,Cardboard,5,4.5,0.53,1.508264463,99,0.413833529,"E-commerce, Food & Beverage, Consumer Goods, Apparel"
MAT_0239,Plastic,9,8.25,1.52,0.009068323,84,0.642282934,"Electronics, Medium-Value Goods, Retail Logistics"
MAT_0240,Plastic,7,7,1.46,0.011427677,86,0.703311456,"Industrial Components, Heavy Machinery, Automotive Parts"
MAT_0241,Plastic,8,7.5,1.43,0.010887397,90,0.789017949,"Industrial Components, Heavy Machinery, Automotive Parts"
MAT_0242,Cardboard,5,4.5,0.5,1.254295533,100,0.310380466,"E-commerce, Food & Beverage, Consumer Goods, Apparel"
MAT_0243,Cardboard,5,4.25,0.53,1.09939759,97,0.406117297,"E-commerce, Food & Beverage, Consumer Goods, Apparel"
MAT_0244,Steel,8,8.25,3.15,0.004029276,95,0.108711206,"Heavy Industrial Components, High-Security Goods"
MAT_0245,Paper/Bio-Based,3,3,0.29,2.134502924,94,0.180278489,"Fragile Items, Cosmetics, Pharmaceuticals, Internal Component Protection"
MAT_0246,Plastic,9,7.75,1.52,0.004742477,90,0.729167786,"Industrial Components, Heavy Machinery, Automotive Parts"
MAT_0247,Plastic,9,8.5,1.41,0.010181311,87,0.597850959,"Electronics, Medium-Value Goods, Retail Logistics"
MAT_0248,Plastic,8,7.5,1.48,0.011549902,73,0.257576374,"Low-Value Goods, Secondary Protection for Non-Fragile Items"
MAT_0249,Plastic,8,7.25,1.53,0.009113608,94,0.70231296,"Industrial Components, Heavy Machinery, Automotive Parts"
MAT_0250,Steel,9,9.5,2.8,0.002313201,97,0.101365146,"Heavy Industrial Components, High-Security Goods"
MAT_0251,Cardboard,4,4.25,0.48,1.46,98,0.458990445,"E-commerce, Food & Beverage, Consumer Goods, Apparel"
MAT_0252,Paper/Bio-Based,1,1.75,0.3,2.744360902,100,0.199694962,"Fragile Items, Cosmetics, Pharmaceuticals, Internal Component Protection"
MAT_0253,Plastic,8,7.75,1.38,0.008488964,92,0.746388957,"Industrial Components, Heavy Machinery, Automotive Parts"
MAT_0254,Cardboard,6,4.75,0.49,2.324840764,100,0.329885089,"E-commerce, Food & Beverage, Consumer Goods, Apparel"
MAT_0255,Plastic,7,7,1.44,0.010885125,88,0.768410428,"Industrial Components, Heavy Machinery, Automotive Parts"
MAT_0256,Plastic,8,7.5,1.56,0.033379058,87,0.625451056,"Electronics, Medium-Value Goods, Retail Logistics"
MAT_0257,Cardboard,5,4.5,0.5,1.09939759,97,0.406117297,"E-commerce, Food & Beverage, Consumer Goods, Apparel"
MAT_0258,Plastic,9,7.75,1.5,0.011808094,90,0.758069386,"Industrial Components, Heavy Machinery, Automotive Parts"
MAT_0259,Paper/Bio-Based,2,2.25,0.31,3.509615385,99,0.230981538,"Fragile Items, Cosmetics, Pharmaceuticals, Internal Component Protection"
MAT_0260,Cardboard,5,4.75,0.53,2.37012987,94,0.361820418,"E-commerce, Food & Beverage, Consumer Goods, Apparel"
MAT_0261,Plastic,9,8,1.44,0.005699207,76,0.101348889,"Low-Value Goods, Secondary Protection for Non-Fragile Items"
MAT_0262,Plastic,8,7.5,1.42,0.014458881,95,0.719384854,"Industrial Components, Heavy Machinery, Automotive Parts"
MAT_0263,Cardboard,6,5,0.53,1.508264463,100,0.413833529,"E-commerce, Food & Beverage, Consumer Goods, Apparel"
MAT_0264,Plastic,7,7.75,1.46,0.005263158,84,0.54988243,"Electronics, Medium-Value Goods, Retail Logistics"
MAT_0265,Paper/Bio-Based,3,3,0.3,2.588652482,100,0.225194667,"Fragile Items, Cosmetics, Pharmaceuticals, Internal Component Protection"
MAT_0266,Cardboard,6,4.75,0.51,2.37012987,94,0.361820418,"E-commerce, Food & Beverage, Consumer Goods, Apparel"
MAT_0267,Plastic,9,8.5,1.42,0.006999041,82,0.601310915,"Electronics, Medium-Value Goods, Retail Logistics"
MAT_0268,Plastic,8,7.5,1.52,0.010887397,90,0.789017949,"Industrial Components, Heavy Machinery, Automotive Parts"
MAT_0269,Steel,9,9,2.97,0.003523234,97,0.105535821,"Heavy Industrial Components, High-Security Goods"
MAT_0270,Cardboard,6,5.25,0.51,1.852791878,99,0.503391682,"E-commerce, Food & Beverage, Consumer Goods, Apparel"
MAT_0271,Plastic,9,8.5,1.5,0.007825901,95,0.537307401,"Electronics, Medium-Value Goods, Retail Logistics"
MAT_0272,Plastic,7,6.75,1.52,0.008488964,92,0.746388957,"Industrial Components, Heavy Machinery, Automotive Parts"
MAT_0273,Cardboard,5,4.25,0.52,2.159763314,98,0.3302784,"E-commerce, Food & Beverage, Consumer Goods, Apparel"
MAT_0274,Cardboard,5,4.5,0.5,2.385620915,100,0.375738915,"E-commerce, Food & Beverage, Consumer Goods, Apparel"
MAT_0275,Plastic,8,7.75,1.48,0.010181311,87,0.597850959,"Electronics, Medium-Value Goods, Retail Logistics"
MAT_0276,Plastic,7,7.25,1.52,0.009113608,88,0.70231296,"Industrial Components, Heavy Machinery, Automotive Parts"
MAT_0277,Cardboard,5,4.5,0.51,1.746411483,100,0.409826416,"E-commerce, Food & Beverage, Consumer Goods, Apparel"
MAT_0278,Plastic,8,7.5,1.55,0.006042246,87,0.630629963,"Electronics, Medium-Value Goods, Retail Logistics"
MAT_0279,Plastic,9,7.75,1.41,0.014458881,94,0.719384854,"Industrial Components, Heavy Machinery, Automotive Parts"
MAT_0280,Steel,8,8.75,3.02,0.002313201,96,0.101365146,"Heavy Industrial Components, High-Security Goods"
MAT_0281,Cardboard,4,4.25,0.5,1.852791878,96,0.503391682,"E-commerce, Food & Beverage, Consumer Goods, Apparel"
MAT_0282,Plastic,7,6.75,1.55,0.011808094,90,0.758069386,"Industrial Components, Heavy Machinery, Automotive Parts"
MAT_0283,Cardboard,6,5,0.51,1.254295533,99,0.310380466,"E-commerce, Food & Beverage, Consumer Goods, Apparel"
MAT_0284,Plastic,8,8.25,1.52,0.006964718,85,0.579729869,"Electronics, Medium-Value Goods, Retail Logistics"
MAT_0285,Cardboard,5,4,0.53,2.37012987,98,0.361820418,"E-commerce, Food & Beverage, Consumer Goods, Apparel"
MAT_0286,Plastic,8,7.5,1.52,0.012455637,92,0.799218892,"Industrial Components, Heavy Machinery, Automotive Parts"
MAT_0287,Cardboard,5,4.75,0.47,1.46,98,0.458990445,"E-commerce, Food & Beverage, Consumer Goods, Apparel"
MAT_0288,Plastic,9,8.5,1.57,0.005263158,88,0.54988243,"Electronics, Medium-Value Goods, Retail Logistics"
MAT_0289,Cardboard,4,3.5,0.52,2.324840764,100,0.329885089,"E-commerce, Food & Beverage, Consumer Goods, Apparel"
MAT_0290,Plastic,7,7,1.5,0.010885125,87,0.768410428,"Industrial Components, Heavy Machinery, Automotive Parts"
MAT_0291,Plastic,7,7.75,1.48,0.006999041,82,0.601310915,"Electronics, Medium-Value Goods, Retail Logistics"
MAT_0292,Cardboard,5,4,0.53,1.815920398,100,0.362451604,"E-commerce, Food & Beverage, Consumer Goods, Apparel"
MAT_0293,Plastic,8,7.25,1.4,0.004742477,88,0.729167786,"Industrial Components, Heavy Machinery, Automotive Parts"
MAT_0294,Cardboard,6,5.25,0.5,1.09939759,97,0.406117297,"E-commerce, Food & Beverage, Consumer Goods, Apparel"
MAT_0295,Plastic,9,8.5,1.48,0.010181311,87,0.597850959,"Electronics, Medium-Value Goods, Retail Logistics"
MAT_0296,Plastic,7,7,1.5,0.012455637,85,0.799218892,"Industrial Components, Heavy Machinery, Automotive Parts"
MAT_0297,Cardboard,4,4,0.53,1.254295533,99,0.310380466,"E-commerce, Food & Beverage, Consumer Goods, Apparel"
MAT_0298,Plastic,8,8,1.5,0.007825901,95,0.537307401,"Electronics, Medium-Value Goods, Retail Logistics"
MAT_0299,Plastic,9,7.75,1.44,0.009113608,85,0.70231296,"Industrial Components, Heavy Machinery, Automotive Parts"
MAT_0300,Cardboard,6,4.75,0.49,1.852791878,99,0.503391682,"E-commerce, Food & Beverage, Consumer Goods, Apparel"
MAT_0301,Plastic,9,8.25,1.43,0.006964718,85,0.579729869,"Electronics, Medium-Value Goods, Retail Logistics"
MAT_0302,Plastic,7,7,1.52,0.008488964,95,0.746388957,"Industrial Components, Heavy Machinery, Automotive Parts"
MAT_0303,Cardboard,4,4.25,0.52,2.159763314,100,0.3302784,"E-commerce, Food & Beverage, Consumer Goods, Apparel"
MAT_0304,Plastic,9,8.5,1.53,0.006042246,82,0.630629963,"Electronics, Medium-Value Goods, Retail Logistics"
MAT_0305,Plastic,8,7.5,1.5,0.011808094,90,0.758069386,"Industrial Components, Heavy Machinery, Automotive Parts"
MAT_0306,Cardboard,5,4,0.51,2.324840764,100,0.329885089,"E-commerce, Food & Beverage, Consumer Goods, Apparel"
MAT_0307,Plastic,9,8.25,1.45,0.009068323,88,0.642282934,"Electronics, Medium-Value Goods, Retail Logistics"
MAT_0308,Plastic,8,8,1.48,0.004742477,87,0.729167786,"Industrial Components, Heavy Machinery, Automotive Parts"
MAT_0309,Cardboard,4,4,0.51,1.746411483,100,0.409826416,"E-commerce, Food & Beverage, Consumer Goods, Apparel"
MAT_0310,Plastic,9,8.25,1.47,0.010885125,90,0.768410428,"Industrial Components, Heavy Machinery, Automotive Parts"
MAT_0311,Cardboard,6,5,0.51,2.37012987,99,0.361820418,"E-commerce, Food & Beverage, Consumer Goods, Apparel"
MAT_0312,Plastic,9,8,1.36,0.012455637,85,0.799218892,"Industrial Components, Heavy Machinery, Automotive Parts"
MAT_0313,Cardboard,5,4,0.5,1.254295533,100,0.310380466,"E-commerce, Food & Beverage, Consumer Goods, Apparel"
MAT_0314,Plastic,7,7.25,1.49,0.014458881,95,0.719384854,"Industrial Components, Heavy Machinery, Automotive Parts"
MAT_0315,Cardboard,5,4.75,0.52,1.09939759,97,0.406117297,"E-commerce, Food & Beverage, Consumer Goods, Apparel"
MAT_0316,Plastic,8,7.25,1.47,0.009113608,88,0.70231296,"Industrial Components, Heavy Machinery, Automotive Parts"
MAT_0317,Cardboard,5,4.25,0.5,1.508264463,99,0.413833529,"E-commerce, Food & Beverage, Consumer Goods, Apparel"
MAT_0318,Plastic,9,8.25,1.55,0.011090517,85,0.668081456,"Industrial Components, Heavy Machinery, Automotive Parts"
MAT_0319,Cardboard,6,4.5,0.51,2.159763314,98,0.3302784,"E-commerce, Food & Beverage, Consumer Goods, Apparel"
MAT_0320,Plastic,8,7.75,1.46,0.011808094,90,0.758069386,"Industrial Components, Heavy Machinery, Automotive Parts"
MAT_0321,Cardboard,5,4.5,0.49,1.852791878,96,0.503391682,"E-commerce, Food & Beverage, Consumer Goods, Apparel"
MAT_0322,Plastic,8,7.75,1.46,0.008488964,92,0.746388957,"Industrial Components, Heavy Machinery, Automotive Parts"
MAT_0323,Cardboard,5,4.5,0.5,2.324840764,100,0.329885089,"E-commerce, Food & Beverage, Consumer Goods, Apparel"
MAT_0324,Plastic,7,7,1.4,0.010885125,88,0.768410428,"Industrial Components, Heavy Machinery, Automotive Parts"
MAT_0325,Cardboard,5,4.5,0.53,1.746411483,99,0.409826416,"E-commerce, Food & Beverage, Consumer Goods, Apparel"
MAT_0326,Plastic,7,7.25,1.52,0.004742477,90,0.729167786,"Industrial Components, Heavy Machinery, Automotive Parts"
MAT_0327,Cardboard,6,4.75,0.5,2.37012987,94,0.361820418,"E-commerce, Food & Beverage, Consumer Goods, Apparel"
MAT_0328,Plastic,8,7.5,1.55,0.012455637,85,0.799218892,"Industrial Components, Heavy Machinery, Automotive Parts"
MAT_0329,Cardboard,5,4.25,0.51,1.09939759,97,0.406117297,"E-commerce, Food & Beverage, Consumer Goods, Apparel"
MAT_0330,Plastic,8,7.5,1.53,0.009113608,88,0.70231296,"Industrial Components, Heavy Machinery, Automotive Parts"
MAT_0331,Cardboard,5,4.5,0.5,1.254295533,99,0.310380466,"E-commerce, Food & Beverage, Consumer Goods, Apparel"
MAT_0332,Plastic,7,7,1.5,0.014458881,95,0.719384854,"Industrial Components, Heavy Machinery, Automotive Parts"
MAT_0333,Cardboard,6,5,0.53,2.159763314,98,0.3302784,"E-commerce, Food & Beverage, Consumer Goods, Apparel"
MAT_0334,Plastic,9,7.75,1.48,0.010885125,88,0.768410428,"Industrial Components, Heavy Machinery, Automotive Parts"
MAT_0335,Cardboard,5,4.5,0.47,1.852791878,96,0.503391682,"E-commerce, Food & Beverage, Consumer Goods, Apparel"
MAT_0336,Plastic,9,8.5,1.37,0.011808094,90,0.758069386,"Industrial Components, Heavy Machinery, Automotive Parts"
MAT_0337,Cardboard,5,4.25,0.5,2.324840764,100,0.329885089,"E-commerce, Food & Beverage, Consumer Goods, Apparel"
MAT_0338,Plastic,7,7,1.42,0.009113608,94,0.70231296,"Industrial Components, Heavy Machinery, Automotive Parts"
MAT_0339,Cardboard,5,4,0.53,2.37012987,94,0.361820418,"E-commerce, Food & Beverage, Consumer Goods, Apparel"
MAT_0340,Plastic,7,7.25,1.52,0.012455637,85,0.799218892,"Industrial Components, Heavy Machinery, Automotive Parts"
MAT_0341,Cardboard,5,4.5,0.5,1.09939759,97,0.406117297,"E-commerce, Food & Beverage, Consumer Goods, Apparel"
MAT_0342,Plastic,8,7.5,1.48,0.008488964,92,0.746388957,"Industrial Components, Heavy Machinery, Automotive Parts"
MAT_0343,Cardboard,5,4.5,0.51,1.254295533,99,0.310380466,"E-commerce, Food & Beverage, Consumer Goods, Apparel"
MAT_0344,Plastic,9,7.75,1.5,0.010885125,88,0.768410428,"Industrial Components, Heavy Machinery, Automotive Parts"
MAT_0345,Cardboard,6,5,0.48,1.852791878,96,0.503391682,"E-commerce, Food & Beverage, Consumer Goods, Apparel"
MAT_0346,Plastic,8,7.75,1.46,0.004742477,90,0.729167786,"Industrial Components, Heavy Machinery, Automotive Parts"
MAT_0347,Cardboard,5,4,0.51,2.159763314,100,0.3302784,"E-commerce, Food & Beverage, Consumer Goods, Apparel"
MAT_0348,Plastic,8,7.75,1.43,0.014458881,95,0.719384854,"Industrial Components, Heavy Machinery, Automotive Parts"
MAT_0349,Cardboard,5,4.25,0.5,2.37012987,98,0.361820418,"E-commerce, Food & Beverage, Consumer Goods, Apparel"
MAT_0350,Plastic,9,7.75,1.46,0.011808094,90,0.758069386,"Industrial Components, Heavy Machinery, Automotive Parts"
MAT_0351,Cardboard,5,4.5,0.5,2.324840764,100,0.329885089,"E-commerce, Food & Beverage, Consumer Goods, Apparel"
MAT_0352,Plastic,8,7.75,1.42,0.009113608,88,0.70231296,"Industrial Components, Heavy Machinery, Automotive Parts"
MAT_0353,Cardboard,4,4.25,0.53,1.508264463,99,0.413833529,"E-commerce, Food & Beverage, Consumer Goods, Apparel"
MAT_0354,Plastic,7,7.25,1.4,0.012455637,85,0.799218892,"Industrial Components, Heavy Machinery, Automotive Parts"
MAT_0355,Cardboard,5,4.5,0.52,1.254295533,100,0.310380466,"E-commerce, Food & Beverage, Consumer Goods, Apparel"
MAT_0356,Plastic,9,8,1.47,0.010885125,87,0.768410428,"Industrial Components, Heavy Machinery, Automotive Parts"
MAT_0357,Cardboard,5,4,0.5,1.09939759,97,0.406117297,"E-commerce, Food & Beverage, Consumer Goods, Apparel"
MAT_0358,Plastic,7,7,1.52,0.008488964,92,0.746388957,"Industrial Components, Heavy Machinery, Automotive Parts"
MAT_0359,Cardboard,4,4.25,0.49,1.852791878,96,0.503391682,"E-commerce, Food & Beverage, Consumer Goods, Apparel"
MAT_0360,Plastic,8,7.5,1.44,0.004742477,90,0.729167786,"Industrial Components, Heavy Machinery, Automotive Parts"
MAT_0361,Cardboard,5,4,0.52,2.159763314,100,0.3302784,"E-commerce, Food & Beverage, Consumer Goods, Apparel"
MAT_0362,Plastic,8,7.75,1.5,0.014458881,95,0.719384854,"Industrial Components, Heavy Machinery, Automotive Parts"
MAT_0363,Cardboard,6,4.75,0.51,2.37012987,98,0.361820418,"E-commerce, Food & Beverage, Consumer Goods, Apparel"
MAT_0364,Plastic,9,7.75,1.54,0.011808094,90,0.758069386,"Industrial Components, Heavy Machinery, Automotive Parts"
MAT_0365,Cardboard,5,4.5,0.53,2.324840764,100,0.329885089,"E-commerce, Food & Beverage, Consumer Goods, Apparel"
MAT_0366,Plastic,7,6.75,1.45,0.009113608,88,0.70231296,"Industrial Components, Heavy Machinery, Automotive Parts"
MAT_0367,Cardboard,6,5,0.51,1.508264463,99,0.413833529,"E-commerce, Food & Beverage, Consumer Goods, Apparel"
MAT_0368,Plastic,7,7.5,1.46,0.012455637,85,0.799218892,"Industrial Components, Heavy Machinery, Automotive Parts"
MAT_0369,Cardboard,4,4,0.51,1.254295533,100,0.310380466,"E-commerce, Food & Beverage, Consumer Goods, Apparel"
MAT_0370,Plastic,9,7.75,1.53,0.010885125,87,0.768410428,"Industrial Components, Heavy Machinery, Automotive Parts"
MAT_0371,Cardboard,5,4.5,0.52,1.09939759,97,0.406117297,"E-commerce, Food & Beverage, Consumer Goods, Apparel"
MAT_0372,Plastic,8,7.75,1.49,0.008488964,92,0.746388957,"Industrial Components, Heavy Machinery, Automotive Parts"
MAT_0373,Cardboard,5,4.5,0.48,1.852791878,96,0.503391682,"E-commerce, Food & Beverage, Consumer Goods, Apparel"
MAT_0374,Plastic,7,7,1.41,0.004742477,90,0.729167786,"Industrial Components, Heavy Machinery, Automotive Parts"
MAT_0375,Cardboard,6,5,0.53,2.159763314,98,0.3302784,"E-commerce, Food & Beverage, Consumer Goods, Apparel"
MAT_0376,Plastic,8,7.5,1.5,0.014458881,95,0.719384854,"Industrial Components, Heavy Machinery, Automotive Parts"
MAT_0377,Cardboard,6,4.75,0.5,2.37012987,94,0.361820418,"E-commerce, Food & Beverage, Consumer Goods, Apparel"
MAT_0378,Plastic,7,6.75,1.46,0.011808094,90,0.758069386,"Industrial Components, Heavy Machinery, Automotive Parts"
MAT_0379,Cardboard,5,4.5,0.51,2.324840764,100,0.329885089,"E-commerce, Food & Beverage, Consumer Goods, Apparel"
MAT_0380,Plastic,8,7.75,1.46,0.009113608,88,0.70231296,"Industrial Components, Heavy Machinery, Automotive Parts"
MAT_0381,Cardboard,6,5,0.52,1.508264463,99,0.413833529,"E-commerce, Food & Beverage, Consumer Goods, Apparel"
MAT_0382,Plastic,7,7.5,1.53,0.012455637,85,0.799218892,"Industrial Components, Heavy Machinery, Automotive Parts"
MAT_0383,Cardboard,4,4,0.52,1.254295533,100,0.310380466,"E-commerce, Food & Beverage, Consumer Goods, Apparel"
MAT_0384,Plastic,9,7.75,1.48,0.010885125,87,0.768410428,"Industrial Components, Heavy Machinery, Automotive Parts"
MAT_0385,Cardboard,5,4,0.51,1.09939759,97,0.406117297,"E-commerce, Food & Beverage, Consumer Goods, Apparel"
MAT_0386,Plastic,7,7.25,1.5,0.008488964,92,0.746388957,"Industrial Components, Heavy Machinery, Automotive Parts"
MAT_0387,Cardboard,5,4.75,0.48,1.852791878,96,0.503391682,"E-commerce, Food & Beverage, Consumer Goods, Apparel"
MAT_0388,Plastic,7,6.75,1.45,0.004742477,90,0.729167786,"Industrial Components, Heavy Machinery, Automotive Parts"
MAT_0389,Cardboard,6,5,0.53,2.159763314,98,0.3302784,"E-commerce, Food & Beverage, Consumer Goods, Apparel"
MAT_0390,Plastic,8,7.5,1.41,0.014458881,95,0.719384854,"Industrial Components, Heavy Machinery, Automotive Parts"
MAT_0391,Cardboard,5,4,0.51,2.37012987,94,0.361820418,"E-commerce, Food & Beverage, Consumer Goods, Apparel"
MAT_0392,Plastic,9,7.75,1.52,0.011808094,90,0.758069386,"Industrial Components, Heavy Machinery, Automotive Parts"
MAT_0393,Cardboard,5,4.5,0.51,2.324840764,100,0.329885089,"E-commerce, Food & Beverage, Consumer Goods, Apparel"
MAT_0394,Plastic,7,7.25,1.53,0.009113608,88,0.70231296,"Industrial Components, Heavy Machinery, Automotive Parts"
MAT_0395,Cardboard,5,4.5,0.51,1.508264463,99,0.413833529,"E-commerce, Food & Beverage, Consumer Goods, Apparel"
MAT_0396,Plastic,9,7.75,1.38,0.012455637,85,0.799218892,"Industrial Components, Heavy Machinery, Automotive Parts"
MAT_0397,Cardboard,5,4.5,0.5,1.254295533,100,0.310380466,"E-commerce, Food & Beverage, Consumer Goods, Apparel"
MAT_0398,Plastic,7,7.25,1.52,0.010885125,87,0.768410428,"Industrial Components, Heavy Machinery, Automotive Parts"
MAT_0399,Cardboard,5,4.25,0.53,1.09939759,97,0.406117297,"E-commerce, Food & Beverage, Consumer Goods, Apparel"
MAT_0400,Plastic,7,6.75,1.48,0.008488964,92,0.746388957,"Industrial Components, Heavy Machinery, Automotive Parts"
MAT_0401,Cardboard,5,4.5,0.47,1.852791878,96,0.503391682,"E-commerce, Food & Beverage, Consumer Goods, Apparel"
MAT_0402,Plastic,9,8,1.46,0.004742477,90,0.729167786,"Industrial Components, Heavy Machinery, Automotive Parts"
MAT_0403,Cardboard,5,4,0.5,2.159763314,98,0.3302784,"E-commerce, Food & Beverage, Consumer Goods, Apparel"
