material_id,material_type,strength_mpa,weight_capacity,biodegradability_percent,co2_emission_score,recyclability_percent,cost_per_kg,industry_use_case
MAT_0001,Cardboard,32,50,95,0.78,98,1.2,"E-commerce, Food & Beverage, Consumer Goods, Apparel"
MAT_0002,Paper/Bio-Based,20,30,98,0.52,100,1.0,"Fragile Items, Cosmetics, Pharmaceuticals, Internal Component Protection"
MAT_0003,Steel,250,500,0,3.67,87,2.5,"Heavy Industrial Components, High-Security Goods"
MAT_0004,Paper/Bio-Based,20,30,98,0.48,100,1.0,"Fragile Items, Cosmetics, Pharmaceuticals, Internal Component Protection"
MAT_0005,Paper/Bio-Based,20,30,98,0.41,100,1.0,"Fragile Items, Cosmetics, Pharmaceuticals, Internal Component Protection"
MAT_0006,Plastic,50,70,0,1.01,85,1.5,"Electronics, Medium-Value Goods, Retail Logistics"
MAT_0007,Steel,250,500,0,3.43,91,2.5,"Heavy Industrial Components, High-Security Goods"
MAT_0008,Steel,250,500,0,3.64,96,2.5,"Heavy Industrial Components, High-Security Goods"
MAT_0009,Steel,250,500,0,3.59,94,2.5,"Heavy Industrial Components, High-Security Goods"
MAT_0010,Paper/Bio-Based,20,30,98,0.42,94,1.0,"Fragile Items, Cosmetics, Pharmaceuticals, Internal Component Protection"
MAT_0011,Cardboard,32,50,95,0.66,100,1.2,"E-commerce, Food & Beverage, Consumer Goods, Apparel"
MAT_0012,Steel,250,500,0,3.45,87,2.5,"Heavy Industrial Components, High-Security Goods"
MAT_0013,Plastic,50,70,0,2.03,76,1.5,"Low-Value Goods, Secondary Protection for Non-Fragile Items"
MAT_0014,Paper/Bio-Based,20,30,98,0.46,100,1.0,"Fragile Items, Cosmetics, Pharmaceuticals, Internal Component Protection"
MAT_0015,Plastic,50,70,0,1.03,87,1.5,"Electronics, Medium-Value Goods, Retail Logistics"
MAT_0016,Cardboard,32,50,95,0.77,93,1.2,"E-commerce, Food & Beverage, Consumer Goods, Apparel"
MAT_0017,Plastic,50,70,0,1.98,71,1.5,"Low-Value Goods, Secondary Protection for Non-Fragile Items"
MAT_0018,Plastic,50,70,0,1.91,62,1.5,"Low-Value Goods, Secondary Protection for Non-Fragile Items"
MAT_0019,Plastic,50,70,0,0.95,86,1.5,"Electronics, Medium-Value Goods, Retail Logistics"
MAT_0020,Cardboard,32,50,95,0.79,92,1.2,"E-commerce, Food & Beverage, Consumer Goods, Apparel"
MAT_0021,Paper/Bio-Based,20,30,98,0.47,100,1.0,"Fragile Items, Cosmetics, Pharmaceuticals, Internal Component Protection"
MAT_0022,Plastic,50,70,0,1.15,94,1.5,"Industrial Components, Heavy Machinery, Automotive Parts"
MAT_0023,Cardboard,32,50,95,0.76,90,1.2,"E-commerce, Food & Beverage, Consumer Goods, Apparel"
MAT_0024,Plastic,50,70,0,1.07,88,1.5,"Electronics, Medium-Value Goods, Retail Logistics"
MAT_0025,Plastic,50,70,0,1.98,63,1.5,"Low-Value Goods, Secondary Protection for Non-Fragile Items"
MAT_0026,Paper/Bio-Based,20,30,98,0.57,100,1.0,"Fragile Items, Cosmetics, Pharmaceuticals, Internal Component Protection"
MAT_0027,Cardboard,32,50,95,0.8,100,1.2,"E-commerce, Food & Beverage, Consumer Goods, Apparel"
MAT_0028,Plastic,50,70,0,1.22,92,1.5,"Industrial Components, Heavy Machinery, Automotive Parts"
MAT_0029,Plastic,50,70,0,1.04,91,1.5,"Industrial Components, Heavy Machinery, Automotive Parts"
MAT_0030,Steel,250,500,0,3.49,100,2.5,"Heavy Industrial Components, High-Security Goods"
MAT_0031,Steel,250,500,0,3.43,98,2.5,"Heavy Industrial Components, High-Security Goods"
MAT_0032,Plastic,50,70,0,0.86,90,1.5,"Electronics, Medium-Value Goods, Retail Logistics"
MAT_0033,Cardboard,32,50,95,0.79,94,1.2,"E-commerce, Food & Beverage, Consumer Goods, Apparel"
MAT_0034,Cardboard,32,50,95,0.77,99,1.2,"E-commerce, Food & Beverage, Consumer Goods, Apparel"
MAT_0035,Plastic,50,70,0,1.98,70,1.5,"Low-Value Goods, Secondary Protection for Non-Fragile Items"
MAT_0036,Plastic,50,70,0,1.95,66,1.5,"Low-Value Goods, Secondary Protection for Non-Fragile Items"
MAT_0037,Plastic,50,70,0,1.91,55,1.5,"Low-Value Goods, Secondary Protection for Non-Fragile Items"
MAT_0038,Steel,250,500,0,3.51,97,2.5,"Heavy Industrial Components, High-Security Goods"
MAT_0039,Cardboard,32,50,95,0.92,100,1.2,"E-commerce, Food & Beverage, Consumer Goods, Apparel"
MAT_0040,Cardboard,32,50,95,0.77,100,1.2,"E-commerce, Food & Beverage, Consumer Goods, Apparel"
MAT_0041,Plastic,50,70,0,1.07,86,1.5,"Industrial Components, Heavy Machinery, Automotive Parts"
MAT_0042,Steel,250,500,0,3.48,93,2.5,"Heavy Industrial Components, High-Security Goods"
MAT_0043,Paper/Bio-Based,20,30,98,0.62,100,1.0,"Fragile Items, Cosmetics, Pharmaceuticals, Internal Component Protection"
MAT_0044,Steel,250,500,0,3.65,89,2.5,"Heavy Industrial Components, High-Security Goods"
MAT_0045,Paper/Bio-Based,20,30,98,0.49,100,1.0,"Fragile Items, Cosmetics, Pharmaceuticals, Internal Component Protection"
MAT_0046,Plastic,50,70,0,1.24,84,1.5,"Industrial Components, Heavy Machinery, Automotive Parts"
MAT_0047,Plastic,50,70,0,0.89,80,1.5,"Electronics, Medium-Value Goods, Retail Logistics"
MAT_0048,Cardboard,32,50,95,0.86,100,1.2,"E-commerce, Food & Beverage, Consumer Goods, Apparel"
MAT_0049,Plastic,50,70,0,1.19,88,1.5,"Industrial Components, Heavy Machinery, Automotive Parts"
MAT_0050,Cardboard,32,50,95,0.94,93,1.2,"E-commerce, Food & Beverage, Consumer Goods, Apparel"
MAT_0051,Plastic,50,70,0,2.14,78,1.5,"Low-Value Goods, Secondary Protection for Non-Fragile Items"
MAT_0052,Plastic,50,70,0,1.01,81,1.5,"Electronics, Medium-Value Goods, Retail Logistics"
MAT_0053,Plastic,50,70,0,0.92,79,1.5,"Electronics, Medium-Value Goods, Retail Logistics"
MAT_0054,Plastic,50,70,0,1.19,87,1.5,"Industrial Components, Heavy Machinery, Automotive Parts"
MAT_0055,Plastic,50,70,0,0.96,80,1.5,"Electronics, Medium-Value Goods, Retail Logistics"
MAT_0056,Paper/Bio-Based,20,30,98,0.47,100,1.0,"Fragile Items, Cosmetics, Pharmaceuticals, Internal Component Protection"
MAT_0057,Plastic,50,70,0,0.99,80,1.5,"Electronics, Medium-Value Goods, Retail Logistics"
MAT_0058,Cardboard,32,50,95,0.77,100,1.2,"E-commerce, Food & Beverage, Consumer Goods, Apparel"
MAT_0059,Cardboard,32,50,95,0.84,95,1.2,"E-commerce, Food & Beverage, Consumer Goods, Apparel"
MAT_0060,Cardboard,32,50,95,0.74,100,1.2,"E-commerce, Food & Beverage, Consumer Goods, Apparel"
MAT_0061,Cardboard,32,50,95,0.92,96,1.2,"E-commerce, Food & Beverage, Consumer Goods, Apparel"
MAT_0062,Paper/Bio-Based,20,30,98,0.31,95,1.0,"Fragile Items, Cosmetics, Pharmaceuticals, Internal Component Protection"
MAT_0063,Steel,250,500,0,3.58,81,2.5,"Heavy Industrial Components, High-Security Goods"
MAT_0064,Plastic,50,70,0,2.04,69,1.5,"Low-Value Goods, Secondary Protection for Non-Fragile Items"
MAT_0065,Plastic,50,70,0,1.1,80,1.5,"Industrial Components, Heavy Machinery, Automotive Parts"
MAT_0066,Cardboard,32,50,95,0.77,100,1.2,"E-commerce, Food & Beverage, Consumer Goods, Apparel"
MAT_0067,Plastic,50,70,0,0.99,84,1.5,"Electronics, Medium-Value Goods, Retail Logistics"
MAT_0068,Cardboard,32,50,95,0.86,97,1.2,"E-commerce, Food & Beverage, Consumer Goods, Apparel"
MAT_0069,Plastic,50,70,0,0.9,82,1.5,"Electronics, Medium-Value Goods, Retail Logistics"
MAT_0070,Plastic,50,70,0,1.94,73,1.5,"Low-Value Goods, Secondary Protection for Non-Fragile Items"
MAT_0071,Plastic,50,70,0,2.0,68,1.5,"Low-Value Goods, Secondary Protection for Non-Fragile Items"
MAT_0072,Plastic,50,70,0,1.92,73,1.5,"Low-Value Goods, Secondary Protection for Non-Fragile Items"
MAT_0073,Plastic,50,70,0,0.98,92,1.5,"Electronics, Medium-Value Goods, Retail Logistics"
MAT_0074,Cardboard,32,50,95,0.75,100,1.2,"E-commerce, Food & Beverage, Consumer Goods, Apparel"
MAT_0075,Plastic,50,70,0,1.99,82,1.5,"Low-Value Goods, Secondary Protection for Non-Fragile Items"
MAT_0076,Paper/Bio-Based,20,30,98,0.39,99,1.0,"Fragile Items, Cosmetics, Pharmaceuticals, Internal Component Protection"
MAT_0077,Plastic,50,70,0,1.02,84,1.5,"Electronics, Medium-Value Goods, Retail Logistics"
MAT_0078,Plastic,50,70,0,0.94,88,1.5,"Electronics, Medium-Value Goods, Retail Logistics"
MAT_0079,Cardboard,32,50,95,0.9,98,1.2,"E-commerce, Food & Beverage, Consumer Goods, Apparel"
MAT_0080,Plastic,50,70,0,1.05,92,1.5,"Electronics, Medium-Value Goods, Retail Logistics"
MAT_0081,Plastic,50,70,0,1.09,86,1.5,"Electronics, Medium-Value Goods, Retail Logistics"
MAT_0082,Plastic,50,70,0,2.09,71,1.5,"Low-Value Goods, Secondary Protection for Non-Fragile Items"
MAT_0083,Cardboard,32,50,95,0.86,100,1.2,"E-commerce, Food & Beverage, Consumer Goods, Apparel"
MAT_0084,Plastic,50,70,0,1.97,63,1.5,"Low-Value Goods, Secondary Protection for Non-Fragile Items"
MAT_0085,Plastic,50,70,0,1.95,68,1.5,"Low-Value Goods, Secondary Protection for Non-Fragile Items"
MAT_0086,Cardboard,32,50,95,0.93,100,1.2,"E-commerce, Food & Beverage, Consumer Goods, Apparel"
MAT_0087,Plastic,50,70,0,1.23,88,1.5,"Industrial Components, Heavy Machinery, Automotive Parts"
MAT_0088,Plastic,50,70,0,1.9,69,1.5,"Low-Value Goods, Secondary Protection for Non-Fragile Items"
MAT_0089,Paper/Bio-Based,20,30,98,0.42,95,1.0,"Fragile Items, Cosmetics, Pharmaceuticals, Internal Component Protection"
MAT_0090,Paper/Bio-Based,20,30,98,0.57,100,1.0,"Fragile Items, Cosmetics, Pharmaceuticals, Internal Component Protection"
MAT_0091,Plastic,50,70,0,0.96,95,1.5,"Electronics, Medium-Value Goods, Retail Logistics"
MAT_0092,Paper/Bio-Based,20,30,98,0.47,97,1.0,"Fragile Items, Cosmetics, Pharmaceuticals, Internal Component Protection"
MAT_0093,Plastic,50,70,0,0.87,82,1.5,"Electronics, Medium-Value Goods, Retail Logistics"
MAT_0094,Plastic,50,70,0,1.14,100,1.5,"Industrial Components, Heavy Machinery, Automotive Parts"
MAT_0095,Cardboard,32,50,95,0.68,100,1.2,"E-commerce, Food & Beverage, Consumer Goods, Apparel"
MAT_0096,Cardboard,32,50,95,0.77,99,1.2,"E-commerce, Food & Beverage, Consumer Goods, Apparel"
MAT_0097,Cardboard,32,50,95,0.78,97,1.2,"E-commerce, Food & Beverage, Consumer Goods, Apparel"
MAT_0098,Paper/Bio-Based,20,30,98,0.55,99,1.0,"Fragile Items, Cosmetics, Pharmaceuticals, Internal Component Protection"
MAT_0099,Plastic,50,70,0,1.2,84,1.5,"Industrial Components, Heavy Machinery, Automotive Parts"
MAT_0100,Paper/Bio-Based,20,30,98,0.52,100,1.0,"Fragile Items, Cosmetics, Pharmaceuticals, Internal Component Protection"
MAT_0101,Paper/Bio-Based,20,30,98,0.46,100,1.0,"Fragile Items, Cosmetics, Pharmaceuticals, Internal Component Protection"
MAT_0102,Steel,250,500,0,3.58,94,2.5,"Heavy Industrial Components, High-Security Goods"
MAT_0103,Cardboard,32,50,95,0.79,99,1.2,"E-commerce, Food & Beverage, Consumer Goods, Apparel"
MAT_0104,Cardboard,32,50,95,0.85,100,1.2,"E-commerce, Food & Beverage, Consumer Goods, Apparel"
MAT_0105,Plastic,50,70,0,0.92,85,1.5,"Electronics, Medium-Value Goods, Retail Logistics"
MAT_0106,Plastic,50,70,0,1.96,61,1.5,"Low-Value Goods, Secondary Protection for Non-Fragile Items"
MAT_0107,Plastic,50,70,0,1.17,86,1.5,"Industrial Components, Heavy Machinery, Automotive Parts"
MAT_0108,Plastic,50,70,0,1.07,92,1.5,"Electronics, Medium-Value Goods, Retail Logistics"
MAT_0109,Plastic,50,70,0,1.08,94,1.5,"Electronics, Medium-Value Goods, Retail Logistics"
MAT_0110,Plastic,50,70,0,1.13,92,1.5,"Industrial Components, Heavy Machinery, Automotive Parts"
MAT_0111,Cardboard,32,50,95,0.76,100,1.2,"E-commerce, Food & Beverage, Consumer Goods, Apparel"
MAT_0112,Steel,250,500,0,3.61,95,2.5,"Heavy Industrial Components, High-Security Goods"
MAT_0113,Plastic,50,70,0,1.21,90,1.5,"Industrial Components, Heavy Machinery, Automotive Parts"
MAT_0114,Paper/Bio-Based,20,30,98,0.56,100,1.0,"Fragile Items, Cosmetics, Pharmaceuticals, Internal Component Protection"
MAT_0115,Cardboard,32,50,95,0.9,94,1.2,"E-commerce, Food & Beverage, Consumer Goods, Apparel"
MAT_0116,Cardboard,32,50,95,0.9,93,1.2,"E-commerce, Food & Beverage, Consumer Goods, Apparel"
MAT_0117,Plastic,50,70,0,1.2,87,1.5,"Industrial Components, Heavy Machinery, Automotive Parts"
MAT_0118,Plastic,50,70,0,1.06,87,1.5,"Electronics, Medium-Value Goods, Retail Logistics"
MAT_0119,Plastic,50,70,0,1.18,86,1.5,"Industrial Components, Heavy Machinery, Automotive Parts"
MAT_0120,Paper/Bio-Based,20,30,98,0.47,100,1.0,"Fragile Items, Cosmetics, Pharmaceuticals, Internal Component Protection"
MAT_0121,Cardboard,32,50,95,0.8,100,1.2,"E-commerce, Food & Beverage, Consumer Goods, Apparel"
MAT_0122,Plastic,50,70,0,1.96,69,1.5,"Low-Value Goods, Secondary Protection for Non-Fragile Items"
MAT_0123,Cardboard,32,50,95,0.73,97,1.2,"E-commerce, Food & Beverage, Consumer Goods, Apparel"
MAT_0124,Steel,250,500,0,3.56,94,2.5,"Heavy Industrial Components, High-Security Goods"
MAT_0125,Plastic,50,70,0,1.12,82,1.5,"Industrial Components, Heavy Machinery, Automotive Parts"
MAT_0126,Plastic,50,70,0,1.06,86,1.5,"Electronics, Medium-Value Goods, Retail Logistics"
MAT_0127,Cardboard,32,50,95,0.81,100,1.2,"E-commerce, Food & Beverage, Consumer Goods, Apparel"
MAT_0128,Steel,250,500,0,3.57,93,2.5,"Heavy Industrial Components, High-Security Goods"
MAT_0129,Paper/Bio-Based,20,30,98,0.53,100,1.0,"Fragile Items, Cosmetics, Pharmaceuticals, Internal Component Protection"
MAT_0130,Cardboard,32,50,95,0.85,96,1.2,"E-commerce, Food & Beverage, Consumer Goods, Apparel"
MAT_0131,Plastic,50,70,0,1.06,84,1.5,"Industrial Components, Heavy Machinery, Automotive Parts"
MAT_0132,Cardboard,32,50,95,0.8,99,1.2,"E-commerce, Food & Beverage, Consumer Goods, Apparel"
MAT_0133,Plastic,50,70,0,1.96,69,1.5,"Low-Value Goods, Secondary Protection for Non-Fragile Items"
MAT_0134,Cardboard,32,50,95,0.72,99,1.2,"E-commerce, Food & Beverage, Consumer Goods, Apparel"
MAT_0135,Paper/Bio-Based,20,30,98,0.54,100,1.0,"Fragile Items, Cosmetics, Pharmaceuticals, Internal Component Protection"
MAT_0136,Cardboard,32,50,95,0.88,97,1.2,"E-commerce, Food & Beverage, Consumer Goods, Apparel"
MAT_0137,Cardboard,32,50,95,0.74,97,1.2,"E-commerce, Food & Beverage, Consumer Goods, Apparel"
MAT_0138,Plastic,50,70,0,1.14,84,1.5,"Industrial Components, Heavy Machinery, Automotive Parts"
MAT_0139,Plastic,50,70,0,1.06,85,1.5,"Electronics, Medium-Value Goods, Retail Logistics"
MAT_0140,Cardboard,32,50,95,0.81,99,1.2,"E-commerce, Food & Beverage, Consumer Goods, Apparel"
MAT_0141,Steel,250,500,0,3.58,94,2.5,"Heavy Industrial Components, High-Security Goods"
MAT_0142,Paper/Bio-Based,20,30,98,0.58,100,1.0,"Fragile Items, Cosmetics, Pharmaceuticals, Internal Component Protection"
MAT_0143,Plastic,50,70,0,1.96,62,1.5,"Low-Value Goods, Secondary Protection for Non-Fragile Items"
MAT_0144,Plastic,50,70,0,1.06,82,1.5,"Electronics, Medium-Value Goods, Retail Logistics"
MAT_0145,Plastic,50,70,0,1.21,93,1.5,"Industrial Components, Heavy Machinery, Automotive Parts"
MAT_0146,Plastic,50,70,0,0.92,81,1.5,"Electronics, Medium-Value Goods, Retail Logistics"
MAT_0147,Cardboard,32,50,95,0.76,100,1.2,"E-commerce, Food & Beverage, Consumer Goods, Apparel"
MAT_0148,Plastic,50,70,0,1.06,90,1.5,"Industrial Components, Heavy Machinery, Automotive Parts"
MAT_0149,Steel,250,500,0,3.64,96,2.5,"Heavy Industrial Components, High-Security Goods"
MAT_0150,Paper/Bio-Based,20,30,98,0.56,94,1.0,"Fragile Items, Cosmetics, Pharmaceuticals, Internal Component Protection"
MAT_0151,Plastic,50,70,0,1.15,94,1.5,"Industrial Components, Heavy Machinery, Automotive Parts"
MAT_0152,Steel,250,500,0,3.58,99,2.5,"Heavy Industrial Components, High-Security Goods"
MAT_0153,Plastic,50,70,0,1.0,87,1.5,"Electronics, Medium-Value Goods, Retail Logistics"
MAT_0154,Cardboard,32,50,95,0.76,100,1.2,"E-commerce, Food & Beverage, Consumer Goods, Apparel"
MAT_0155,Plastic,50,70,0,1.21,85,1.5,"Industrial Components, Heavy Machinery, Automotive Parts"
MAT_0156,Plastic,50,70,0,1.16,87,1.5,"Industrial Components, Heavy Machinery, Automotive Parts"
MAT_0157,Plastic,50,70,0,2.05,77,1.5,"Low-Value Goods, Secondary Protection for Non-Fragile Items"
MAT_0158,Cardboard,32,50,95,0.77,99,1.2,"E-commerce, Food & Beverage, Consumer Goods, Apparel"
MAT_0159,Plastic,50,70,0,1.0,81,1.5,"Electronics, Medium-Value Goods, Retail Logistics"
MAT_0160,Cardboard,32,50,95,0.73,100,1.2,"E-commerce, Food & Beverage, Consumer Goods, Apparel"
MAT_0161,Paper/Bio-Based,20,30,98,0.53,99,1.0,"Fragile Items, Cosmetics, Pharmaceuticals, Internal Component Protection"
MAT_0162,Steel,250,500,0,3.48,95,2.5,"Heavy Industrial Components, High-Security Goods"
MAT_0163,Cardboard,32,50,95,0.85,100,1.2,"E-commerce, Food & Beverage, Consumer Goods, Apparel"
MAT_0164,Plastic,50,70,0,1.14,88,1.5,"Industrial Components, Heavy Machinery, Automotive Parts"
MAT_0165,Steel,250,500,0,3.61,86,2.5,"Heavy Industrial Components, High-Security Goods"
MAT_0166,Cardboard,32,50,95,0.86,99,1.2,"E-commerce, Food & Beverage, Consumer Goods, Apparel"
MAT_0167,Paper/Bio-Based,20,30,98,0.54,98,1.0,"Fragile Items, Cosmetics, Pharmaceuticals, Internal Component Protection"
MAT_0168,Plastic,50,70,0,1.06,90,1.5,"Electronics, Medium-Value Goods, Retail Logistics"
MAT_0169,Plastic,50,70,0,2.02,77,1.5,"Low-Value Goods, Secondary Protection for Non-Fragile Items"
MAT_0170,Plastic,50,70,0,1.17,95,1.5,"Industrial Components, Heavy Machinery, Automotive Parts"
MAT_0171,Paper/Bio-Based,20,30,98,0.51,100,1.0,"Fragile Items, Cosmetics, Pharmaceuticals, Internal Component Protection"
MAT_0172,Cardboard,32,50,95,0.79,97,1.2,"E-commerce, Food & Beverage, Consumer Goods, Apparel"
MAT_0173,Cardboard,32,50,95,0.79,96,1.2,"E-commerce, Food & Beverage, Consumer Goods, Apparel"
MAT_0174,Plastic,50,70,0,1.21,87,1.5,"Industrial Components, Heavy Machinery, Automotive Parts"
MAT_0175,Cardboard,32,50,95,0.8,99,1.2,"E-commerce, Food & Beverage, Consumer Goods, Apparel"
MAT_0176,Plastic,50,70,0,0.9,88,1.5,"Electronics, Medium-Value Goods, Retail Logistics"
MAT_0177,Plastic,50,70,0,1.14,92,1.5,"Industrial Components, Heavy Machinery, Automotive Parts"
MAT_0178,Cardboard,32,50,95,0.92,95,1.2,"E-commerce, Food & Beverage, Consumer Goods, Apparel"
MAT_0179,Steel,250,500,0,3.58,94,2.5,"Heavy Industrial Components, High-Security Goods"
MAT_0180,Plastic,50,70,0,2.07,78,1.5,"Low-Value Goods, Secondary Protection for Non-Fragile Items"
MAT_0181,Cardboard,32,50,95,0.8,98,1.2,"E-commerce, Food & Beverage, Consumer Goods, Apparel"
MAT_0182,Plastic,50,70,0,1.2,89,1.5,"Industrial Components, Heavy Machinery, Automotive Parts"
MAT_0183,Plastic,50,70,0,1.07,93,1.5,"Industrial Components, Heavy Machinery, Automotive Parts"
MAT_0184,Plastic,50,70,0,0.96,85,1.5,"Electronics, Medium-Value Goods, Retail Logistics"
MAT_0185,Paper/Bio-Based,20,30,98,0.52,99,1.0,"Fragile Items, Cosmetics, Pharmaceuticals, Internal Component Protection"
MAT_0186,Cardboard,32,50,95,0.85,97,1.2,"E-commerce, Food & Beverage, Consumer Goods, Apparel"
MAT_0187,Plastic,50,70,0,1.15,90,1.5,"Industrial Components, Heavy Machinery, Automotive Parts"
MAT_0188,Plastic,50,70,0,1.08,85,1.5,"Electronics, Medium-Value Goods, Retail Logistics"
MAT_0189,Steel,250,500,0,3.48,94,2.5,"Heavy Industrial Components, High-Security Goods"
MAT_0190,Plastic,50,70,0,1.21,95,1.5,"Industrial Components, Heavy Machinery, Automotive Parts"
MAT_0191,Plastic,50,70,0,1.08,91,1.5,"Industrial Components, Heavy Machinery, Automotive Parts"
MAT_0192,Plastic,50,70,0,1.95,62,1.5,"Low-Value Goods, Secondary Protection for Non-Fragile Items"
MAT_0193,Cardboard,32,50,95,0.88,98,1.2,"E-commerce, Food & Beverage, Consumer Goods, Apparel"
MAT_0194,Plastic,50,70,0,1.07,86,1.5,"Electronics, Medium-Value Goods, Retail Logistics"
MAT_0195,Steel,250,500,0,3.67,88,2.5,"Heavy Industrial Components, High-Security Goods"
MAT_0196,Cardboard,32,50,95,0.85,97,1.2,"E-commerce, Food & Beverage, Consumer Goods, Apparel"
MAT_0197,Paper/Bio-Based,20,30,98,0.56,100,1.0,"Fragile Items, Cosmetics, Pharmaceuticals, Internal Component Protection"
MAT_0198,Plastic,50,70,0,1.15,94,1.5,"Industrial Components, Heavy Machinery, Automotive Parts"
MAT_0199,Cardboard,32,50,95,0.72,96,1.2,"E-commerce, Food & Beverage, Consumer Goods, Apparel"
MAT_0200,Plastic,50,70,0,1.15,87,1.5,"Industrial Components, Heavy Machinery, Automotive Parts"
MAT_0201,Plastic,50,70,0,1.01,82,1.5,"Electronics, Medium-Value Goods, Retail Logistics"
MAT_0202,Cardboard,32,50,95,0.73,99,1.2,"E-commerce, Food & Beverage, Consumer Goods, Apparel"
MAT_0203,Cardboard,32,50,95,0.92,100,1.2,"E-commerce, Food & Beverage, Consumer Goods, Apparel"
MAT_0204,Plastic,50,70,0,1.13,94,1.5,"Industrial Components, Heavy Machinery, Automotive Parts"
MAT_0205,Plastic,50,70,0,1.06,94,1.5,"Electronics, Medium-Value Goods, Retail Logistics"
MAT_0206,Plastic,50,70,0,1.18,90,1.5,"Industrial Components, Heavy Machinery, Automotive Parts"
MAT_0207,Plastic,50,70,0,2.05,68,1.5,"Low-Value Goods, Secondary Protection for Non-Fragile Items"
MAT_0208,Plastic,50,70,0,1.06,84,1.5,"Electronics, Medium-Value Goods, Retail Logistics"
MAT_0209,Steel,250,500,0,3.58,97,2.5,"Heavy Industrial Components, High-Security Goods"
MAT_0210,Plastic,50,70,0,1.18,90,1.5,"Industrial Components, Heavy Machinery, Automotive Parts"
MAT_0211,Cardboard,32,50,95,0.76,100,1.2,"E-commerce, Food & Beverage, Consumer Goods, Apparel"
MAT_0212,Paper/Bio-Based,20,30,98,0.47,100,1.0,"Fragile Items, Cosmetics, Pharmaceuticals, Internal Component Protection"
MAT_0213,Cardboard,32,50,95,0.74,96,1.2,"E-commerce, Food & Beverage, Consumer Goods, Apparel"
MAT_0214,Plastic,50,70,0,0.92,84,1.5,"Electronics, Medium-Value Goods, Retail Logistics"
MAT_0215,Plastic,50,70,0,1.18,82,1.5,"Industrial Components, Heavy Machinery, Automotive Parts"
MAT_0216,Cardboard,32,50,95,0.85,97,1.2,"E-commerce, Food & Beverage, Consumer Goods, Apparel"
MAT_0217,Plastic,50,70,0,1.2,93,1.5,"Industrial Components, Heavy Machinery, Automotive Parts"
MAT_0218,Paper/Bio-Based,20,30,98,0.5,100,1.0,"Fragile Items, Cosmetics, Pharmaceuticals, Internal Component Protection"
MAT_0219,Plastic,50,70,0,1.18,95,1.5,"Industrial Components, Heavy Machinery, Automotive Parts"
MAT_0220,Cardboard,32,50,95,0.77,99,1.2,"E-commerce, Food & Beverage, Consumer Goods, Apparel"
MAT_0221,Cardboard,32,50,95,0.76,100,1.2,"E-commerce, Food & Beverage, Consumer Goods, Apparel"
MAT_0222,Plastic,50,70,0,0.92,95,1.5,"Electronics, Medium-Value Goods, Retail Logistics"
MAT_0223,Paper/Bio-Based,20,30,98,0.5,100,1.0,"Fragile Items, Cosmetics, Pharmaceuticals, Internal Component Protection"
MAT_0224,Cardboard,32,50,95,0.85,96,1.2,"E-commerce, Food & Beverage, Consumer Goods, Apparel"
MAT_0225,Plastic,50,70,0,1.96,73,1.5,"Low-Value Goods, Secondary Protection for Non-Fragile Items"
MAT_0226,Plastic,50,70,0,0.92,85,1.5,"Electronics, Medium-Value Goods, Retail Logistics"
MAT_0227,Cardboard,32,50,95,0.81,99,1.2,"E-commerce, Food & Beverage, Consumer Goods, Apparel"
MAT_0228,Cardboard,32,50,95,0.73,100,1.2,"E-commerce, Food & Beverage, Consumer Goods, Apparel"
MAT_0229,Plastic,50,70,0,1.21,90,1.5,"Industrial Components, Heavy Machinery, Automotive Parts"
MAT_0230,Steel,250,500,0,3.6,88,2.5,"Heavy Industrial Components, High-Security Goods"
MAT_0231,Cardboard,32,50,95,0.72,97,1.2,"E-commerce, Food & Beverage, Consumer Goods, Apparel"
MAT_0232,Paper/Bio-Based,20,30,98,0.52,100,1.0,"Fragile Items, Cosmetics, Pharmaceuticals, Internal Component Protection"
MAT_0233,Plastic,50,70,0,1.06,84,1.5,"Electronics, Medium-Value Goods, Retail Logistics"
MAT_0234,Plastic,50,70,0,1.99,62,1.5,"Low-Value Goods, Secondary Protection for Non-Fragile Items"
MAT_0235,Cardboard,32,50,95,0.85,100,1.2,"E-commerce, Food & Beverage, Consumer Goods, Apparel"
MAT_0236,Plastic,50,70,0,1.15,86,1.5,"Industrial Components, Heavy Machinery, Automotive Parts"
MAT_0237,Cardboard,32,50,95,0.78,98,1.2,"E-commerce, Food & Beverage, Consumer Goods, Apparel"
MAT_0238,Cardboard,32,50,95,0.79,99,1.2,"E-commerce, Food & Beverage, Consumer Goods, Apparel"
MAT_0239,Plastic,50,70,0,0.92,84,1.5,"Electronics, Medium-Value Goods, Retail Logistics"
MAT_0240,Plastic,50,70,0,1.17,86,1.5,"Industrial Components, Heavy Machinery, Automotive Parts"
MAT_0241,Plastic,50,70,0,1.18,90,1.5,"Industrial Components, Heavy Machinery, Automotive Parts"
MAT_0242,Cardboard,32,50,95,0.78,100,1.2,"E-commerce, Food & Beverage, Consumer Goods, Apparel"
MAT_0243,Cardboard,32,50,95,0.79,97,1.2,"E-commerce, Food & Beverage, Consumer Goods, Apparel"
MAT_0244,Steel,250,500,0,3.58,95,2.5,"Heavy Industrial Components, High-Security Goods"
MAT_0245,Paper/Bio-Based,20,30,98,0.47,94,1.0,"Fragile Items, Cosmetics, Pharmaceuticals, Internal Component Protection"
MAT_0246,Plastic,50,70,0,1.15,90,1.5,"Industrial Components, Heavy Machinery, Automotive Parts"
MAT_0247,Plastic,50,70,0,1.06,87,1.5,"Electronics, Medium-Value Goods, Retail Logistics"
MAT_0248,Plastic,50,70,0,2.05,73,1.5,"Low-Value Goods, Secondary Protection for Non-Fragile Items"
MAT_0249,Plastic,50,70,0,1.21,94,1.5,"Industrial Components, Heavy Machinery, Automotive Parts"
MAT_0250,Steel,250,500,0,3.48,97,2.5,"Heavy Industrial Components, High-Security Goods"
MAT_0251,Cardboard,32,50,95,0.72,98,1.2,"E-commerce, Food & Beverage, Consumer Goods, Apparel"
MAT_0252,Paper/Bio-Based,20,30,98,0.5,100,1.0,"Fragile Items, Cosmetics, Pharmaceuticals, Internal Component Protection"
MAT_0253,Plastic,50,70,0,1.15,92,1.5,"Industrial Components, Heavy Machinery, Automotive Parts"
MAT_0254,Cardboard,32,50,95,0.76,100,1.2,"E-commerce, Food & Beverage, Consumer Goods, Apparel"
MAT_0255,Plastic,50,70,0,1.06,88,1.5,"Industrial Components, Heavy Machinery, Automotive Parts"
MAT_0256,Plastic,50,70,0,0.95,87,1.5,"Electronics, Medium-Value Goods, Retail Logistics"
MAT_0257,Cardboard,32,50,95,0.73,97,1.2,"E-commerce, Food & Beverage, Consumer Goods, Apparel"
MAT_0258,Plastic,50,70,0,1.21,90,1.5,"Industrial Components, Heavy Machinery, Automotive Parts"
MAT_0259,Paper/Bio-Based,20,30,98,0.52,99,1.0,"Fragile Items, Cosmetics, Pharmaceuticals, Internal Component Protection"
MAT_0260,Cardboard,32,50,95,0.92,94,1.2,"E-commerce, Food & Beverage, Consumer Goods, Apparel"
MAT_0261,Plastic,50,70,0,2.14,76,1.5,"Low-Value Goods, Secondary Protection for Non-Fragile Items"
MAT_0262,Plastic,50,70,0,1.14,95,1.5,"Industrial Components, Heavy Machinery, Automotive Parts"
MAT_0263,Cardboard,32,50,95,0.79,100,1.2,"E-commerce, Food & Beverage, Consumer Goods, Apparel"
MAT_0264,Plastic,50,70,0,1.06,84,1.5,"Electronics, Medium-Value Goods, Retail Logistics"
MAT_0265,Paper/Bio-Based,20,30,98,0.5,100,1.0,"Fragile Items, Cosmetics, Pharmaceuticals, Internal Component Protection"
MAT_0266,Cardboard,32,50,95,0.92,94,1.2,"E-commerce, Food & Beverage, Consumer Goods, Apparel"
MAT_0267,Plastic,50,70,0,0.92,82,1.5,"Electronics, Medium-Value Goods, Retail Logistics"
MAT_0268,Plastic,50,70,0,1.21,90,1.5,"Industrial Components, Heavy Machinery, Automotive Parts"
MAT_0269,Steel,250,500,0,3.56,97,2.5,"Heavy Industrial Components, High-Security Goods"
MAT_0270,Cardboard,32,50,95,0.85,99,1.2,"E-commerce, Food & Beverage, Consumer Goods, Apparel"
MAT_0271,Plastic,50,70,0,0.98,95,1.5,"Electronics, Medium-Value Goods, Retail Logistics"
MAT_0272,Plastic,50,70,0,1.15,92,1.5,"Industrial Components, Heavy Machinery, Automotive Parts"
MAT_0273,Cardboard,32,50,95,0.72,98,1.2,"E-commerce, Food & Beverage, Consumer Goods, Apparel"
MAT_0274,Cardboard,32,50,95,0.85,100,1.2,"E-commerce, Food & Beverage, Consumer Goods, Apparel"
MAT_0275,Plastic,50,70,0,1.06,87,1.5,"Electronics, Medium-Value Goods, Retail Logistics"
MAT_0276,Plastic,50,70,0,1.18,88,1.5,"Industrial Components, Heavy Machinery, Automotive Parts"
MAT_0277,Cardboard,32,50,95,0.73,100,1.2,"E-commerce, Food & Beverage, Consumer Goods, Apparel"
MAT_0278,Plastic,50,70,0,1.06,87,1.5,"Electronics, Medium-Value Goods, Retail Logistics"
MAT_0279,Plastic,50,70,0,1.18,94,1.5,"Industrial Components, Heavy Machinery, Automotive Parts"
MAT_0280,Steel,250,500,0,3.67,96,2.5,"Heavy Industrial Components, High-Security Goods"
MAT_0281,Cardboard,32,50,95,0.85,96,1.2,"E-commerce, Food & Beverage, Consumer Goods, Apparel"
MAT_0282,Plastic,50,70,0,1.2,90,1.5,"Industrial Components, Heavy Machinery, Automotive Parts"
MAT_0283,Cardboard,32,50,95,0.73,99,1.2,"E-commerce, Food & Beverage, Consumer Goods, Apparel"
MAT_0284,Plastic,50,70,0,0.92,85,1.5,"Electronics, Medium-Value Goods, Retail Logistics"
MAT_0285,Cardboard,32,50,95,0.85,98,1.2,"E-commerce, Food & Beverage, Consumer Goods, Apparel"
MAT_0286,Plastic,50,70,0,1.12,92,1.5,"Industrial Components, Heavy Machinery, Automotive Parts"
MAT_0287,Cardboard,32,50,95,0.72,98,1.2,"E-commerce, Food & Beverage, Consumer Goods, Apparel"
MAT_0288,Plastic,50,70,0,1.01,88,1.5,"Electronics, Medium-Value Goods, Retail Logistics"
MAT_0289,Cardboard,32,50,95,0.92,100,1.2,"E-commerce, Food & Beverage, Consumer Goods, Apparel"
MAT_0290,Plastic,50,70,0,1.15,87,1.5,"Industrial Components, Heavy Machinery, Automotive Parts"
MAT_0291,Plastic,50,70,0,1.07,82,1.5,"Electronics, Medium-Value Goods, Retail Logistics"
MAT_0292,Cardboard,32,50,95,0.73,100,1.2,"E-commerce, Food & Beverage, Consumer Goods, Apparel"
MAT_0293,Plastic,50,70,0,1.19,88,1.5,"Industrial Components, Heavy Machinery, Automotive Parts"
MAT_0294,Cardboard,32,50,95,0.79,97,1.2,"E-commerce, Food & Beverage, Consumer Goods, Apparel"
MAT_0295,Plastic,50,70,0,1.08,87,1.5,"Electronics, Medium-Value Goods, Retail Logistics"
MAT_0296,Plastic,50,70,0,1.12,85,1.5,"Industrial Components, Heavy Machinery, Automotive Parts"
MAT_0297,Cardboard,32,50,95,0.73,99,1.2,"E-commerce, Food & Beverage, Consumer Goods, Apparel"
MAT_0298,Plastic,50,70,0,0.92,95,1.5,"Electronics, Medium-Value Goods, Retail Logistics"
MAT_0299,Plastic,50,70,0,1.21,85,1.5,"Industrial Components, Heavy Machinery, Automotive Parts"
MAT_0300,Cardboard,32,50,95,0.77,99,1.2,"E-commerce, Food & Beverage, Consumer Goods, Apparel"
MAT_0301,Plastic,50,70,0,1.01,85,1.5,"Electronics, Medium-Value Goods, Retail Logistics"
MAT_0302,Plastic,50,70,0,1.22,95,1.5,"Industrial Components, Heavy Machinery, Automotive Parts"
MAT_0303,Cardboard,32,50,95,0.85,100,1.2,"E-commerce, Food & Beverage, Consumer Goods, Apparel"
MAT_0304,Plastic,50,70,0,1.0,82,1.5,"Electronics, Medium-Value Goods, Retail Logistics"
MAT_0305,Plastic,50,70,0,1.15,90,1.5,"Industrial Components, Heavy Machinery, Automotive Parts"
MAT_0306,Cardboard,32,50,95,0.72,100,1.2,"E-commerce, Food & Beverage, Consumer Goods, Apparel"
MAT_0307,Plastic,50,70,0,0.96,88,1.5,"Electronics, Medium-Value Goods, Retail Logistics"
MAT_0308,Plastic,50,70,0,1.19,87,1.5,"Industrial Components, Heavy Machinery, Automotive Parts"
MAT_0309,Cardboard,32,50,95,0.79,100,1.2,"E-commerce, Food & Beverage, Consumer Goods, Apparel"
MAT_0310,Plastic,50,70,0,1.06,90,1.5,"Industrial Components, Heavy Machinery, Automotive Parts"
MAT_0311,Cardboard,32,50,95,0.85,99,1.2,"E-commerce, Food & Beverage, Consumer Goods, Apparel"
MAT_0312,Plastic,50,70,0,1.18,85,1.5,"Industrial Components, Heavy Machinery, Automotive Parts"
MAT_0313,Cardboard,32,50,95,0.78,100,1.2,"E-commerce, Food & Beverage, Consumer Goods, Apparel"
MAT_0314,Plastic,50,70,0,1.18,95,1.5,"Industrial Components, Heavy Machinery, Automotive Parts"
MAT_0315,Cardboard,32,50,95,0.73,97,1.2,"E-commerce, Food & Beverage, Consumer Goods, Apparel"
MAT_0316,Plastic,50,70,0,1.21,88,1.5,"Industrial Components, Heavy Machinery, Automotive Parts"
MAT_0317,Cardboard,32,50,95,0.79,99,1.2,"E-commerce, Food & Beverage, Consumer Goods, Apparel"
MAT_0318,Plastic,50,70,0,1.2,85,1.5,"Industrial Components, Heavy Machinery, Automotive Parts"
MAT_0319,Cardboard,32,50,95,0.78,98,1.2,"E-commerce, Food & Beverage, Consumer Goods, Apparel"
MAT_0320,Plastic,50,70,0,1.15,90,1.5,"Industrial Components, Heavy Machinery, Automotive Parts"
MAT_0321,Cardboard,32,50,95,0.85,96,1.2,"E-commerce, Food & Beverage, Consumer Goods, Apparel"
MAT_0322,Plastic,50,70,0,1.15,92,1.5,"Industrial Components, Heavy Machinery, Automotive Parts"
MAT_0323,Cardboard,32,50,95,0.92,100,1.2,"E-commerce, Food & Beverage, Consumer Goods, Apparel"
MAT_0324,Plastic,50,70,0,1.06,88,1.5,"Industrial Components, Heavy Machinery, Automotive Parts"
MAT_0325,Cardboard,32,50,95,0.79,99,1.2,"E-commerce, Food & Beverage, Consumer Goods, Apparel"
MAT_0326,Plastic,50,70,0,1.21,90,1.5,"Industrial Components, Heavy Machinery, Automotive Parts"
MAT_0327,Cardboard,32,50,95,0.92,94,1.2,"E-commerce, Food & Beverage, Consumer Goods, Apparel"
MAT_0328,Plastic,50,70,0,1.12,85,1.5,"Industrial Components, Heavy Machinery, Automotive Parts"
MAT_0329,Cardboard,32,50,95,0.79,97,1.2,"E-commerce, Food & Beverage, Consumer Goods, Apparel"
MAT_0330,Plastic,50,70,0,1.15,88,1.5,"Industrial Components, Heavy Machinery, Automotive Parts"
MAT_0331,Cardboard,32,50,95,0.73,99,1.2,"E-commerce, Food & Beverage, Consumer Goods, Apparel"
MAT_0332,Plastic,50,70,0,1.21,95,1.5,"Industrial Components, Heavy Machinery, Automotive Parts"
MAT_0333,Cardboard,32,50,95,0.72,98,1.2,"E-commerce, Food & Beverage, Consumer Goods, Apparel"
MAT_0334,Plastic,50,70,0,1.15,88,1.5,"Industrial Components, Heavy Machinery, Automotive Parts"
MAT_0335,Cardboard,32,50,95,0.77,96,1.2,"E-commerce, Food & Beverage, Consumer Goods, Apparel"
MAT_0336,Plastic,50,70,0,1.2,90,1.5,"Industrial Components, Heavy Machinery, Automotive Parts"
MAT_0337,Cardboard,32,50,95,0.76,100,1.2,"E-commerce, Food & Beverage, Consumer Goods, Apparel"
MAT_0338,Plastic,50,70,0,1.18,94,1.5,"Industrial Components, Heavy Machinery, Automotive Parts"
MAT_0339,Cardboard,32,50,95,0.85,94,1.2,"E-commerce, Food & Beverage, Consumer Goods, Apparel"
MAT_0340,Plastic,50,70,0,1.18,85,1.5,"Industrial Components, Heavy Machinery, Automotive Parts"
MAT_0341,Cardboard,32,50,95,0.79,97,1.2,"E-commerce, Food & Beverage, Consumer Goods, Apparel"
MAT_0342,Plastic,50,70,0,1.21,92,1.5,"Industrial Components, Heavy Machinery, Automotive Parts"
MAT_0343,Cardboard,32,50,95,0.78,99,1.2,"E-commerce, Food & Beverage, Consumer Goods, Apparel"
MAT_0344,Plastic,50,70,0,1.15,88,1.5,"Industrial Components, Heavy Machinery, Automotive Parts"
MAT_0345,Cardboard,32,50,95,0.77,96,1.2,"E-commerce, Food & Beverage, Consumer Goods, Apparel"
MAT_0346,Plastic,50,70,0,1.19,90,1.5,"Industrial Components, Heavy Machinery, Automotive Parts"
MAT_0347,Cardboard,32,50,95,0.72,100,1.2,"E-commerce, Food & Beverage, Consumer Goods, Apparel"
MAT_0348,Plastic,50,70,0,1.14,95,1.5,"Industrial Components, Heavy Machinery, Automotive Parts"
MAT_0349,Cardboard,32,50,95,0.85,98,1.2,"E-commerce, Food & Beverage, Consumer Goods, Apparel"
MAT_0350,Plastic,50,70,0,1.15,90,1.5,"Industrial Components, Heavy Machinery, Automotive Parts"
MAT_0351,Cardboard,32,50,95,0.92,100,1.2,"E-commerce, Food & Beverage, Consumer Goods, Apparel"
MAT_0352,Plastic,50,70,0,1.21,88,1.5,"Industrial Components, Heavy Machinery, Automotive Parts"
MAT_0353,Cardboard,32,50,95,0.73,99,1.2,"E-commerce, Food & Beverage, Consumer Goods, Apparel"
MAT_0354,Plastic,50,70,0,1.18,85,1.5,"Industrial Components, Heavy Machinery, Automotive Parts"
MAT_0355,Cardboard,32,50,95,0.73,100,1.2,"E-commerce, Food & Beverage, Consumer Goods, Apparel"
MAT_0356,Plastic,50,70,0,1.06,87,1.5,"Industrial Components, Heavy Machinery, Automotive Parts"
MAT_0357,Cardboard,32,50,95,0.72,97,1.2,"E-commerce, Food & Beverage, Consumer Goods, Apparel"
MAT_0358,Plastic,50,70,0,1.22,92,1.5,"Industrial Components, Heavy Machinery, Automotive Parts"
MAT_0359,Cardboard,32,50,95,0.85,96,1.2,"E-commerce, Food & Beverage, Consumer Goods, Apparel"
MAT_0360,Plastic,50,70,0,1.15,90,1.5,"Industrial Components, Heavy Machinery, Automotive Parts"
MAT_0361,Cardboard,32,50,95,0.78,100,1.2,"E-commerce, Food & Beverage, Consumer Goods, Apparel"
MAT_0362,Plastic,50,70,0,1.21,95,1.5,"Industrial Components, Heavy Machinery, Automotive Parts"
MAT_0363,Cardboard,32,50,95,0.92,98,1.2,"E-commerce, Food & Beverage, Consumer Goods, Apparel"
MAT_0364,Plastic,50,70,0,1.2,90,1.5,"Industrial Components, Heavy Machinery, Automotive Parts"
MAT_0365,Cardboard,32,50,95,0.76,100,1.2,"E-commerce, Food & Beverage, Consumer Goods, Apparel"
MAT_0366,Plastic,50,70,0,1.13,88,1.5,"Industrial Components, Heavy Machinery, Automotive Parts"
MAT_0367,Cardboard,32,50,95,0.8,99,1.2,"E-commerce, Food & Beverage, Consumer Goods, Apparel"
MAT_0368,Plastic,50,70,0,1.12,85,1.5,"Industrial Components, Heavy Machinery, Automotive Parts"
MAT_0369,Cardboard,32,50,95,0.73,100,1.2,"E-commerce, Food & Beverage, Consumer Goods, Apparel"
MAT_0370,Plastic,50,70,0,1.15,87,1.5,"Industrial Components, Heavy Machinery, Automotive Parts"
MAT_0371,Cardboard,32,50,95,0.79,97,1.2,"E-commerce, Food & Beverage, Consumer Goods, Apparel"
MAT_0372,Plastic,50,70,0,1.15,92,1.5,"Industrial Components, Heavy Machinery, Automotive Parts"
MAT_0373,Cardboard,32,50,95,0.77,96,1.2,"E-commerce, Food & Beverage, Consumer Goods, Apparel"
MAT_0374,Plastic,50,70,0,1.19,90,1.5,"Industrial Components, Heavy Machinery, Automotive Parts"
MAT_0375,Cardboard,32,50,95,0.72,98,1.2,"E-commerce, Food & Beverage, Consumer Goods, Apparel"
MAT_0376,Plastic,50,70,0,1.21,95,1.5,"Industrial Components, Heavy Machinery, Automotive Parts"
MAT_0377,Cardboard,32,50,95,0.92,94,1.2,"E-commerce, Food & Beverage, Consumer Goods, Apparel"
MAT_0378,Plastic,50,70,0,1.2,90,1.5,"Industrial Components, Heavy Machinery, Automotive Parts"
MAT_0379,Cardboard,32,50,95,0.76,100,1.2,"E-commerce, Food & Beverage, Consumer Goods, Apparel"
MAT_0380,Plastic,50,70,0,1.13,88,1.5,"Industrial Components, Heavy Machinery, Automotive Parts"
MAT_0381,Cardboard,32,50,95,0.8,99,1.2,"E-commerce, Food & Beverage, Consumer Goods, Apparel"
MAT_0382,Plastic,50,70,0,1.12,85,1.5,"Industrial Components, Heavy Machinery, Automotive Parts"
MAT_0383,Cardboard,32,50,95,0.73,100,1.2,"E-commerce, Food & Beverage, Consumer Goods, Apparel"
MAT_0384,Plastic,50,70,0,1.06,87,1.5,"Industrial Components, Heavy Machinery, Automotive Parts"
MAT_0385,Cardboard,32,50,95,0.72,97,1.2,"E-commerce, Food & Beverage, Consumer Goods, Apparel"
MAT_0386,Plastic,50,70,0,1.22,92,1.5,"Industrial Components, Heavy Machinery, Automotive Parts"
MAT_0387,Cardboard,32,50,95,0.85,96,1.2,"E-commerce, Food & Beverage, Consumer Goods, Apparel"
MAT_0388,Plastic,50,70,0,1.15,90,1.5,"Industrial Components, Heavy Machinery, Automotive Parts"
MAT_0389,Cardboard,32,50,95,0.78,98,1.2,"E-commerce, Food & Beverage, Consumer Goods, Apparel"
MAT_0390,Plastic,50,70,0,1.14,95,1.5,"Industrial Components, Heavy Machinery, Automotive Parts"
MAT_0391,Cardboard,32,50,95,0.92,94,1.2,"E-commerce, Food & Beverage, Consumer Goods, Apparel"
MAT_0392,Plastic,50,70,0,1.2,90,1.5,"Industrial Components, Heavy Machinery, Automotive Parts"
MAT_0393,Cardboard,32,50,95,0.76,100,1.2,"E-commerce, Food & Beverage, Consumer Goods, Apparel"
MAT_0394,Plastic,50,70,0,1.13,88,1.5,"Industrial Components, Heavy Machinery, Automotive Parts"
MAT_0395,Cardboard,32,50,95,0.79,99,1.2,"E-commerce, Food & Beverage, Consumer Goods, Apparel"
MAT_0396,Plastic,50,70,0,1.18,85,1.5,"Industrial Components, Heavy Machinery, Automotive Parts"
MAT_0397,Cardboard,32,50,95,0.73,100,1.2,"E-commerce, Food & Beverage, Consumer Goods, Apparel"
MAT_0398,Plastic,50,70,0,1.15,87,1.5,"Industrial Components, Heavy Machinery, Automotive Parts"
MAT_0399,Cardboard,32,50,95,0.79,97,1.2,"E-commerce, Food & Beverage, Consumer Goods, Apparel"
MAT_0400,Plastic,50,70,0,1.15,92,1.5,"Industrial Components, Heavy Machinery, Automotive Parts"
MAT_0401,Cardboard,32,50,95,0.77,96,1.2,"E-commerce, Food & Beverage, Consumer Goods, Apparel"
MAT_0402,Plastic,50,70,0,1.19,90,1.5,"Industrial Components, Heavy Machinery, Automotive Parts"
MAT_0403,Cardboard,32,50,95,0.72,98,1.2,"E-commerce, Food & Beverage, Consumer Goods, Apparel"
MAT_0404,Plastic,50,70,0,1.186774193548387,95,1.5,"Industrial Components, Heavy Machinery, Automotive Parts"
