material_id,strength_mpa,weight_capacity,biodegradability_percent,co2_emission_score,recyclability_percent,cost_per_kg,industry_use_case,material_type_Cardboard,material_type_Paper/Bio-Based,material_type_Plastic,material_type_Steel
MAT_0001,0.052173913043478265,0.04255319148936171,0.9693877551020408,0.13988095238095238,0.9555555555555557,0.1333333333333333,"E-commerce, Food & Beverage, Consumer Goods, Apparel",True,False,False,False
MAT_0002,0.0,0.0,0.9999999999999999,0.0625,1.0,0.0,"Fragile Items, Cosmetics, Pharmaceuticals, Internal Component Protection",False,True,False,False
MAT_0003,1.0,1.0,0.0,0.9999999999999999,0.711111111111111,0.9999999999999999,"Heavy Industrial Components, High-Security Goods",False,False,False,True
MAT_0004,0.0,0.0,0.9999999999999999,0.05059523809523808,1.0,0.0,"Fragile Items, Cosmetics, Pharmaceuticals, Internal Component Protection",False,True,False,False
MAT_0005,0.0,0.0,0.9999999999999999,0.029761904761904753,1.0,0.0,"Fragile Items, Cosmetics, Pharmaceuticals, Internal Component Protection",False,True,False,False
MAT_0006,0.13043478260869565,0.0851063829787234,0.0,0.20833333333333331,0.6666666666666667,0.33333333333333337,"Electronics, Medium-Value Goods, Retail Logistics",False,False,True,False
MAT_0007,1.0,1.0,0.0,0.9285714285714287,0.7999999999999998,0.9999999999999999,"Heavy Industrial Components, High-Security Goods",False,False,False,True
MAT_0008,1.0,1.0,0.0,0.9910714285714285,0.911111111111111,0.9999999999999999,"Heavy Industrial Components, High-Security Goods",False,False,False,True
MAT_0009,1.0,1.0,0.0,0.9761904761904762,0.8666666666666667,0.9999999999999999,"Heavy Industrial Components, High-Security Goods",False,False,False,True
MAT_0010,0.0,0.0,0.9999999999999999,0.03273809523809523,0.8666666666666667,0.0,"Fragile Items, Cosmetics, Pharmaceuticals, Internal Component Protection",False,True,False,False
MAT_0011,0.052173913043478265,0.04255319148936171,0.9693877551020408,0.10416666666666666,1.0,0.1333333333333333,"E-commerce, Food & Beverage, Consumer Goods, Apparel",True,False,False,False
MAT_0012,1.0,1.0,0.0,0.9345238095238096,0.711111111111111,0.9999999999999999,"Heavy Industrial Components, High-Security Goods",False,False,False,True
MAT_0013,0.13043478260869565,0.0851063829787234,0.0,0.5119047619047619,0.46666666666666656,0.33333333333333337,"Low-Value Goods, Secondary Protection for Non-Fragile Items",False,False,True,False
MAT_0014,0.0,0.0,0.9999999999999999,0.04464285714285715,1.0,0.0,"Fragile Items, Cosmetics, Pharmaceuticals, Internal Component Protection",False,True,False,False
MAT_0015,0.13043478260869565,0.0851063829787234,0.0,0.2142857142857143,0.711111111111111,0.33333333333333337,"Electronics, Medium-Value Goods, Retail Logistics",False,False,True,False
MAT_0016,0.052173913043478265,0.04255319148936171,0.9693877551020408,0.1369047619047619,0.8444444444444446,0.1333333333333333,"E-commerce, Food & Beverage, Consumer Goods, Apparel",True,False,False,False
MAT_0017,0.13043478260869565,0.0851063829787234,0.0,0.49702380952380953,0.3555555555555556,0.33333333333333337,"Low-Value Goods, Secondary Protection for Non-Fragile Items",False,False,True,False
MAT_0018,0.13043478260869565,0.0851063829787234,0.0,0.47619047619047616,0.15555555555555545,0.33333333333333337,"Low-Value Goods, Secondary Protection for Non-Fragile Items",False,False,True,False
MAT_0019,0.13043478260869565,0.0851063829787234,0.0,0.19047619047619047,0.6888888888888889,0.33333333333333337,"Electronics, Medium-Value Goods, Retail Logistics",False,False,True,False
MAT_0020,0.052173913043478265,0.04255319148936171,0.9693877551020408,0.14285714285714285,0.8222222222222224,0.1333333333333333,"E-commerce, Food & Beverage, Consumer Goods, Apparel",True,False,False,False
MAT_0021,0.0,0.0,0.9999999999999999,0.047619047619047616,1.0,0.0,"Fragile Items, Cosmetics, Pharmaceuticals, Internal Component Protection",False,True,False,False
MAT_0022,0.13043478260869565,0.0851063829787234,0.0,0.24999999999999994,0.8666666666666667,0.33333333333333337,"Industrial Components, Heavy Machinery, Automotive Parts",False,False,True,False
MAT_0023,0.052173913043478265,0.04255319148936171,0.9693877551020408,0.13392857142857142,0.7777777777777777,0.1333333333333333,"E-commerce, Food & Beverage, Consumer Goods, Apparel",True,False,False,False
MAT_0024,0.13043478260869565,0.0851063829787234,0.0,0.22619047619047622,0.7333333333333334,0.33333333333333337,"Electronics, Medium-Value Goods, Retail Logistics",False,False,True,False
MAT_0025,0.13043478260869565,0.0851063829787234,0.0,0.49702380952380953,0.1777777777777778,0.33333333333333337,"Low-Value Goods, Secondary Protection for Non-Fragile Items",False,False,True,False
MAT_0026,0.0,0.0,0.9999999999999999,0.07738095238095236,1.0,0.0,"Fragile Items, Cosmetics, Pharmaceuticals, Internal Component Protection",False,True,False,False
MAT_0027,0.052173913043478265,0.04255319148936171,0.9693877551020408,0.14583333333333334,1.0,0.1333333333333333,"E-commerce, Food & Beverage, Consumer Goods, Apparel",True,False,False,False
MAT_0028,0.13043478260869565,0.0851063829787234,0.0,0.2708333333333333,0.8222222222222224,0.33333333333333337,"Industrial Components, Heavy Machinery, Automotive Parts",False,False,True,False
MAT_0029,0.13043478260869565,0.0851063829787234,0.0,0.21726190476190477,0.7999999999999998,0.33333333333333337,"Industrial Components, Heavy Machinery, Automotive Parts",False,False,True,False
MAT_0030,1.0,1.0,0.0,0.9464285714285715,1.0,0.9999999999999999,"Heavy Industrial Components, High-Security Goods",False,False,False,True
MAT_0031,1.0,1.0,0.0,0.9285714285714287,0.9555555555555557,0.9999999999999999,"Heavy Industrial Components, High-Security Goods",False,False,False,True
MAT_0032,0.13043478260869565,0.0851063829787234,0.0,0.16369047619047616,0.7777777777777777,0.33333333333333337,"Electronics, Medium-Value Goods, Retail Logistics",False,False,True,False
MAT_0033,0.052173913043478265,0.04255319148936171,0.9693877551020408,0.14285714285714285,0.8666666666666667,0.1333333333333333,"E-commerce, Food & Beverage, Consumer Goods, Apparel",True,False,False,False
MAT_0034,0.052173913043478265,0.04255319148936171,0.9693877551020408,0.1369047619047619,0.9777777777777779,0.1333333333333333,"E-commerce, Food & Beverage, Consumer Goods, Apparel",True,False,False,False
MAT_0035,0.13043478260869565,0.0851063829787234,0.0,0.49702380952380953,0.33333333333333326,0.33333333333333337,"Low-Value Goods, Secondary Protection for Non-Fragile Items",False,False,True,False
MAT_0036,0.13043478260869565,0.0851063829787234,0.0,0.488095238095238,0.24444444444444446,0.33333333333333337,"Low-Value Goods, Secondary Protection for Non-Fragile Items",False,False,True,False
MAT_0037,0.13043478260869565,0.0851063829787234,0.0,0.47619047619047616,0.0,0.33333333333333337,"Low-Value Goods, Secondary Protection for Non-Fragile Items",False,False,True,False
MAT_0038,1.0,1.0,0.0,0.9523809523809522,0.9333333333333331,0.9999999999999999,"Heavy Industrial Components, High-Security Goods",False,False,False,True
MAT_0039,0.052173913043478265,0.04255319148936171,0.9693877551020408,0.18154761904761907,1.0,0.1333333333333333,"E-commerce, Food & Beverage, Consumer Goods, Apparel",True,False,False,False
MAT_0040,0.052173913043478265,0.04255319148936171,0.9693877551020408,0.1369047619047619,1.0,0.1333333333333333,"E-commerce, Food & Beverage, Consumer Goods, Apparel",True,False,False,False
MAT_0041,0.13043478260869565,0.0851063829787234,0.0,0.22619047619047622,0.6888888888888889,0.33333333333333337,"Industrial Components, Heavy Machinery, Automotive Parts",False,False,True,False
MAT_0042,1.0,1.0,0.0,0.943452380952381,0.8444444444444446,0.9999999999999999,"Heavy Industrial Components, High-Security Goods",False,False,False,True
MAT_0043,0.0,0.0,0.9999999999999999,0.09226190476190477,1.0,0.0,"Fragile Items, Cosmetics, Pharmaceuticals, Internal Component Protection",False,True,False,False
MAT_0044,1.0,1.0,0.0,0.994047619047619,0.7555555555555555,0.9999999999999999,"Heavy Industrial Components, High-Security Goods",False,False,False,True
MAT_0045,0.0,0.0,0.9999999999999999,0.053571428571428575,1.0,0.0,"Fragile Items, Cosmetics, Pharmaceuticals, Internal Component Protection",False,True,False,False
MAT_0046,0.13043478260869565,0.0851063829787234,0.0,0.2767857142857143,0.6444444444444444,0.33333333333333337,"Industrial Components, Heavy Machinery, Automotive Parts",False,False,True,False
MAT_0047,0.13043478260869565,0.0851063829787234,0.0,0.17261904761904762,0.5555555555555556,0.33333333333333337,"Electronics, Medium-Value Goods, Retail Logistics",False,False,True,False
MAT_0048,0.052173913043478265,0.04255319148936171,0.9693877551020408,0.16369047619047616,1.0,0.1333333333333333,"E-commerce, Food & Beverage, Consumer Goods, Apparel",True,False,False,False
MAT_0049,0.13043478260869565,0.0851063829787234,0.0,0.26190476190476186,0.7333333333333334,0.33333333333333337,"Industrial Components, Heavy Machinery, Automotive Parts",False,False,True,False
MAT_0050,0.052173913043478265,0.04255319148936171,0.9693877551020408,0.1875,0.8444444444444446,0.1333333333333333,"E-commerce, Food & Beverage, Consumer Goods, Apparel",True,False,False,False
MAT_0051,0.13043478260869565,0.0851063829787234,0.0,0.5446428571428572,0.5111111111111111,0.33333333333333337,"Low-Value Goods, Secondary Protection for Non-Fragile Items",False,False,True,False
MAT_0052,0.13043478260869565,0.0851063829787234,0.0,0.20833333333333331,0.5777777777777777,0.33333333333333337,"Electronics, Medium-Value Goods, Retail Logistics",False,False,True,False
MAT_0053,0.13043478260869565,0.0851063829787234,0.0,0.18154761904761907,0.5333333333333332,0.33333333333333337,"Electronics, Medium-Value Goods, Retail Logistics",False,False,True,False
MAT_0054,0.13043478260869565,0.0851063829787234,0.0,0.26190476190476186,0.711111111111111,0.33333333333333337,"Industrial Components, Heavy Machinery, Automotive Parts",False,False,True,False
MAT_0055,0.13043478260869565,0.0851063829787234,0.0,0.19345238095238093,0.5555555555555556,0.33333333333333337,"Electronics, Medium-Value Goods, Retail Logistics",False,False,True,False
MAT_0056,0.0,0.0,0.9999999999999999,0.047619047619047616,1.0,0.0,"Fragile Items, Cosmetics, Pharmaceuticals, Internal Component Protection",False,True,False,False
MAT_0057,0.13043478260869565,0.0851063829787234,0.0,0.20238095238095238,0.5555555555555556,0.33333333333333337,"Electronics, Medium-Value Goods, Retail Logistics",False,False,True,False
MAT_0058,0.052173913043478265,0.04255319148936171,0.9693877551020408,0.1369047619047619,1.0,0.1333333333333333,"E-commerce, Food & Beverage, Consumer Goods, Apparel",True,False,False,False
MAT_0059,0.052173913043478265,0.04255319148936171,0.9693877551020408,0.15773809523809523,0.8888888888888888,0.1333333333333333,"E-commerce, Food & Beverage, Consumer Goods, Apparel",True,False,False,False
MAT_0060,0.052173913043478265,0.04255319148936171,0.9693877551020408,0.12797619047619047,1.0,0.1333333333333333,"E-commerce, Food & Beverage, Consumer Goods, Apparel",True,False,False,False
MAT_0061,0.052173913043478265,0.04255319148936171,0.9693877551020408,0.18154761904761907,0.911111111111111,0.1333333333333333,"E-commerce, Food & Beverage, Consumer Goods, Apparel",True,False,False,False
MAT_0062,0.0,0.0,0.9999999999999999,0.0,0.8888888888888888,0.0,"Fragile Items, Cosmetics, Pharmaceuticals, Internal Component Protection",False,True,False,False
MAT_0063,1.0,1.0,0.0,0.9732142857142857,0.5777777777777777,0.9999999999999999,"Heavy Industrial Components, High-Security Goods",False,False,False,True
MAT_0064,0.13043478260869565,0.0851063829787234,0.0,0.5148809523809523,0.3111111111111111,0.33333333333333337,"Low-Value Goods, Secondary Protection for Non-Fragile Items",False,False,True,False
MAT_0065,0.13043478260869565,0.0851063829787234,0.0,0.23511904761904762,0.5555555555555556,0.33333333333333337,"Industrial Components, Heavy Machinery, Automotive Parts",False,False,True,False
MAT_0066,0.052173913043478265,0.04255319148936171,0.9693877551020408,0.1369047619047619,1.0,0.1333333333333333,"E-commerce, Food & Beverage, Consumer Goods, Apparel",True,False,False,False
MAT_0067,0.13043478260869565,0.0851063829787234,0.0,0.20238095238095238,0.6444444444444444,0.33333333333333337,"Electronics, Medium-Value Goods, Retail Logistics",False,False,True,False
MAT_0068,0.052173913043478265,0.04255319148936171,0.9693877551020408,0.16369047619047616,0.9333333333333331,0.1333333333333333,"E-commerce, Food & Beverage, Consumer Goods, Apparel",True,False,False,False
MAT_0069,0.13043478260869565,0.0851063829787234,0.0,0.17559523809523808,0.5999999999999999,0.33333333333333337,"Electronics, Medium-Value Goods, Retail Logistics",False,False,True,False
MAT_0070,0.13043478260869565,0.0851063829787234,0.0,0.48511904761904756,0.3999999999999999,0.33333333333333337,"Low-Value Goods, Secondary Protection for Non-Fragile Items",False,False,True,False
MAT_0071,0.13043478260869565,0.0851063829787234,0.0,0.5029761904761905,0.28888888888888875,0.33333333333333337,"Low-Value Goods, Secondary Protection for Non-Fragile Items",False,False,True,False
MAT_0072,0.13043478260869565,0.0851063829787234,0.0,0.47916666666666663,0.3999999999999999,0.33333333333333337,"Low-Value Goods, Secondary Protection for Non-Fragile Items",False,False,True,False
MAT_0073,0.13043478260869565,0.0851063829787234,0.0,0.19940476190476192,0.8222222222222224,0.33333333333333337,"Electronics, Medium-Value Goods, Retail Logistics",False,False,True,False
MAT_0074,0.052173913043478265,0.04255319148936171,0.9693877551020408,0.13095238095238093,1.0,0.1333333333333333,"E-commerce, Food & Beverage, Consumer Goods, Apparel",True,False,False,False
MAT_0075,0.13043478260869565,0.0851063829787234,0.0,0.5,0.5999999999999999,0.33333333333333337,"Low-Value Goods, Secondary Protection for Non-Fragile Items",False,False,True,False
MAT_0076,0.0,0.0,0.9999999999999999,0.023809523809523808,0.9777777777777779,0.0,"Fragile Items, Cosmetics, Pharmaceuticals, Internal Component Protection",False,True,False,False
MAT_0077,0.13043478260869565,0.0851063829787234,0.0,0.21130952380952378,0.6444444444444444,0.33333333333333337,"Electronics, Medium-Value Goods, Retail Logistics",False,False,True,False
MAT_0078,0.13043478260869565,0.0851063829787234,0.0,0.1875,0.7333333333333334,0.33333333333333337,"Electronics, Medium-Value Goods, Retail Logistics",False,False,True,False
MAT_0079,0.052173913043478265,0.04255319148936171,0.9693877551020408,0.17559523809523808,0.9555555555555557,0.1333333333333333,"E-commerce, Food & Beverage, Consumer Goods, Apparel",True,False,False,False
MAT_0080,0.13043478260869565,0.0851063829787234,0.0,0.22023809523809523,0.8222222222222224,0.33333333333333337,"Electronics, Medium-Value Goods, Retail Logistics",False,False,True,False
MAT_0081,0.13043478260869565,0.0851063829787234,0.0,0.23214285714285715,0.6888888888888889,0.33333333333333337,"Electronics, Medium-Value Goods, Retail Logistics",False,False,True,False
MAT_0082,0.13043478260869565,0.0851063829787234,0.0,0.5297619047619047,0.3555555555555556,0.33333333333333337,"Low-Value Goods, Secondary Protection for Non-Fragile Items",False,False,True,False
MAT_0083,0.052173913043478265,0.04255319148936171,0.9693877551020408,0.16369047619047616,1.0,0.1333333333333333,"E-commerce, Food & Beverage, Consumer Goods, Apparel",True,False,False,False
MAT_0084,0.13043478260869565,0.0851063829787234,0.0,0.49404761904761907,0.1777777777777778,0.33333333333333337,"Low-Value Goods, Secondary Protection for Non-Fragile Items",False,False,True,False
MAT_0085,0.13043478260869565,0.0851063829787234,0.0,0.488095238095238,0.28888888888888875,0.33333333333333337,"Low-Value Goods, Secondary Protection for Non-Fragile Items",False,False,True,False
MAT_0086,0.052173913043478265,0.04255319148936171,0.9693877551020408,0.18452380952380953,1.0,0.1333333333333333,"E-commerce, Food & Beverage, Consumer Goods, Apparel",True,False,False,False
MAT_0087,0.13043478260869565,0.0851063829787234,0.0,0.2738095238095238,0.7333333333333334,0.33333333333333337,"Industrial Components, Heavy Machinery, Automotive Parts",False,False,True,False
MAT_0088,0.13043478260869565,0.0851063829787234,0.0,0.4732142857142857,0.3111111111111111,0.33333333333333337,"Low-Value Goods, Secondary Protection for Non-Fragile Items",False,False,True,False
MAT_0089,0.0,0.0,0.9999999999999999,0.03273809523809523,0.8888888888888888,0.0,"Fragile Items, Cosmetics, Pharmaceuticals, Internal Component Protection",False,True,False,False
MAT_0090,0.0,0.0,0.9999999999999999,0.07738095238095236,1.0,0.0,"Fragile Items, Cosmetics, Pharmaceuticals, Internal Component Protection",False,True,False,False
MAT_0091,0.13043478260869565,0.0851063829787234,0.0,0.19345238095238093,0.8888888888888888,0.33333333333333337,"Electronics, Medium-Value Goods, Retail Logistics",False,False,True,False
MAT_0092,0.0,0.0,0.9999999999999999,0.047619047619047616,0.9333333333333331,0.0,"Fragile Items, Cosmetics, Pharmaceuticals, Internal Component Protection",False,True,False,False
MAT_0093,0.13043478260869565,0.0851063829787234,0.0,0.16666666666666669,0.5999999999999999,0.33333333333333337,"Electronics, Medium-Value Goods, Retail Logistics",False,False,True,False
MAT_0094,0.13043478260869565,0.0851063829787234,0.0,0.24702380952380948,1.0,0.33333333333333337,"Industrial Components, Heavy Machinery, Automotive Parts",False,False,True,False
MAT_0095,0.052173913043478265,0.04255319148936171,0.9693877551020408,0.11011904761904762,1.0,0.1333333333333333,"E-commerce, Food & Beverage, Consumer Goods, Apparel",True,False,False,False
MAT_0096,0.052173913043478265,0.04255319148936171,0.9693877551020408,0.1369047619047619,0.9777777777777779,0.1333333333333333,"E-commerce, Food & Beverage, Consumer Goods, Apparel",True,False,False,False
MAT_0097,0.052173913043478265,0.04255319148936171,0.9693877551020408,0.13988095238095238,0.9333333333333331,0.1333333333333333,"E-commerce, Food & Beverage, Consumer Goods, Apparel",True,False,False,False
MAT_0098,0.0,0.0,0.9999999999999999,0.07142857142857142,0.9777777777777779,0.0,"Fragile Items, Cosmetics, Pharmaceuticals, Internal Component Protection",False,True,False,False
MAT_0099,0.13043478260869565,0.0851063829787234,0.0,0.2648809523809524,0.6444444444444444,0.33333333333333337,"Industrial Components, Heavy Machinery, Automotive Parts",False,False,True,False
MAT_0100,0.0,0.0,0.9999999999999999,0.0625,1.0,0.0,"Fragile Items, Cosmetics, Pharmaceuticals, Internal Component Protection",False,True,False,False
MAT_0101,0.0,0.0,0.9999999999999999,0.04464285714285715,1.0,0.0,"Fragile Items, Cosmetics, Pharmaceuticals, Internal Component Protection",False,True,False,False
MAT_0102,1.0,1.0,0.0,0.9732142857142857,0.8666666666666667,0.9999999999999999,"Heavy Industrial Components, High-Security Goods",False,False,False,True
MAT_0103,0.052173913043478265,0.04255319148936171,0.9693877551020408,0.14285714285714285,0.9777777777777779,0.1333333333333333,"E-commerce, Food & Beverage, Consumer Goods, Apparel",True,False,False,False
MAT_0104,0.052173913043478265,0.04255319148936171,0.9693877551020408,0.1607142857142857,1.0,0.1333333333333333,"E-commerce, Food & Beverage, Consumer Goods, Apparel",True,False,False,False
MAT_0105,0.13043478260869565,0.0851063829787234,0.0,0.18154761904761907,0.6666666666666667,0.33333333333333337,"Electronics, Medium-Value Goods, Retail Logistics",False,False,True,False
MAT_0106,0.13043478260869565,0.0851063829787234,0.0,0.4910714285714286,0.1333333333333333,0.33333333333333337,"Low-Value Goods, Secondary Protection for Non-Fragile Items",False,False,True,False
MAT_0107,0.13043478260869565,0.0851063829787234,0.0,0.25595238095238093,0.6888888888888889,0.33333333333333337,"Industrial Components, Heavy Machinery, Automotive Parts",False,False,True,False
MAT_0108,0.13043478260869565,0.0851063829787234,0.0,0.22619047619047622,0.8222222222222224,0.33333333333333337,"Electronics, Medium-Value Goods, Retail Logistics",False,False,True,False
MAT_0109,0.13043478260869565,0.0851063829787234,0.0,0.22916666666666669,0.8666666666666667,0.33333333333333337,"Electronics, Medium-Value Goods, Retail Logistics",False,False,True,False
MAT_0110,0.13043478260869565,0.0851063829787234,0.0,0.244047619047619,0.8222222222222224,0.33333333333333337,"Industrial Components, Heavy Machinery, Automotive Parts",False,False,True,False
MAT_0111,0.052173913043478265,0.04255319148936171,0.9693877551020408,0.13392857142857142,1.0,0.1333333333333333,"E-commerce, Food & Beverage, Consumer Goods, Apparel",True,False,False,False
MAT_0112,1.0,1.0,0.0,0.9821428571428571,0.8888888888888888,0.9999999999999999,"Heavy Industrial Components, High-Security Goods",False,False,False,True
MAT_0113,0.13043478260869565,0.0851063829787234,0.0,0.26785714285714285,0.7777777777777777,0.33333333333333337,"Industrial Components, Heavy Machinery, Automotive Parts",False,False,True,False
MAT_0114,0.0,0.0,0.9999999999999999,0.07440476190476192,1.0,0.0,"Fragile Items, Cosmetics, Pharmaceuticals, Internal Component Protection",False,True,False,False
MAT_0115,0.052173913043478265,0.04255319148936171,0.9693877551020408,0.17559523809523808,0.8666666666666667,0.1333333333333333,"E-commerce, Food & Beverage, Consumer Goods, Apparel",True,False,False,False
MAT_0116,0.052173913043478265,0.04255319148936171,0.9693877551020408,0.17559523809523808,0.8444444444444446,0.1333333333333333,"E-commerce, Food & Beverage, Consumer Goods, Apparel",True,False,False,False
MAT_0117,0.13043478260869565,0.0851063829787234,0.0,0.2648809523809524,0.711111111111111,0.33333333333333337,"Industrial Components, Heavy Machinery, Automotive Parts",False,False,True,False
MAT_0118,0.13043478260869565,0.0851063829787234,0.0,0.2232142857142857,0.711111111111111,0.33333333333333337,"Electronics, Medium-Value Goods, Retail Logistics",False,False,True,False
MAT_0119,0.13043478260869565,0.0851063829787234,0.0,0.2589285714285714,0.6888888888888889,0.33333333333333337,"Industrial Components, Heavy Machinery, Automotive Parts",False,False,True,False
MAT_0120,0.0,0.0,0.9999999999999999,0.047619047619047616,1.0,0.0,"Fragile Items, Cosmetics, Pharmaceuticals, Internal Component Protection",False,True,False,False
MAT_0121,0.052173913043478265,0.04255319148936171,0.9693877551020408,0.14583333333333334,1.0,0.1333333333333333,"E-commerce, Food & Beverage, Consumer Goods, Apparel",True,False,False,False
MAT_0122,0.13043478260869565,0.0851063829787234,0.0,0.4910714285714286,0.3111111111111111,0.33333333333333337,"Low-Value Goods, Secondary Protection for Non-Fragile Items",False,False,True,False
MAT_0123,0.052173913043478265,0.04255319148936171,0.9693877551020408,0.125,0.9333333333333331,0.1333333333333333,"E-commerce, Food & Beverage, Consumer Goods, Apparel",True,False,False,False
MAT_0124,1.0,1.0,0.0,0.9672619047619048,0.8666666666666667,0.9999999999999999,"Heavy Industrial Components, High-Security Goods",False,False,False,True
MAT_0125,0.13043478260869565,0.0851063829787234,0.0,0.2410714285714286,0.5999999999999999,0.33333333333333337,"Industrial Components, Heavy Machinery, Automotive Parts",False,False,True,False
MAT_0126,0.13043478260869565,0.0851063829787234,0.0,0.2232142857142857,0.6888888888888889,0.33333333333333337,"Electronics, Medium-Value Goods, Retail Logistics",False,False,True,False
MAT_0127,0.052173913043478265,0.04255319148936171,0.9693877551020408,0.1488095238095238,1.0,0.1333333333333333,"E-commerce, Food & Beverage, Consumer Goods, Apparel",True,False,False,False
MAT_0128,1.0,1.0,0.0,0.9702380952380952,0.8444444444444446,0.9999999999999999,"Heavy Industrial Components, High-Security Goods",False,False,False,True
MAT_0129,0.0,0.0,0.9999999999999999,0.06547619047619047,1.0,0.0,"Fragile Items, Cosmetics, Pharmaceuticals, Internal Component Protection",False,True,False,False
MAT_0130,0.052173913043478265,0.04255319148936171,0.9693877551020408,0.1607142857142857,0.911111111111111,0.1333333333333333,"E-commerce, Food & Beverage, Consumer Goods, Apparel",True,False,False,False
MAT_0131,0.13043478260869565,0.0851063829787234,0.0,0.2232142857142857,0.6444444444444444,0.33333333333333337,"Industrial Components, Heavy Machinery, Automotive Parts",False,False,True,False
MAT_0132,0.052173913043478265,0.04255319148936171,0.9693877551020408,0.14583333333333334,0.9777777777777779,0.1333333333333333,"E-commerce, Food & Beverage, Consumer Goods, Apparel",True,False,False,False
MAT_0133,0.13043478260869565,0.0851063829787234,0.0,0.4910714285714286,0.3111111111111111,0.33333333333333337,"Low-Value Goods, Secondary Protection for Non-Fragile Items",False,False,True,False
MAT_0134,0.052173913043478265,0.04255319148936171,0.9693877551020408,0.1220238095238095,0.9777777777777779,0.1333333333333333,"E-commerce, Food & Beverage, Consumer Goods, Apparel",True,False,False,False
MAT_0135,0.0,0.0,0.9999999999999999,0.06845238095238096,1.0,0.0,"Fragile Items, Cosmetics, Pharmaceuticals, Internal Component Protection",False,True,False,False
MAT_0136,0.052173913043478265,0.04255319148936171,0.9693877551020408,0.16964285714285715,0.9333333333333331,0.1333333333333333,"E-commerce, Food & Beverage, Consumer Goods, Apparel",True,False,False,False
MAT_0137,0.052173913043478265,0.04255319148936171,0.9693877551020408,0.12797619047619047,0.9333333333333331,0.1333333333333333,"E-commerce, Food & Beverage, Consumer Goods, Apparel",True,False,False,False
MAT_0138,0.13043478260869565,0.0851063829787234,0.0,0.24702380952380948,0.6444444444444444,0.33333333333333337,"Industrial Components, Heavy Machinery, Automotive Parts",False,False,True,False
MAT_0139,0.13043478260869565,0.0851063829787234,0.0,0.2232142857142857,0.6666666666666667,0.33333333333333337,"Electronics, Medium-Value Goods, Retail Logistics",False,False,True,False
MAT_0140,0.052173913043478265,0.04255319148936171,0.9693877551020408,0.1488095238095238,0.9777777777777779,0.1333333333333333,"E-commerce, Food & Beverage, Consumer Goods, Apparel",True,False,False,False
MAT_0141,1.0,1.0,0.0,0.9732142857142857,0.8666666666666667,0.9999999999999999,"Heavy Industrial Components, High-Security Goods",False,False,False,True
MAT_0142,0.0,0.0,0.9999999999999999,0.08035714285714285,1.0,0.0,"Fragile Items, Cosmetics, Pharmaceuticals, Internal Component Protection",False,True,False,False
MAT_0143,0.13043478260869565,0.0851063829787234,0.0,0.4910714285714286,0.15555555555555545,0.33333333333333337,"Low-Value Goods, Secondary Protection for Non-Fragile Items",False,False,True,False
MAT_0144,0.13043478260869565,0.0851063829787234,0.0,0.2232142857142857,0.5999999999999999,0.33333333333333337,"Electronics, Medium-Value Goods, Retail Logistics",False,False,True,False
MAT_0145,0.13043478260869565,0.0851063829787234,0.0,0.26785714285714285,0.8444444444444446,0.33333333333333337,"Industrial Components, Heavy Machinery, Automotive Parts",False,False,True,False
MAT_0146,0.13043478260869565,0.0851063829787234,0.0,0.18154761904761907,0.5777777777777777,0.33333333333333337,"Electronics, Medium-Value Goods, Retail Logistics",False,False,True,False
MAT_0147,0.052173913043478265,0.04255319148936171,0.9693877551020408,0.13392857142857142,1.0,0.1333333333333333,"E-commerce, Food & Beverage, Consumer Goods, Apparel",True,False,False,False
MAT_0148,0.13043478260869565,0.0851063829787234,0.0,0.2232142857142857,0.7777777777777777,0.33333333333333337,"Industrial Components, Heavy Machinery, Automotive Parts",False,False,True,False
MAT_0149,1.0,1.0,0.0,0.9910714285714285,0.911111111111111,0.9999999999999999,"Heavy Industrial Components, High-Security Goods",False,False,False,True
MAT_0150,0.0,0.0,0.9999999999999999,0.07440476190476192,0.8666666666666667,0.0,"Fragile Items, Cosmetics, Pharmaceuticals, Internal Component Protection",False,True,False,False
MAT_0151,0.13043478260869565,0.0851063829787234,0.0,0.24999999999999994,0.8666666666666667,0.33333333333333337,"Industrial Components, Heavy Machinery, Automotive Parts",False,False,True,False
MAT_0152,1.0,1.0,0.0,0.9732142857142857,0.9777777777777779,0.9999999999999999,"Heavy Industrial Components, High-Security Goods",False,False,False,True
MAT_0153,0.13043478260869565,0.0851063829787234,0.0,0.20535714285714285,0.711111111111111,0.33333333333333337,"Electronics, Medium-Value Goods, Retail Logistics",False,False,True,False
MAT_0154,0.052173913043478265,0.04255319148936171,0.9693877551020408,0.13392857142857142,1.0,0.1333333333333333,"E-commerce, Food & Beverage, Consumer Goods, Apparel",True,False,False,False
MAT_0155,0.13043478260869565,0.0851063829787234,0.0,0.26785714285714285,0.6666666666666667,0.33333333333333337,"Industrial Components, Heavy Machinery, Automotive Parts",False,False,True,False
MAT_0156,0.13043478260869565,0.0851063829787234,0.0,0.25297619047619047,0.711111111111111,0.33333333333333337,"Industrial Components, Heavy Machinery, Automotive Parts",False,False,True,False
MAT_0157,0.13043478260869565,0.0851063829787234,0.0,0.5178571428571428,0.48888888888888893,0.33333333333333337,"Low-Value Goods, Secondary Protection for Non-Fragile Items",False,False,True,False
MAT_0158,0.052173913043478265,0.04255319148936171,0.9693877551020408,0.1369047619047619,0.9777777777777779,0.1333333333333333,"E-commerce, Food & Beverage, Consumer Goods, Apparel",True,False,False,False
MAT_0159,0.13043478260869565,0.0851063829787234,0.0,0.20535714285714285,0.5777777777777777,0.33333333333333337,"Electronics, Medium-Value Goods, Retail Logistics",False,False,True,False
MAT_0160,0.052173913043478265,0.04255319148936171,0.9693877551020408,0.125,1.0,0.1333333333333333,"E-commerce, Food & Beverage, Consumer Goods, Apparel",True,False,False,False
MAT_0161,0.0,0.0,0.9999999999999999,0.06547619047619047,0.9777777777777779,0.0,"Fragile Items, Cosmetics, Pharmaceuticals, Internal Component Protection",False,True,False,False
MAT_0162,1.0,1.0,0.0,0.943452380952381,0.8888888888888888,0.9999999999999999,"Heavy Industrial Components, High-Security Goods",False,False,False,True
MAT_0163,0.052173913043478265,0.04255319148936171,0.9693877551020408,0.1607142857142857,1.0,0.1333333333333333,"E-commerce, Food & Beverage, Consumer Goods, Apparel",True,False,False,False
MAT_0164,0.13043478260869565,0.0851063829787234,0.0,0.24702380952380948,0.7333333333333334,0.33333333333333337,"Industrial Components, Heavy Machinery, Automotive Parts",False,False,True,False
MAT_0165,1.0,1.0,0.0,0.9821428571428571,0.6888888888888889,0.9999999999999999,"Heavy Industrial Components, High-Security Goods",False,False,False,True
MAT_0166,0.052173913043478265,0.04255319148936171,0.9693877551020408,0.16369047619047616,0.9777777777777779,0.1333333333333333,"E-commerce, Food & Beverage, Consumer Goods, Apparel",True,False,False,False
MAT_0167,0.0,0.0,0.9999999999999999,0.06845238095238096,0.9555555555555557,0.0,"Fragile Items, Cosmetics, Pharmaceuticals, Internal Component Protection",False,True,False,False
MAT_0168,0.13043478260869565,0.0851063829787234,0.0,0.2232142857142857,0.7777777777777777,0.33333333333333337,"Electronics, Medium-Value Goods, Retail Logistics",False,False,True,False
MAT_0169,0.13043478260869565,0.0851063829787234,0.0,0.5089285714285714,0.48888888888888893,0.33333333333333337,"Low-Value Goods, Secondary Protection for Non-Fragile Items",False,False,True,False
MAT_0170,0.13043478260869565,0.0851063829787234,0.0,0.25595238095238093,0.8888888888888888,0.33333333333333337,"Industrial Components, Heavy Machinery, Automotive Parts",False,False,True,False
MAT_0171,0.0,0.0,0.9999999999999999,0.05952380952380951,1.0,0.0,"Fragile Items, Cosmetics, Pharmaceuticals, Internal Component Protection",False,True,False,False
MAT_0172,0.052173913043478265,0.04255319148936171,0.9693877551020408,0.14285714285714285,0.9333333333333331,0.1333333333333333,"E-commerce, Food & Beverage, Consumer Goods, Apparel",True,False,False,False
MAT_0173,0.052173913043478265,0.04255319148936171,0.9693877551020408,0.14285714285714285,0.911111111111111,0.1333333333333333,"E-commerce, Food & Beverage, Consumer Goods, Apparel",True,False,False,False
MAT_0174,0.13043478260869565,0.0851063829787234,0.0,0.26785714285714285,0.711111111111111,0.33333333333333337,"Industrial Components, Heavy Machinery, Automotive Parts",False,False,True,False
MAT_0175,0.052173913043478265,0.04255319148936171,0.9693877551020408,0.14583333333333334,0.9777777777777779,0.1333333333333333,"E-commerce, Food & Beverage, Consumer Goods, Apparel",True,False,False,False
MAT_0176,0.13043478260869565,0.0851063829787234,0.0,0.17559523809523808,0.7333333333333334,0.33333333333333337,"Electronics, Medium-Value Goods, Retail Logistics",False,False,True,False
MAT_0177,0.13043478260869565,0.0851063829787234,0.0,0.24702380952380948,0.8222222222222224,0.33333333333333337,"Industrial Components, Heavy Machinery, Automotive Parts",False,False,True,False
MAT_0178,0.052173913043478265,0.04255319148936171,0.9693877551020408,0.18154761904761907,0.8888888888888888,0.1333333333333333,"E-commerce, Food & Beverage, Consumer Goods, Apparel",True,False,False,False
MAT_0179,1.0,1.0,0.0,0.9732142857142857,0.8666666666666667,0.9999999999999999,"Heavy Industrial Components, High-Security Goods",False,False,False,True
MAT_0180,0.13043478260869565,0.0851063829787234,0.0,0.5238095238095237,0.5111111111111111,0.33333333333333337,"Low-Value Goods, Secondary Protection for Non-Fragile Items",False,False,True,False
MAT_0181,0.052173913043478265,0.04255319148936171,0.9693877551020408,0.14583333333333334,0.9555555555555557,0.1333333333333333,"E-commerce, Food & Beverage, Consumer Goods, Apparel",True,False,False,False
MAT_0182,0.13043478260869565,0.0851063829787234,0.0,0.2648809523809524,0.7555555555555555,0.33333333333333337,"Industrial Components, Heavy Machinery, Automotive Parts",False,False,True,False
MAT_0183,0.13043478260869565,0.0851063829787234,0.0,0.22619047619047622,0.8444444444444446,0.33333333333333337,"Industrial Components, Heavy Machinery, Automotive Parts",False,False,True,False
MAT_0184,0.13043478260869565,0.0851063829787234,0.0,0.19345238095238093,0.6666666666666667,0.33333333333333337,"Electronics, Medium-Value Goods, Retail Logistics",False,False,True,False
MAT_0185,0.0,0.0,0.9999999999999999,0.0625,0.9777777777777779,0.0,"Fragile Items, Cosmetics, Pharmaceuticals, Internal Component Protection",False,True,False,False
MAT_0186,0.052173913043478265,0.04255319148936171,0.9693877551020408,0.1607142857142857,0.9333333333333331,0.1333333333333333,"E-commerce, Food & Beverage, Consumer Goods, Apparel",True,False,False,False
MAT_0187,0.13043478260869565,0.0851063829787234,0.0,0.24999999999999994,0.7777777777777777,0.33333333333333337,"Industrial Components, Heavy Machinery, Automotive Parts",False,False,True,False
MAT_0188,0.13043478260869565,0.0851063829787234,0.0,0.22916666666666669,0.6666666666666667,0.33333333333333337,"Electronics, Medium-Value Goods, Retail Logistics",False,False,True,False
MAT_0189,1.0,1.0,0.0,0.943452380952381,0.8666666666666667,0.9999999999999999,"Heavy Industrial Components, High-Security Goods",False,False,False,True
MAT_0190,0.13043478260869565,0.0851063829787234,0.0,0.26785714285714285,0.8888888888888888,0.33333333333333337,"Industrial Components, Heavy Machinery, Automotive Parts",False,False,True,False
MAT_0191,0.13043478260869565,0.0851063829787234,0.0,0.22916666666666669,0.7999999999999998,0.33333333333333337,"Industrial Components, Heavy Machinery, Automotive Parts",False,False,True,False
MAT_0192,0.13043478260869565,0.0851063829787234,0.0,0.488095238095238,0.15555555555555545,0.33333333333333337,"Low-Value Goods, Secondary Protection for Non-Fragile Items",False,False,True,False
MAT_0193,0.052173913043478265,0.04255319148936171,0.9693877551020408,0.16964285714285715,0.9555555555555557,0.1333333333333333,"E-commerce, Food & Beverage, Consumer Goods, Apparel",True,False,False,False
MAT_0194,0.13043478260869565,0.0851063829787234,0.0,0.22619047619047622,0.6888888888888889,0.33333333333333337,"Electronics, Medium-Value Goods, Retail Logistics",False,False,True,False
MAT_0195,1.0,1.0,0.0,0.9999999999999999,0.7333333333333334,0.9999999999999999,"Heavy Industrial Components, High-Security Goods",False,False,False,True
MAT_0196,0.052173913043478265,0.04255319148936171,0.9693877551020408,0.1607142857142857,0.9333333333333331,0.1333333333333333,"E-commerce, Food & Beverage, Consumer Goods, Apparel",True,False,False,False
MAT_0197,0.0,0.0,0.9999999999999999,0.07440476190476192,1.0,0.0,"Fragile Items, Cosmetics, Pharmaceuticals, Internal Component Protection",False,True,False,False
MAT_0198,0.13043478260869565,0.0851063829787234,0.0,0.24999999999999994,0.8666666666666667,0.33333333333333337,"Industrial Components, Heavy Machinery, Automotive Parts",False,False,True,False
MAT_0199,0.052173913043478265,0.04255319148936171,0.9693877551020408,0.1220238095238095,0.911111111111111,0.1333333333333333,"E-commerce, Food & Beverage, Consumer Goods, Apparel",True,False,False,False
MAT_0200,0.13043478260869565,0.0851063829787234,0.0,0.24999999999999994,0.711111111111111,0.33333333333333337,"Industrial Components, Heavy Machinery, Automotive Parts",False,False,True,False
MAT_0201,0.13043478260869565,0.0851063829787234,0.0,0.20833333333333331,0.5999999999999999,0.33333333333333337,"Electronics, Medium-Value Goods, Retail Logistics",False,False,True,False
MAT_0202,0.052173913043478265,0.04255319148936171,0.9693877551020408,0.125,0.9777777777777779,0.1333333333333333,"E-commerce, Food & Beverage, Consumer Goods, Apparel",True,False,False,False
MAT_0203,0.052173913043478265,0.04255319148936171,0.9693877551020408,0.18154761904761907,1.0,0.1333333333333333,"E-commerce, Food & Beverage, Consumer Goods, Apparel",True,False,False,False
MAT_0204,0.13043478260869565,0.0851063829787234,0.0,0.244047619047619,0.8666666666666667,0.33333333333333337,"Industrial Components, Heavy Machinery, Automotive Parts",False,False,True,False
MAT_0205,0.13043478260869565,0.0851063829787234,0.0,0.2232142857142857,0.8666666666666667,0.33333333333333337,"Electronics, Medium-Value Goods, Retail Logistics",False,False,True,False
MAT_0206,0.13043478260869565,0.0851063829787234,0.0,0.2589285714285714,0.7777777777777777,0.33333333333333337,"Industrial Components, Heavy Machinery, Automotive Parts",False,False,True,False
MAT_0207,0.13043478260869565,0.0851063829787234,0.0,0.5178571428571428,0.28888888888888875,0.33333333333333337,"Low-Value Goods, Secondary Protection for Non-Fragile Items",False,False,True,False
MAT_0208,0.13043478260869565,0.0851063829787234,0.0,0.2232142857142857,0.6444444444444444,0.33333333333333337,"Electronics, Medium-Value Goods, Retail Logistics",False,False,True,False
MAT_0209,1.0,1.0,0.0,0.9732142857142857,0.9333333333333331,0.9999999999999999,"Heavy Industrial Components, High-Security Goods",False,False,False,True
MAT_0210,0.13043478260869565,0.0851063829787234,0.0,0.2589285714285714,0.7777777777777777,0.33333333333333337,"Industrial Components, Heavy Machinery, Automotive Parts",False,False,True,False
MAT_0211,0.052173913043478265,0.04255319148936171,0.9693877551020408,0.13392857142857142,1.0,0.1333333333333333,"E-commerce, Food & Beverage, Consumer Goods, Apparel",True,False,False,False
MAT_0212,0.0,0.0,0.9999999999999999,0.047619047619047616,1.0,0.0,"Fragile Items, Cosmetics, Pharmaceuticals, Internal Component Protection",False,True,False,False
MAT_0213,0.052173913043478265,0.04255319148936171,0.9693877551020408,0.12797619047619047,0.911111111111111,0.1333333333333333,"E-commerce, Food & Beverage, Consumer Goods, Apparel",True,False,False,False
MAT_0214,0.13043478260869565,0.0851063829787234,0.0,0.18154761904761907,0.6444444444444444,0.33333333333333337,"Electronics, Medium-Value Goods, Retail Logistics",False,False,True,False
MAT_0215,0.13043478260869565,0.0851063829787234,0.0,0.2589285714285714,0.5999999999999999,0.33333333333333337,"Industrial Components, Heavy Machinery, Automotive Parts",False,False,True,False
MAT_0216,0.052173913043478265,0.04255319148936171,0.9693877551020408,0.1607142857142857,0.9333333333333331,0.1333333333333333,"E-commerce, Food & Beverage, Consumer Goods, Apparel",True,False,False,False
MAT_0217,0.13043478260869565,0.0851063829787234,0.0,0.2648809523809524,0.8444444444444446,0.33333333333333337,"Industrial Components, Heavy Machinery, Automotive Parts",False,False,True,False
MAT_0218,0.0,0.0,0.9999999999999999,0.05654761904761904,1.0,0.0,"Fragile Items, Cosmetics, Pharmaceuticals, Internal Component Protection",False,True,False,False
MAT_0219,0.13043478260869565,0.0851063829787234,0.0,0.2589285714285714,0.8888888888888888,0.33333333333333337,"Industrial Components, Heavy Machinery, Automotive Parts",False,False,True,False
MAT_0220,0.052173913043478265,0.04255319148936171,0.9693877551020408,0.1369047619047619,0.9777777777777779,0.1333333333333333,"E-commerce, Food & Beverage, Consumer Goods, Apparel",True,False,False,False
MAT_0221,0.052173913043478265,0.04255319148936171,0.9693877551020408,0.13392857142857142,1.0,0.1333333333333333,"E-commerce, Food & Beverage, Consumer Goods, Apparel",True,False,False,False
MAT_0222,0.13043478260869565,0.0851063829787234,0.0,0.18154761904761907,0.8888888888888888,0.33333333333333337,"Electronics, Medium-Value Goods, Retail Logistics",False,False,True,False
MAT_0223,0.0,0.0,0.9999999999999999,0.05654761904761904,1.0,0.0,"Fragile Items, Cosmetics, Pharmaceuticals, Internal Component Protection",False,True,False,False
MAT_0224,0.052173913043478265,0.04255319148936171,0.9693877551020408,0.1607142857142857,0.911111111111111,0.1333333333333333,"E-commerce, Food & Beverage, Consumer Goods, Apparel",True,False,False,False
MAT_0225,0.13043478260869565,0.0851063829787234,0.0,0.4910714285714286,0.3999999999999999,0.33333333333333337,"Low-Value Goods, Secondary Protection for Non-Fragile Items",False,False,True,False
MAT_0226,0.13043478260869565,0.0851063829787234,0.0,0.18154761904761907,0.6666666666666667,0.33333333333333337,"Electronics, Medium-Value Goods, Retail Logistics",False,False,True,False
MAT_0227,0.052173913043478265,0.04255319148936171,0.9693877551020408,0.1488095238095238,0.9777777777777779,0.1333333333333333,"E-commerce, Food & Beverage, Consumer Goods, Apparel",True,False,False,False
MAT_0228,0.052173913043478265,0.04255319148936171,0.9693877551020408,0.125,1.0,0.1333333333333333,"E-commerce, Food & Beverage, Consumer Goods, Apparel",True,False,False,False
MAT_0229,0.13043478260869565,0.0851063829787234,0.0,0.26785714285714285,0.7777777777777777,0.33333333333333337,"Industrial Components, Heavy Machinery, Automotive Parts",False,False,True,False
MAT_0230,1.0,1.0,0.0,0.9791666666666666,0.7333333333333334,0.9999999999999999,"Heavy Industrial Components, High-Security Goods",False,False,False,True
MAT_0231,0.052173913043478265,0.04255319148936171,0.9693877551020408,0.1220238095238095,0.9333333333333331,0.1333333333333333,"E-commerce, Food & Beverage, Consumer Goods, Apparel",True,False,False,False
MAT_0232,0.0,0.0,0.9999999999999999,0.0625,1.0,0.0,"Fragile Items, Cosmetics, Pharmaceuticals, Internal Component Protection",False,True,False,False
MAT_0233,0.13043478260869565,0.0851063829787234,0.0,0.2232142857142857,0.6444444444444444,0.33333333333333337,"Electronics, Medium-Value Goods, Retail Logistics",False,False,True,False
MAT_0234,0.13043478260869565,0.0851063829787234,0.0,0.5,0.15555555555555545,0.33333333333333337,"Low-Value Goods, Secondary Protection for Non-Fragile Items",False,False,True,False
MAT_0235,0.052173913043478265,0.04255319148936171,0.9693877551020408,0.1607142857142857,1.0,0.1333333333333333,"E-commerce, Food & Beverage, Consumer Goods, Apparel",True,False,False,False
MAT_0236,0.13043478260869565,0.0851063829787234,0.0,0.24999999999999994,0.6888888888888889,0.33333333333333337,"Industrial Components, Heavy Machinery, Automotive Parts",False,False,True,False
MAT_0237,0.052173913043478265,0.04255319148936171,0.9693877551020408,0.13988095238095238,0.9555555555555557,0.1333333333333333,"E-commerce, Food & Beverage, Consumer Goods, Apparel",True,False,False,False
MAT_0238,0.052173913043478265,0.04255319148936171,0.9693877551020408,0.14285714285714285,0.9777777777777779,0.1333333333333333,"E-commerce, Food & Beverage, Consumer Goods, Apparel",True,False,False,False
MAT_0239,0.13043478260869565,0.0851063829787234,0.0,0.18154761904761907,0.6444444444444444,0.33333333333333337,"Electronics, Medium-Value Goods, Retail Logistics",False,False,True,False
MAT_0240,0.13043478260869565,0.0851063829787234,0.0,0.25595238095238093,0.6888888888888889,0.33333333333333337,"Industrial Components, Heavy Machinery, Automotive Parts",False,False,True,False
MAT_0241,0.13043478260869565,0.0851063829787234,0.0,0.2589285714285714,0.7777777777777777,0.33333333333333337,"Industrial Components, Heavy Machinery, Automotive Parts",False,False,True,False
MAT_0242,0.052173913043478265,0.04255319148936171,0.9693877551020408,0.13988095238095238,1.0,0.1333333333333333,"E-commerce, Food & Beverage, Consumer Goods, Apparel",True,False,False,False
MAT_0243,0.052173913043478265,0.04255319148936171,0.9693877551020408,0.14285714285714285,0.9333333333333331,0.1333333333333333,"E-commerce, Food & Beverage, Consumer Goods, Apparel",True,False,False,False
MAT_0244,1.0,1.0,0.0,0.9732142857142857,0.8888888888888888,0.9999999999999999,"Heavy Industrial Components, High-Security Goods",False,False,False,True
MAT_0245,0.0,0.0,0.9999999999999999,0.047619047619047616,0.8666666666666667,0.0,"Fragile Items, Cosmetics, Pharmaceuticals, Internal Component Protection",False,True,False,False
MAT_0246,0.13043478260869565,0.0851063829787234,0.0,0.24999999999999994,0.7777777777777777,0.33333333333333337,"Industrial Components, Heavy Machinery, Automotive Parts",False,False,True,False
MAT_0247,0.13043478260869565,0.0851063829787234,0.0,0.2232142857142857,0.711111111111111,0.33333333333333337,"Electronics, Medium-Value Goods, Retail Logistics",False,False,True,False
MAT_0248,0.13043478260869565,0.0851063829787234,0.0,0.5178571428571428,0.3999999999999999,0.33333333333333337,"Low-Value Goods, Secondary Protection for Non-Fragile Items",False,False,True,False
MAT_0249,0.13043478260869565,0.0851063829787234,0.0,0.26785714285714285,0.8666666666666667,0.33333333333333337,"Industrial Components, Heavy Machinery, Automotive Parts",False,False,True,False
MAT_0250,1.0,1.0,0.0,0.943452380952381,0.9333333333333331,0.9999999999999999,"Heavy Industrial Components, High-Security Goods",False,False,False,True
MAT_0251,0.052173913043478265,0.04255319148936171,0.9693877551020408,0.1220238095238095,0.9555555555555557,0.1333333333333333,"E-commerce, Food & Beverage, Consumer Goods, Apparel",True,False,False,False
MAT_0252,0.0,0.0,0.9999999999999999,0.05654761904761904,1.0,0.0,"Fragile Items, Cosmetics, Pharmaceuticals, Internal Component Protection",False,True,False,False
MAT_0253,0.13043478260869565,0.0851063829787234,0.0,0.24999999999999994,0.8222222222222224,0.33333333333333337,"Industrial Components, Heavy Machinery, Automotive Parts",False,False,True,False
MAT_0254,0.052173913043478265,0.04255319148936171,0.9693877551020408,0.13392857142857142,1.0,0.1333333333333333,"E-commerce, Food & Beverage, Consumer Goods, Apparel",True,False,False,False
MAT_0255,0.13043478260869565,0.0851063829787234,0.0,0.2232142857142857,0.7333333333333334,0.33333333333333337,"Industrial Components, Heavy Machinery, Automotive Parts",False,False,True,False
MAT_0256,0.13043478260869565,0.0851063829787234,0.0,0.19047619047619047,0.711111111111111,0.33333333333333337,"Electronics, Medium-Value Goods, Retail Logistics",False,False,True,False
MAT_0257,0.052173913043478265,0.04255319148936171,0.9693877551020408,0.125,0.9333333333333331,0.1333333333333333,"E-commerce, Food & Beverage, Consumer Goods, Apparel",True,False,False,False
MAT_0258,0.13043478260869565,0.0851063829787234,0.0,0.26785714285714285,0.7777777777777777,0.33333333333333337,"Industrial Components, Heavy Machinery, Automotive Parts",False,False,True,False
MAT_0259,0.0,0.0,0.9999999999999999,0.0625,0.9777777777777779,0.0,"Fragile Items, Cosmetics, Pharmaceuticals, Internal Component Protection",False,True,False,False
MAT_0260,0.052173913043478265,0.04255319148936171,0.9693877551020408,0.18154761904761907,0.8666666666666667,0.1333333333333333,"E-commerce, Food & Beverage, Consumer Goods, Apparel",True,False,False,False
MAT_0261,0.13043478260869565,0.0851063829787234,0.0,0.5446428571428572,0.46666666666666656,0.33333333333333337,"Low-Value Goods, Secondary Protection for Non-Fragile Items",False,False,True,False
MAT_0262,0.13043478260869565,0.0851063829787234,0.0,0.24702380952380948,0.8888888888888888,0.33333333333333337,"Industrial Components, Heavy Machinery, Automotive Parts",False,False,True,False
MAT_0263,0.052173913043478265,0.04255319148936171,0.9693877551020408,0.14285714285714285,1.0,0.1333333333333333,"E-commerce, Food & Beverage, Consumer Goods, Apparel",True,False,False,False
MAT_0264,0.13043478260869565,0.0851063829787234,0.0,0.2232142857142857,0.6444444444444444,0.33333333333333337,"Electronics, Medium-Value Goods, Retail Logistics",False,False,True,False
MAT_0265,0.0,0.0,0.9999999999999999,0.05654761904761904,1.0,0.0,"Fragile Items, Cosmetics, Pharmaceuticals, Internal Component Protection",False,True,False,False
MAT_0266,0.052173913043478265,0.04255319148936171,0.9693877551020408,0.18154761904761907,0.8666666666666667,0.1333333333333333,"E-commerce, Food & Beverage, Consumer Goods, Apparel",True,False,False,False
MAT_0267,0.13043478260869565,0.0851063829787234,0.0,0.18154761904761907,0.5999999999999999,0.33333333333333337,"Electronics, Medium-Value Goods, Retail Logistics",False,False,True,False
MAT_0268,0.13043478260869565,0.0851063829787234,0.0,0.26785714285714285,0.7777777777777777,0.33333333333333337,"Industrial Components, Heavy Machinery, Automotive Parts",False,False,True,False
MAT_0269,1.0,1.0,0.0,0.9672619047619048,0.9333333333333331,0.9999999999999999,"Heavy Industrial Components, High-Security Goods",False,False,False,True
MAT_0270,0.052173913043478265,0.04255319148936171,0.9693877551020408,0.1607142857142857,0.9777777777777779,0.1333333333333333,"E-commerce, Food & Beverage, Consumer Goods, Apparel",True,False,False,False
MAT_0271,0.13043478260869565,0.0851063829787234,0.0,0.19940476190476192,0.8888888888888888,0.33333333333333337,"Electronics, Medium-Value Goods, Retail Logistics",False,False,True,False
MAT_0272,0.13043478260869565,0.0851063829787234,0.0,0.24999999999999994,0.8222222222222224,0.33333333333333337,"Industrial Components, Heavy Machinery, Automotive Parts",False,False,True,False
MAT_0273,0.052173913043478265,0.04255319148936171,0.9693877551020408,0.1220238095238095,0.9555555555555557,0.1333333333333333,"E-commerce, Food & Beverage, Consumer Goods, Apparel",True,False,False,False
MAT_0274,0.052173913043478265,0.04255319148936171,0.9693877551020408,0.1607142857142857,1.0,0.1333333333333333,"E-commerce, Food & Beverage, Consumer Goods, Apparel",True,False,False,False
MAT_0275,0.13043478260869565,0.0851063829787234,0.0,0.2232142857142857,0.711111111111111,0.33333333333333337,"Electronics, Medium-Value Goods, Retail Logistics",False,False,True,False
MAT_0276,0.13043478260869565,0.0851063829787234,0.0,0.2589285714285714,0.7333333333333334,0.33333333333333337,"Industrial Components, Heavy Machinery, Automotive Parts",False,False,True,False
MAT_0277,0.052173913043478265,0.04255319148936171,0.9693877551020408,0.125,1.0,0.1333333333333333,"E-commerce, Food & Beverage, Consumer Goods, Apparel",True,False,False,False
MAT_0278,0.13043478260869565,0.0851063829787234,0.0,0.2232142857142857,0.711111111111111,0.33333333333333337,"Electronics, Medium-Value Goods, Retail Logistics",False,False,True,False
MAT_0279,0.13043478260869565,0.0851063829787234,0.0,0.2589285714285714,0.8666666666666667,0.33333333333333337,"Industrial Components, Heavy Machinery, Automotive Parts",False,False,True,False
MAT_0280,1.0,1.0,0.0,0.9999999999999999,0.911111111111111,0.9999999999999999,"Heavy Industrial Components, High-Security Goods",False,False,False,True
MAT_0281,0.052173913043478265,0.04255319148936171,0.9693877551020408,0.1607142857142857,0.911111111111111,0.1333333333333333,"E-commerce, Food & Beverage, Consumer Goods, Apparel",True,False,False,False
MAT_0282,0.13043478260869565,0.0851063829787234,0.0,0.2648809523809524,0.7777777777777777,0.33333333333333337,"Industrial Components, Heavy Machinery, Automotive Parts",False,False,True,False
MAT_0283,0.052173913043478265,0.04255319148936171,0.9693877551020408,0.125,0.9777777777777779,0.1333333333333333,"E-commerce, Food & Beverage, Consumer Goods, Apparel",True,False,False,False
MAT_0284,0.13043478260869565,0.0851063829787234,0.0,0.18154761904761907,0.6666666666666667,0.33333333333333337,"Electronics, Medium-Value Goods, Retail Logistics",False,False,True,False
MAT_0285,0.052173913043478265,0.04255319148936171,0.9693877551020408,0.1607142857142857,0.9555555555555557,0.1333333333333333,"E-commerce, Food & Beverage, Consumer Goods, Apparel",True,False,False,False
MAT_0286,0.13043478260869565,0.0851063829787234,0.0,0.2410714285714286,0.8222222222222224,0.33333333333333337,"Industrial Components, Heavy Machinery, Automotive Parts",False,False,True,False
MAT_0287,0.052173913043478265,0.04255319148936171,0.9693877551020408,0.1220238095238095,0.9555555555555557,0.1333333333333333,"E-commerce, Food & Beverage, Consumer Goods, Apparel",True,False,False,False
MAT_0288,0.13043478260869565,0.0851063829787234,0.0,0.20833333333333331,0.7333333333333334,0.33333333333333337,"Electronics, Medium-Value Goods, Retail Logistics",False,False,True,False
MAT_0289,0.052173913043478265,0.04255319148936171,0.9693877551020408,0.18154761904761907,1.0,0.1333333333333333,"E-commerce, Food & Beverage, Consumer Goods, Apparel",True,False,False,False
MAT_0290,0.13043478260869565,0.0851063829787234,0.0,0.24999999999999994,0.711111111111111,0.33333333333333337,"Industrial Components, Heavy Machinery, Automotive Parts",False,False,True,False
MAT_0291,0.13043478260869565,0.0851063829787234,0.0,0.22619047619047622,0.5999999999999999,0.33333333333333337,"Electronics, Medium-Value Goods, Retail Logistics",False,False,True,False
MAT_0292,0.052173913043478265,0.04255319148936171,0.9693877551020408,0.125,1.0,0.1333333333333333,"E-commerce, Food & Beverage, Consumer Goods, Apparel",True,False,False,False
MAT_0293,0.13043478260869565,0.0851063829787234,0.0,0.26190476190476186,0.7333333333333334,0.33333333333333337,"Industrial Components, Heavy Machinery, Automotive Parts",False,False,True,False
MAT_0294,0.052173913043478265,0.04255319148936171,0.9693877551020408,0.14285714285714285,0.9333333333333331,0.1333333333333333,"E-commerce, Food & Beverage, Consumer Goods, Apparel",True,False,False,False
MAT_0295,0.13043478260869565,0.0851063829787234,0.0,0.22916666666666669,0.711111111111111,0.33333333333333337,"Electronics, Medium-Value Goods, Retail Logistics",False,False,True,False
MAT_0296,0.13043478260869565,0.0851063829787234,0.0,0.2410714285714286,0.6666666666666667,0.33333333333333337,"Industrial Components, Heavy Machinery, Automotive Parts",False,False,True,False
MAT_0297,0.052173913043478265,0.04255319148936171,0.9693877551020408,0.125,0.9777777777777779,0.1333333333333333,"E-commerce, Food & Beverage, Consumer Goods, Apparel",True,False,False,False
MAT_0298,0.13043478260869565,0.0851063829787234,0.0,0.18154761904761907,0.8888888888888888,0.33333333333333337,"Electronics, Medium-Value Goods, Retail Logistics",False,False,True,False
MAT_0299,0.13043478260869565,0.0851063829787234,0.0,0.26785714285714285,0.6666666666666667,0.33333333333333337,"Industrial Components, Heavy Machinery, Automotive Parts",False,False,True,False
MAT_0300,0.052173913043478265,0.04255319148936171,0.9693877551020408,0.1369047619047619,0.9777777777777779,0.1333333333333333,"E-commerce, Food & Beverage, Consumer Goods, Apparel",True,False,False,False
MAT_0301,0.13043478260869565,0.0851063829787234,0.0,0.20833333333333331,0.6666666666666667,0.33333333333333337,"Electronics, Medium-Value Goods, Retail Logistics",False,False,True,False
MAT_0302,0.13043478260869565,0.0851063829787234,0.0,0.2708333333333333,0.8888888888888888,0.33333333333333337,"Industrial Components, Heavy Machinery, Automotive Parts",False,False,True,False
MAT_0303,0.052173913043478265,0.04255319148936171,0.9693877551020408,0.1607142857142857,1.0,0.1333333333333333,"E-commerce, Food & Beverage, Consumer Goods, Apparel",True,False,False,False
MAT_0304,0.13043478260869565,0.0851063829787234,0.0,0.20535714285714285,0.5999999999999999,0.33333333333333337,"Electronics, Medium-Value Goods, Retail Logistics",False,False,True,False
MAT_0305,0.13043478260869565,0.0851063829787234,0.0,0.24999999999999994,0.7777777777777777,0.33333333333333337,"Industrial Components, Heavy Machinery, Automotive Parts",False,False,True,False
MAT_0306,0.052173913043478265,0.04255319148936171,0.9693877551020408,0.1220238095238095,1.0,0.1333333333333333,"E-commerce, Food & Beverage, Consumer Goods, Apparel",True,False,False,False
MAT_0307,0.13043478260869565,0.0851063829787234,0.0,0.19345238095238093,0.7333333333333334,0.33333333333333337,"Electronics, Medium-Value Goods, Retail Logistics",False,False,True,False
MAT_0308,0.13043478260869565,0.0851063829787234,0.0,0.26190476190476186,0.711111111111111,0.33333333333333337,"Industrial Components, Heavy Machinery, Automotive Parts",False,False,True,False
MAT_0309,0.052173913043478265,0.04255319148936171,0.9693877551020408,0.14285714285714285,1.0,0.1333333333333333,"E-commerce, Food & Beverage, Consumer Goods, Apparel",True,False,False,False
MAT_0310,0.13043478260869565,0.0851063829787234,0.0,0.2232142857142857,0.7777777777777777,0.33333333333333337,"Industrial Components, Heavy Machinery, Automotive Parts",False,False,True,False
MAT_0311,0.052173913043478265,0.04255319148936171,0.9693877551020408,0.1607142857142857,0.9777777777777779,0.1333333333333333,"E-commerce, Food & Beverage, Consumer Goods, Apparel",True,False,False,False
MAT_0312,0.13043478260869565,0.0851063829787234,0.0,0.2589285714285714,0.6666666666666667,0.33333333333333337,"Industrial Components, Heavy Machinery, Automotive Parts",False,False,True,False
MAT_0313,0.052173913043478265,0.04255319148936171,0.9693877551020408,0.13988095238095238,1.0,0.1333333333333333,"E-commerce, Food & Beverage, Consumer Goods, Apparel",True,False,False,False
MAT_0314,0.13043478260869565,0.0851063829787234,0.0,0.2589285714285714,0.8888888888888888,0.33333333333333337,"Industrial Components, Heavy Machinery, Automotive Parts",False,False,True,False
MAT_0315,0.052173913043478265,0.04255319148936171,0.9693877551020408,0.125,0.9333333333333331,0.1333333333333333,"E-commerce, Food & Beverage, Consumer Goods, Apparel",True,False,False,False
MAT_0316,0.13043478260869565,0.0851063829787234,0.0,0.26785714285714285,0.7333333333333334,0.33333333333333337,"Industrial Components, Heavy Machinery, Automotive Parts",False,False,True,False
MAT_0317,0.052173913043478265,0.04255319148936171,0.9693877551020408,0.14285714285714285,0.9777777777777779,0.1333333333333333,"E-commerce, Food & Beverage, Consumer Goods, Apparel",True,False,False,False
MAT_0318,0.13043478260869565,0.0851063829787234,0.0,0.2648809523809524,0.6666666666666667,0.33333333333333337,"Industrial Components, Heavy Machinery, Automotive Parts",False,False,True,False
MAT_0319,0.052173913043478265,0.04255319148936171,0.9693877551020408,0.13988095238095238,0.9555555555555557,0.1333333333333333,"E-commerce, Food & Beverage, Consumer Goods, Apparel",True,False,False,False
MAT_0320,0.13043478260869565,0.0851063829787234,0.0,0.24999999999999994,0.7777777777777777,0.33333333333333337,"Industrial Components, Heavy Machinery, Automotive Parts",False,False,True,False
MAT_0321,0.052173913043478265,0.04255319148936171,0.9693877551020408,0.1607142857142857,0.911111111111111,0.1333333333333333,"E-commerce, Food & Beverage, Consumer Goods, Apparel",True,False,False,False
MAT_0322,0.13043478260869565,0.0851063829787234,0.0,0.24999999999999994,0.8222222222222224,0.33333333333333337,"Industrial Components, Heavy Machinery, Automotive Parts",False,False,True,False
MAT_0323,0.052173913043478265,0.04255319148936171,0.9693877551020408,0.18154761904761907,1.0,0.1333333333333333,"E-commerce, Food & Beverage, Consumer Goods, Apparel",True,False,False,False
MAT_0324,0.13043478260869565,0.0851063829787234,0.0,0.2232142857142857,0.7333333333333334,0.33333333333333337,"Industrial Components, Heavy Machinery, Automotive Parts",False,False,True,False
MAT_0325,0.052173913043478265,0.04255319148936171,0.9693877551020408,0.14285714285714285,0.9777777777777779,0.1333333333333333,"E-commerce, Food & Beverage, Consumer Goods, Apparel",True,False,False,False
MAT_0326,0.13043478260869565,0.0851063829787234,0.0,0.26785714285714285,0.7777777777777777,0.33333333333333337,"Industrial Components, Heavy Machinery, Automotive Parts",False,False,True,False
MAT_0327,0.052173913043478265,0.04255319148936171,0.9693877551020408,0.18154761904761907,0.8666666666666667,0.1333333333333333,"E-commerce, Food & Beverage, Consumer Goods, Apparel",True,False,False,False
MAT_0328,0.13043478260869565,0.0851063829787234,0.0,0.2410714285714286,0.6666666666666667,0.33333333333333337,"Industrial Components, Heavy Machinery, Automotive Parts",False,False,True,False
MAT_0329,0.052173913043478265,0.04255319148936171,0.9693877551020408,0.14285714285714285,0.9333333333333331,0.1333333333333333,"E-commerce, Food & Beverage, Consumer Goods, Apparel",True,False,False,False
MAT_0330,0.13043478260869565,0.0851063829787234,0.0,0.24999999999999994,0.7333333333333334,0.33333333333333337,"Industrial Components, Heavy Machinery, Automotive Parts",False,False,True,False
MAT_0331,0.052173913043478265,0.04255319148936171,0.9693877551020408,0.125,0.9777777777777779,0.1333333333333333,"E-commerce, Food & Beverage, Consumer Goods, Apparel",True,False,False,False
MAT_0332,0.13043478260869565,0.0851063829787234,0.0,0.26785714285714285,0.8888888888888888,0.33333333333333337,"Industrial Components, Heavy Machinery, Automotive Parts",False,False,True,False
MAT_0333,0.052173913043478265,0.04255319148936171,0.9693877551020408,0.1220238095238095,0.9555555555555557,0.1333333333333333,"E-commerce, Food & Beverage, Consumer Goods, Apparel",True,False,False,False
MAT_0334,0.13043478260869565,0.0851063829787234,0.0,0.24999999999999994,0.7333333333333334,0.33333333333333337,"Industrial Components, Heavy Machinery, Automotive Parts",False,False,True,False
MAT_0335,0.052173913043478265,0.04255319148936171,0.9693877551020408,0.1369047619047619,0.911111111111111,0.1333333333333333,"E-commerce, Food & Beverage, Consumer Goods, Apparel",True,False,False,False
MAT_0336,0.13043478260869565,0.0851063829787234,0.0,0.2648809523809524,0.7777777777777777,0.33333333333333337,"Industrial Components, Heavy Machinery, Automotive Parts",False,False,True,False
MAT_0337,0.052173913043478265,0.04255319148936171,0.9693877551020408,0.13392857142857142,1.0,0.1333333333333333,"E-commerce, Food & Beverage, Consumer Goods, Apparel",True,False,False,False
MAT_0338,0.13043478260869565,0.0851063829787234,0.0,0.2589285714285714,0.8666666666666667,0.33333333333333337,"Industrial Components, Heavy Machinery, Automotive Parts",False,False,True,False
MAT_0339,0.052173913043478265,0.04255319148936171,0.9693877551020408,0.1607142857142857,0.8666666666666667,0.1333333333333333,"E-commerce, Food & Beverage, Consumer Goods, Apparel",True,False,False,False
MAT_0340,0.13043478260869565,0.0851063829787234,0.0,0.2589285714285714,0.6666666666666667,0.33333333333333337,"Industrial Components, Heavy Machinery, Automotive Parts",False,False,True,False
MAT_0341,0.052173913043478265,0.04255319148936171,0.9693877551020408,0.14285714285714285,0.9333333333333331,0.1333333333333333,"E-commerce, Food & Beverage, Consumer Goods, Apparel",True,False,False,False
MAT_0342,0.13043478260869565,0.0851063829787234,0.0,0.26785714285714285,0.8222222222222224,0.33333333333333337,"Industrial Components, Heavy Machinery, Automotive Parts",False,False,True,False
MAT_0343,0.052173913043478265,0.04255319148936171,0.9693877551020408,0.13988095238095238,0.9777777777777779,0.1333333333333333,"E-commerce, Food & Beverage, Consumer Goods, Apparel",True,False,False,False
MAT_0344,0.13043478260869565,0.0851063829787234,0.0,0.24999999999999994,0.7333333333333334,0.33333333333333337,"Industrial Components, Heavy Machinery, Automotive Parts",False,False,True,False
MAT_0345,0.052173913043478265,0.04255319148936171,0.9693877551020408,0.1369047619047619,0.911111111111111,0.1333333333333333,"E-commerce, Food & Beverage, Consumer Goods, Apparel",True,False,False,False
MAT_0346,0.13043478260869565,0.0851063829787234,0.0,0.26190476190476186,0.7777777777777777,0.33333333333333337,"Industrial Components, Heavy Machinery, Automotive Parts",False,False,True,False
MAT_0347,0.052173913043478265,0.04255319148936171,0.9693877551020408,0.1220238095238095,1.0,0.1333333333333333,"E-commerce, Food & Beverage, Consumer Goods, Apparel",True,False,False,False
MAT_0348,0.13043478260869565,0.0851063829787234,0.0,0.24702380952380948,0.8888888888888888,0.33333333333333337,"Industrial Components, Heavy Machinery, Automotive Parts",False,False,True,False
MAT_0349,0.052173913043478265,0.04255319148936171,0.9693877551020408,0.1607142857142857,0.9555555555555557,0.1333333333333333,"E-commerce, Food & Beverage, Consumer Goods, Apparel",True,False,False,False
MAT_0350,0.13043478260869565,0.0851063829787234,0.0,0.24999999999999994,0.7777777777777777,0.33333333333333337,"Industrial Components, Heavy Machinery, Automotive Parts",False,False,True,False
MAT_0351,0.052173913043478265,0.04255319148936171,0.9693877551020408,0.18154761904761907,1.0,0.1333333333333333,"E-commerce, Food & Beverage, Consumer Goods, Apparel",True,False,False,False
MAT_0352,0.13043478260869565,0.0851063829787234,0.0,0.26785714285714285,0.7333333333333334,0.33333333333333337,"Industrial Components, Heavy Machinery, Automotive Parts",False,False,True,False
MAT_0353,0.052173913043478265,0.04255319148936171,0.9693877551020408,0.125,0.9777777777777779,0.1333333333333333,"E-commerce, Food & Beverage, Consumer Goods, Apparel",True,False,False,False
MAT_0354,0.13043478260869565,0.0851063829787234,0.0,0.2589285714285714,0.6666666666666667,0.33333333333333337,"Industrial Components, Heavy Machinery, Automotive Parts",False,False,True,False
MAT_0355,0.052173913043478265,0.04255319148936171,0.9693877551020408,0.125,1.0,0.1333333333333333,"E-commerce, Food & Beverage, Consumer Goods, Apparel",True,False,False,False
MAT_0356,0.13043478260869565,0.0851063829787234,0.0,0.2232142857142857,0.711111111111111,0.33333333333333337,"Industrial Components, Heavy Machinery, Automotive Parts",False,False,True,False
MAT_0357,0.052173913043478265,0.04255319148936171,0.9693877551020408,0.1220238095238095,0.9333333333333331,0.1333333333333333,"E-commerce, Food & Beverage, Consumer Goods, Apparel",True,False,False,False
MAT_0358,0.13043478260869565,0.0851063829787234,0.0,0.2708333333333333,0.8222222222222224,0.33333333333333337,"Industrial Components, Heavy Machinery, Automotive Parts",False,False,True,False
MAT_0359,0.052173913043478265,0.04255319148936171,0.9693877551020408,0.1607142857142857,0.911111111111111,0.1333333333333333,"E-commerce, Food & Beverage, Consumer Goods, Apparel",True,False,False,False
MAT_0360,0.13043478260869565,0.0851063829787234,0.0,0.24999999999999994,0.7777777777777777,0.33333333333333337,"Industrial Components, Heavy Machinery, Automotive Parts",False,False,True,False
MAT_0361,0.052173913043478265,0.04255319148936171,0.9693877551020408,0.13988095238095238,1.0,0.1333333333333333,"E-commerce, Food & Beverage, Consumer Goods, Apparel",True,False,False,False
MAT_0362,0.13043478260869565,0.0851063829787234,0.0,0.26785714285714285,0.8888888888888888,0.33333333333333337,"Industrial Components, Heavy Machinery, Automotive Parts",False,False,True,False
MAT_0363,0.052173913043478265,0.04255319148936171,0.9693877551020408,0.18154761904761907,0.9555555555555557,0.1333333333333333,"E-commerce, Food & Beverage, Consumer Goods, Apparel",True,False,False,False
MAT_0364,0.13043478260869565,0.0851063829787234,0.0,0.2648809523809524,0.7777777777777777,0.33333333333333337,"Industrial Components, Heavy Machinery, Automotive Parts",False,False,True,False
MAT_0365,0.052173913043478265,0.04255319148936171,0.9693877551020408,0.13392857142857142,1.0,0.1333333333333333,"E-commerce, Food & Beverage, Consumer Goods, Apparel",True,False,False,False
MAT_0366,0.13043478260869565,0.0851063829787234,0.0,0.244047619047619,0.7333333333333334,0.33333333333333337,"Industrial Components, Heavy Machinery, Automotive Parts",False,False,True,False
MAT_0367,0.052173913043478265,0.04255319148936171,0.9693877551020408,0.14583333333333334,0.9777777777777779,0.1333333333333333,"E-commerce, Food & Beverage, Consumer Goods, Apparel",True,False,False,False
MAT_0368,0.13043478260869565,0.0851063829787234,0.0,0.2410714285714286,0.6666666666666667,0.33333333333333337,"Industrial Components, Heavy Machinery, Automotive Parts",False,False,True,False
MAT_0369,0.052173913043478265,0.04255319148936171,0.9693877551020408,0.125,1.0,0.1333333333333333,"E-commerce, Food & Beverage, Consumer Goods, Apparel",True,False,False,False
MAT_0370,0.13043478260869565,0.0851063829787234,0.0,0.24999999999999994,0.711111111111111,0.33333333333333337,"Industrial Components, Heavy Machinery, Automotive Parts",False,False,True,False
MAT_0371,0.052173913043478265,0.04255319148936171,0.9693877551020408,0.14285714285714285,0.9333333333333331,0.1333333333333333,"E-commerce, Food & Beverage, Consumer Goods, Apparel",True,False,False,False
MAT_0372,0.13043478260869565,0.0851063829787234,0.0,0.24999999999999994,0.8222222222222224,0.33333333333333337,"Industrial Components, Heavy Machinery, Automotive Parts",False,False,True,False
MAT_0373,0.052173913043478265,0.04255319148936171,0.9693877551020408,0.1369047619047619,0.911111111111111,0.1333333333333333,"E-commerce, Food & Beverage, Consumer Goods, Apparel",True,False,False,False
MAT_0374,0.13043478260869565,0.0851063829787234,0.0,0.26190476190476186,0.7777777777777777,0.33333333333333337,"Industrial Components, Heavy Machinery, Automotive Parts",False,False,True,False
MAT_0375,0.052173913043478265,0.04255319148936171,0.9693877551020408,0.1220238095238095,0.9555555555555557,0.1333333333333333,"E-commerce, Food & Beverage, Consumer Goods, Apparel",True,False,False,False
MAT_0376,0.13043478260869565,0.0851063829787234,0.0,0.26785714285714285,0.8888888888888888,0.33333333333333337,"Industrial Components, Heavy Machinery, Automotive Parts",False,False,True,False
MAT_0377,0.052173913043478265,0.04255319148936171,0.9693877551020408,0.18154761904761907,0.8666666666666667,0.1333333333333333,"E-commerce, Food & Beverage, Consumer Goods, Apparel",True,False,False,False
MAT_0378,0.13043478260869565,0.0851063829787234,0.0,0.2648809523809524,0.7777777777777777,0.33333333333333337,"Industrial Components, Heavy Machinery, Automotive Parts",False,False,True,False
MAT_0379,0.052173913043478265,0.04255319148936171,0.9693877551020408,0.13392857142857142,1.0,0.1333333333333333,"E-commerce, Food & Beverage, Consumer Goods, Apparel",True,False,False,False
MAT_0380,0.13043478260869565,0.0851063829787234,0.0,0.244047619047619,0.7333333333333334,0.33333333333333337,"Industrial Components, Heavy Machinery, Automotive Parts",False,False,True,False
MAT_0381,0.052173913043478265,0.04255319148936171,0.9693877551020408,0.14583333333333334,0.9777777777777779,0.1333333333333333,"E-commerce, Food & Beverage, Consumer Goods, Apparel",True,False,False,False
MAT_0382,0.13043478260869565,0.0851063829787234,0.0,0.2410714285714286,0.6666666666666667,0.33333333333333337,"Industrial Components, Heavy Machinery, Automotive Parts",False,False,True,False
MAT_0383,0.052173913043478265,0.04255319148936171,0.9693877551020408,0.125,1.0,0.1333333333333333,"E-commerce, Food & Beverage, Consumer Goods, Apparel",True,False,False,False
MAT_0384,0.13043478260869565,0.0851063829787234,0.0,0.2232142857142857,0.711111111111111,0.33333333333333337,"Industrial Components, Heavy Machinery, Automotive Parts",False,False,True,False
MAT_0385,0.052173913043478265,0.04255319148936171,0.9693877551020408,0.1220238095238095,0.9333333333333331,0.1333333333333333,"E-commerce, Food & Beverage, Consumer Goods, Apparel",True,False,False,False
MAT_0386,0.13043478260869565,0.0851063829787234,0.0,0.2708333333333333,0.8222222222222224,0.33333333333333337,"Industrial Components, Heavy Machinery, Automotive Parts",False,False,True,False
MAT_0387,0.052173913043478265,0.04255319148936171,0.9693877551020408,0.1607142857142857,0.911111111111111,0.1333333333333333,"E-commerce, Food & Beverage, Consumer Goods, Apparel",True,False,False,False
MAT_0388,0.13043478260869565,0.0851063829787234,0.0,0.24999999999999994,0.7777777777777777,0.33333333333333337,"Industrial Components, Heavy Machinery, Automotive Parts",False,False,True,False
MAT_0389,0.052173913043478265,0.04255319148936171,0.9693877551020408,0.13988095238095238,0.9555555555555557,0.1333333333333333,"E-commerce, Food & Beverage, Consumer Goods, Apparel",True,False,False,False
MAT_0390,0.13043478260869565,0.0851063829787234,0.0,0.24702380952380948,0.8888888888888888,0.33333333333333337,"Industrial Components, Heavy Machinery, Automotive Parts",False,False,True,False
MAT_0391,0.052173913043478265,0.04255319148936171,0.9693877551020408,0.18154761904761907,0.8666666666666667,0.1333333333333333,"E-commerce, Food & Beverage, Consumer Goods, Apparel",True,False,False,False
MAT_0392,0.13043478260869565,0.0851063829787234,0.0,0.2648809523809524,0.7777777777777777,0.33333333333333337,"Industrial Components, Heavy Machinery, Automotive Parts",False,False,True,False
MAT_0393,0.052173913043478265,0.04255319148936171,0.9693877551020408,0.13392857142857142,1.0,0.1333333333333333,"E-commerce, Food & Beverage, Consumer Goods, Apparel",True,False,False,False
MAT_0394,0.13043478260869565,0.0851063829787234,0.0,0.244047619047619,0.7333333333333334,0.33333333333333337,"Industrial Components, Heavy Machinery, Automotive Parts",False,False,True,False
MAT_0395,0.052173913043478265,0.04255319148936171,0.9693877551020408,0.14285714285714285,0.9777777777777779,0.1333333333333333,"E-commerce, Food & Beverage, Consumer Goods, Apparel",True,False,False,False
MAT_0396,0.13043478260869565,0.0851063829787234,0.0,0.2589285714285714,0.6666666666666667,0.33333333333333337,"Industrial Components, Heavy Machinery, Automotive Parts",False,False,True,False
MAT_0397,0.052173913043478265,0.04255319148936171,0.9693877551020408,0.125,1.0,0.1333333333333333,"E-commerce, Food & Beverage, Consumer Goods, Apparel",True,False,False,False
MAT_0398,0.13043478260869565,0.0851063829787234,0.0,0.24999999999999994,0.711111111111111,0.33333333333333337,"Industrial Components, Heavy Machinery, Automotive Parts",False,False,True,False
MAT_0399,0.052173913043478265,0.04255319148936171,0.9693877551020408,0.14285714285714285,0.9333333333333331,0.1333333333333333,"E-commerce, Food & Beverage, Consumer Goods, Apparel",True,False,False,False
MAT_0400,0.13043478260869565,0.0851063829787234,0.0,0.24999999999999994,0.8222222222222224,0.33333333333333337,"Industrial Components, Heavy Machinery, Automotive Parts",False,False,True,False
MAT_0401,0.052173913043478265,0.04255319148936171,0.9693877551020408,0.1369047619047619,0.911111111111111,0.1333333333333333,"E-commerce, Food & Beverage, Consumer Goods, Apparel",True,False,False,False
MAT_0402,0.13043478260869565,0.0851063829787234,0.0,0.26190476190476186,0.7777777777777777,0.33333333333333337,"Industrial Components, Heavy Machinery, Automotive Parts",False,False,True,False
MAT_0403,0.052173913043478265,0.04255319148936171,0.9693877551020408,0.1220238095238095,0.9555555555555557,0.1333333333333333,"E-commerce, Food & Beverage, Consumer Goods, Apparel",True,False,False,False
MAT_0404,0.13043478260869565,0.0851063829787234,0.0,0.26094470046082946,0.8888888888888888,0.33333333333333337,"Industrial Components, Heavy Machinery, Automotive Parts",False,False,True,False
