row_id,material,final_score
0,Cardboard,0.6403
0,Paper/Bio-Based,0.1537
0,Plastic,0.147
1,Paper/Bio-Based,0.6234
1,Cardboard,0.1234
1,Plastic,0.1234
2,Steel,0.7893
2,Cardboard,0.2893
2,Paper/Bio-Based,0.2893
3,Paper/Bio-Based,0.6134
3,Cardboard,0.1184
3,Plastic,0.1184
4,Paper/Bio-Based,0.6012
4,Cardboard,0.1062
4,Plastic,0.1062
5,Plastic,0.7441
5,Cardboard,0.2441
5,Paper/Bio-Based,0.2441
6,Steel,0.7698
6,Plastic,0.2781
6,Cardboard,0.2765
7,Steel,0.7829
7,Cardboard,0.2829
7,Paper/Bio-Based,0.2829
8,Steel,0.7715
8,Plastic,0.2782
8,Cardboard,0.2748
9,Paper/Bio-Based,0.6097
9,Cardboard,0.1097
9,Plastic,0.1097
10,Cardboard,0.6493
10,Paper/Bio-Based,0.1493
10,Plastic,0.1493
11,Steel,0.7812
11,Cardboard,0.2812
11,Paper/Bio-Based,0.2812
12,Plastic,0.5508
12,Cardboard,0.0508
12,Paper/Bio-Based,0.0508
13,Paper/Bio-Based,0.6232
13,Cardboard,0.1332
13,Plastic,0.1282
14,Plastic,0.736
14,Cardboard,0.236
14,Paper/Bio-Based,0.236
15,Cardboard,0.6357
15,Paper/Bio-Based,0.1357
15,Plastic,0.1357
16,Plastic,0.5524
16,Cardboard,0.0524
16,Paper/Bio-Based,0.0524
17,Plastic,0.5592
17,Cardboard,0.0592
17,Paper/Bio-Based,0.0592
18,Plastic,0.7451
18,Cardboard,0.2451
18,Paper/Bio-Based,0.2451
19,Cardboard,0.6386
19,Paper/Bio-Based,0.1386
19,Plastic,0.1386
20,Paper/Bio-Based,0.6287
20,Cardboard,0.1287
20,Plastic,0.1287
21,Plastic,0.7527
21,Cardboard,0.2527
21,Paper/Bio-Based,0.2527
22,Cardboard,0.6294
22,Paper/Bio-Based,0.1294
22,Plastic,0.1294
23,Plastic,0.7406
23,Cardboard,0.2406
23,Paper/Bio-Based,0.2406
24,Plastic,0.5758
24,Cardboard,0.0758
24,Paper/Bio-Based,0.0758
25,Paper/Bio-Based,0.601
25,Cardboard,0.116
25,Plastic,0.111
26,Cardboard,0.6272
26,Paper/Bio-Based,0.1272
26,Plastic,0.1272
27,Plastic,0.7688
27,Cardboard,0.2688
27,Paper/Bio-Based,0.2688
28,Plastic,0.7635
28,Cardboard,0.2635
28,Paper/Bio-Based,0.2635
29,Steel,0.783
29,Plastic,0.2864
29,Cardboard,0.2847
30,Steel,0.7874
30,Cardboard,0.2874
30,Paper/Bio-Based,0.2874
31,Plastic,0.7461
31,Cardboard,0.2461
31,Paper/Bio-Based,0.2461
32,Cardboard,0.6341
32,Paper/Bio-Based,0.1341
32,Plastic,0.1341
33,Cardboard,0.644
33,Paper/Bio-Based,0.144
33,Plastic,0.144
34,Plastic,0.5515
34,Cardboard,0.0515
34,Paper/Bio-Based,0.0515
35,Plastic,0.5493
35,Cardboard,0.0493
35,Paper/Bio-Based,0.0493
36,Plastic,0.5631
36,Cardboard,0.0631
36,Paper/Bio-Based,0.0631
37,Steel,0.7929
37,Cardboard,0.2929
37,Paper/Bio-Based,0.2929
38,Cardboard,0.6436
38,Paper/Bio-Based,0.1436
38,Plastic,0.1436
39,Cardboard,0.6508
39,Paper/Bio-Based,0.1508
39,Plastic,0.1508
40,Plastic,0.7634
40,Cardboard,0.2634
40,Paper/Bio-Based,0.2634
41,Steel,0.7984
41,Plastic,0.3018
41,Cardboard,0.3001
42,Paper/Bio-Based,0.6163
42,Cardboard,0.1163
42,Plastic,0.1163
43,Steel,0.783
43,Cardboard,0.283
43,Paper/Bio-Based,0.283
44,Paper/Bio-Based,0.6198
44,Cardboard,0.1232
44,Plastic,0.1215
45,Plastic,0.7634
45,Cardboard,0.2634
45,Paper/Bio-Based,0.2634
46,Plastic,0.7551
46,Cardboard,0.2551
46,Paper/Bio-Based,0.2551
47,Cardboard,0.6385
47,Paper/Bio-Based,0.1385
47,Plastic,0.1385
48,Plastic,0.7562
48,Cardboard,0.2562
48,Paper/Bio-Based,0.2562
49,Cardboard,0.6215
49,Paper/Bio-Based,0.1248
49,Plastic,0.1232
50,Plastic,0.5631
50,Cardboard,0.0631
50,Paper/Bio-Based,0.0631
51,Plastic,0.7553
51,Cardboard,0.2553
51,Paper/Bio-Based,0.2553
52,Plastic,0.7425
52,Cardboard,0.2425
52,Paper/Bio-Based,0.2425
53,Plastic,0.757
53,Cardboard,0.257
53,Paper/Bio-Based,0.257
54,Plastic,0.7496
54,Cardboard,0.2496
54,Paper/Bio-Based,0.2496
55,Paper/Bio-Based,0.6111
55,Cardboard,0.1145
55,Plastic,0.1128
56,Plastic,0.7569
56,Cardboard,0.2569
56,Paper/Bio-Based,0.2569
57,Cardboard,0.6513
57,Paper/Bio-Based,0.1513
57,Plastic,0.1513
58,Cardboard,0.6294
58,Paper/Bio-Based,0.1361
58,Plastic,0.1327
59,Cardboard,0.6443
59,Paper/Bio-Based,0.1443
59,Plastic,0.1443
60,Cardboard,0.6443
60,Paper/Bio-Based,0.1443
60,Plastic,0.1443
61,Paper/Bio-Based,0.6207
61,Cardboard,0.1207
61,Plastic,0.1207
62,Steel,0.7865
62,Cardboard,0.2865
62,Paper/Bio-Based,0.2865
63,Plastic,0.7216
63,Cardboard,0.2216
63,Paper/Bio-Based,0.2216
64,Plastic,0.7236
64,Steel,0.3303
64,Cardboard,0.2769
65,Cardboard,0.6457
65,Paper/Bio-Based,0.1457
65,Plastic,0.1457
66,Plastic,0.7453
66,Cardboard,0.2453
66,Paper/Bio-Based,0.2453
67,Cardboard,0.6592
67,Paper/Bio-Based,0.1592
67,Plastic,0.1592
68,Plastic,0.7359
68,Cardboard,0.2359
68,Paper/Bio-Based,0.2359
69,Plastic,0.5536
69,Cardboard,0.0536
69,Paper/Bio-Based,0.0536
70,Plastic,0.5542
70,Cardboard,0.0542
70,Paper/Bio-Based,0.0542
71,Plastic,0.5232
71,Cardboard,0.0232
71,Paper/Bio-Based,0.0232
72,Plastic,0.7614
72,Cardboard,0.2614
72,Paper/Bio-Based,0.2614
73,Cardboard,0.6207
73,Paper/Bio-Based,0.1241
73,Plastic,0.1224
74,Plastic,0.5714
74,Cardboard,0.0714
74,Paper/Bio-Based,0.0714
75,Paper/Bio-Based,0.6355
75,Cardboard,0.1355
75,Plastic,0.1355
76,Plastic,0.7551
76,Cardboard,0.2551
76,Paper/Bio-Based,0.2551
77,Plastic,0.7522
77,Cardboard,0.2522
77,Paper/Bio-Based,0.2522
78,Cardboard,0.6406
78,Paper/Bio-Based,0.1406
78,Plastic,0.1406
79,Plastic,0.7552
79,Cardboard,0.2552
79,Paper/Bio-Based,0.2552
80,Plastic,0.756
80,Steel,0.2593
80,Cardboard,0.2576
81,Plastic,0.5503
81,Cardboard,0.0503
81,Paper/Bio-Based,0.0503
82,Cardboard,0.6239
82,Paper/Bio-Based,0.1306
82,Plastic,0.1273
83,Plastic,0.5462
83,Cardboard,0.0462
83,Paper/Bio-Based,0.0462
84,Plastic,0.5749
84,Cardboard,0.0749
84,Paper/Bio-Based,0.0749
85,Cardboard,0.645
85,Paper/Bio-Based,0.145
85,Plastic,0.145
86,Plastic,0.7688
86,Cardboard,0.2688
86,Paper/Bio-Based,0.2688
87,Plastic,0.5488
87,Cardboard,0.0488
87,Paper/Bio-Based,0.0488
88,Paper/Bio-Based,0.6019
88,Cardboard,0.1053
88,Plastic,0.1036
89,Paper/Bio-Based,0.6197
89,Cardboard,0.1197
89,Plastic,0.1197
90,Plastic,0.7559
90,Cardboard,0.2559
90,Paper/Bio-Based,0.2559
91,Paper/Bio-Based,0.6035
91,Cardboard,0.1085
91,Plastic,0.1085
92,Plastic,0.7568
92,Cardboard,0.2568
92,Paper/Bio-Based,0.2568
93,Plastic,0.7724
93,Cardboard,0.2724
93,Paper/Bio-Based,0.2724
94,Cardboard,0.6299
94,Paper/Bio-Based,0.1299
94,Plastic,0.1299
95,Cardboard,0.6318
95,Paper/Bio-Based,0.1318
95,Plastic,0.1318
96,Cardboard,0.6405
96,Paper/Bio-Based,0.1405
96,Plastic,0.1405
97,Paper/Bio-Based,0.6082
97,Cardboard,0.1082
97,Plastic,0.1082
98,Plastic,0.7596
98,Cardboard,0.2596
98,Paper/Bio-Based,0.2596
99,Paper/Bio-Based,0.5957
99,Plastic,0.1107
99,Cardboard,0.1057
100,Paper/Bio-Based,0.6193
100,Cardboard,0.1193
100,Plastic,0.1193
101,Steel,0.7793
101,Cardboard,0.2793
101,Paper/Bio-Based,0.2793
102,Cardboard,0.6452
102,Paper/Bio-Based,0.1452
102,Plastic,0.1452
103,Cardboard,0.6429
103,Paper/Bio-Based,0.1429
103,Plastic,0.1429
104,Plastic,0.7521
104,Cardboard,0.2521
104,Paper/Bio-Based,0.2521
105,Plastic,0.5517
105,Cardboard,0.0517
105,Paper/Bio-Based,0.0517
106,Plastic,0.759
106,Cardboard,0.259
106,Paper/Bio-Based,0.259
107,Plastic,0.7478
107,Cardboard,0.2478
107,Paper/Bio-Based,0.2478
108,Plastic,0.7372
108,Cardboard,0.2372
108,Paper/Bio-Based,0.2372
109,Plastic,0.7625
109,Cardboard,0.2625
109,Paper/Bio-Based,0.2625
110,Cardboard,0.6357
110,Paper/Bio-Based,0.1357
110,Plastic,0.1357
111,Steel,0.7866
111,Cardboard,0.2866
111,Paper/Bio-Based,0.2866
112,Plastic,0.7569
112,Cardboard,0.2569
112,Paper/Bio-Based,0.2569
113,Paper/Bio-Based,0.6218
113,Cardboard,0.1218
113,Plastic,0.1218
114,Cardboard,0.6322
114,Paper/Bio-Based,0.1322
114,Plastic,0.1322
115,Cardboard,0.6359
115,Paper/Bio-Based,0.1359
115,Plastic,0.1359
116,Plastic,0.7679
116,Cardboard,0.2679
116,Paper/Bio-Based,0.2679
117,Plastic,0.7541
117,Cardboard,0.2541
117,Paper/Bio-Based,0.2541
118,Plastic,0.7535
118,Steel,0.2968
118,Cardboard,0.2752
119,Paper/Bio-Based,0.6185
119,Cardboard,0.1185
119,Plastic,0.1185
120,Cardboard,0.6364
120,Paper/Bio-Based,0.1364
120,Plastic,0.1364
121,Plastic,0.5491
121,Cardboard,0.0491
121,Paper/Bio-Based,0.0491
122,Cardboard,0.6461
122,Paper/Bio-Based,0.1461
122,Plastic,0.1461
123,Steel,0.7831
123,Plastic,0.2864
123,Cardboard,0.2848
124,Plastic,0.7588
124,Cardboard,0.2588
124,Paper/Bio-Based,0.2588
125,Plastic,0.745
125,Cardboard,0.245
125,Paper/Bio-Based,0.245
126,Cardboard,0.6521
126,Paper/Bio-Based,0.1521
126,Plastic,0.1521
127,Steel,0.7803
127,Plastic,0.2837
127,Cardboard,0.282
128,Paper/Bio-Based,0.6247
128,Cardboard,0.1247
128,Plastic,0.1247
129,Cardboard,0.6459
129,Paper/Bio-Based,0.1459
129,Plastic,0.1459
130,Plastic,0.765
130,Cardboard,0.265
130,Paper/Bio-Based,0.265
131,Cardboard,0.6391
131,Paper/Bio-Based,0.1391
131,Plastic,0.1391
132,Plastic,0.5518
132,Cardboard,0.0518
132,Paper/Bio-Based,0.0518
133,Cardboard,0.6459
133,Paper/Bio-Based,0.1459
133,Plastic,0.1459
134,Paper/Bio-Based,0.6165
134,Cardboard,0.1165
134,Plastic,0.1165
135,Cardboard,0.6472
135,Paper/Bio-Based,0.1472
135,Plastic,0.1472
136,Cardboard,0.6479
136,Paper/Bio-Based,0.1479
136,Plastic,0.1479
137,Plastic,0.7643
137,Cardboard,0.2643
137,Paper/Bio-Based,0.2643
138,Plastic,0.7567
138,Cardboard,0.2567
138,Paper/Bio-Based,0.2567
139,Cardboard,0.6469
139,Paper/Bio-Based,0.1469
139,Plastic,0.1469
140,Steel,0.775
140,Plastic,0.2783
140,Cardboard,0.2766
141,Paper/Bio-Based,0.6126
141,Cardboard,0.1126
141,Plastic,0.1126
142,Plastic,0.5509
142,Cardboard,0.0509
142,Paper/Bio-Based,0.0509
143,Plastic,0.7305
143,Cardboard,0.2305
143,Paper/Bio-Based,0.2305
144,Plastic,0.7527
144,Cardboard,0.2527
144,Paper/Bio-Based,0.2527
145,Plastic,0.7541
145,Cardboard,0.2541
145,Paper/Bio-Based,0.2541
146,Cardboard,0.6378
146,Paper/Bio-Based,0.1378
146,Plastic,0.1378
147,Plastic,0.7652
147,Cardboard,0.2652
147,Paper/Bio-Based,0.2652
148,Steel,0.784
148,Plastic,0.2873
148,Cardboard,0.2856
149,Paper/Bio-Based,0.6193
149,Cardboard,0.1193
149,Plastic,0.1193
150,Plastic,0.7669
150,Cardboard,0.2669
150,Paper/Bio-Based,0.2669
151,Steel,0.7857
151,Cardboard,0.2857
151,Paper/Bio-Based,0.2857
152,Plastic,0.744
152,Cardboard,0.244
152,Paper/Bio-Based,0.244
153,Cardboard,0.6425
153,Paper/Bio-Based,0.1425
153,Plastic,0.1425
154,Plastic,0.7458
154,Cardboard,0.2775
154,Paper/Bio-Based,0.2642
155,Plastic,0.7686
155,Cardboard,0.2686
155,Paper/Bio-Based,0.2686
156,Plastic,0.5543
156,Cardboard,0.0543
156,Paper/Bio-Based,0.0543
157,Cardboard,0.6468
157,Paper/Bio-Based,0.1468
157,Plastic,0.1468
158,Plastic,0.7505
158,Cardboard,0.2505
158,Paper/Bio-Based,0.2505
159,Cardboard,0.6392
159,Paper/Bio-Based,0.1392
159,Plastic,0.1392
160,Paper/Bio-Based,0.6125
160,Cardboard,0.1158
160,Plastic,0.1141
161,Steel,0.7929
161,Cardboard,0.2929
161,Paper/Bio-Based,0.2929
162,Cardboard,0.6461
162,Paper/Bio-Based,0.1461
162,Plastic,0.1461
163,Plastic,0.7544
163,Cardboard,0.2544
163,Paper/Bio-Based,0.2544
164,Steel,0.7803
164,Cardboard,0.2803
164,Paper/Bio-Based,0.2803
165,Cardboard,0.6401
165,Paper/Bio-Based,0.1401
165,Plastic,0.1401
166,Paper/Bio-Based,0.6142
166,Cardboard,0.1142
166,Plastic,0.1142
167,Plastic,0.7406
167,Cardboard,0.2406
167,Paper/Bio-Based,0.2406
168,Plastic,0.5545
168,Cardboard,0.0545
168,Paper/Bio-Based,0.0545
169,Plastic,0.7607
169,Cardboard,0.2607
169,Paper/Bio-Based,0.2607
170,Paper/Bio-Based,0.6239
170,Cardboard,0.1239
170,Plastic,0.1239
171,Cardboard,0.6425
171,Paper/Bio-Based,0.1425
171,Plastic,0.1425
172,Cardboard,0.6338
172,Paper/Bio-Based,0.1338
172,Plastic,0.1338
173,Plastic,0.7623
173,Cardboard,0.2623
173,Paper/Bio-Based,0.2623
174,Cardboard,0.6479
174,Paper/Bio-Based,0.1479
174,Plastic,0.1479
175,Plastic,0.7386
175,Cardboard,0.2386
175,Paper/Bio-Based,0.2386
176,Plastic,0.7526
176,Cardboard,0.2526
176,Paper/Bio-Based,0.2526
177,Cardboard,0.6468
177,Paper/Bio-Based,0.1468
177,Plastic,0.1468
178,Steel,0.7802
178,Cardboard,0.2802
178,Paper/Bio-Based,0.2802
179,Plastic,0.5509
179,Cardboard,0.0509
179,Paper/Bio-Based,0.0509
180,Cardboard,0.6521
180,Paper/Bio-Based,0.1521
180,Plastic,0.1521
181,Plastic,0.7668
181,Cardboard,0.2668
181,Paper/Bio-Based,0.2668
182,Plastic,0.7607
182,Cardboard,0.2607
182,Paper/Bio-Based,0.2607
183,Plastic,0.7524
183,Cardboard,0.2524
183,Paper/Bio-Based,0.2524
184,Paper/Bio-Based,0.6155
184,Cardboard,0.1155
184,Plastic,0.1155
185,Cardboard,0.6338
185,Paper/Bio-Based,0.1338
185,Plastic,0.1338
186,Plastic,0.7614
186,Cardboard,0.2614
186,Paper/Bio-Based,0.2614
187,Plastic,0.7516
187,Cardboard,0.2516
187,Paper/Bio-Based,0.2516
188,Steel,0.7875
188,Cardboard,0.2875
188,Paper/Bio-Based,0.2875
189,Plastic,0.7589
189,Cardboard,0.2589
189,Paper/Bio-Based,0.2589
190,Plastic,0.7624
190,Cardboard,0.2624
190,Paper/Bio-Based,0.2624
191,Plastic,0.5437
191,Cardboard,0.0437
191,Paper/Bio-Based,0.0437
192,Cardboard,0.6442
192,Paper/Bio-Based,0.1442
192,Plastic,0.1442
193,Plastic,0.7467
193,Cardboard,0.2467
193,Paper/Bio-Based,0.2467
194,Steel,0.7848
194,Cardboard,0.2848
194,Paper/Bio-Based,0.2848
195,Cardboard,0.6452
195,Paper/Bio-Based,0.1452
195,Plastic,0.1452
196,Paper/Bio-Based,0.622
196,Cardboard,0.132
196,Plastic,0.127
197,Plastic,0.7554
197,Cardboard,0.2554
197,Paper/Bio-Based,0.2554
198,Cardboard,0.6267
198,Paper/Bio-Based,0.1267
198,Plastic,0.1267
199,Plastic,0.7644
199,Cardboard,0.2644
199,Paper/Bio-Based,0.2644
200,Plastic,0.7508
200,Cardboard,0.2508
200,Paper/Bio-Based,0.2508
201,Cardboard,0.6446
201,Paper/Bio-Based,0.1446
201,Plastic,0.1446
202,Cardboard,0.6229
202,Paper/Bio-Based,0.1296
202,Plastic,0.1263
203,Plastic,0.767
203,Cardboard,0.267
203,Paper/Bio-Based,0.267
204,Plastic,0.7569
204,Cardboard,0.2569
204,Paper/Bio-Based,0.2569
205,Plastic,0.7659
205,Cardboard,0.2659
205,Paper/Bio-Based,0.2659
206,Plastic,0.5482
206,Cardboard,0.0482
206,Paper/Bio-Based,0.0482
207,Plastic,0.7523
207,Cardboard,0.2523
207,Paper/Bio-Based,0.2523
208,Steel,0.7874
208,Cardboard,0.2874
208,Paper/Bio-Based,0.2874
209,Plastic,0.7689
209,Cardboard,0.2689
209,Paper/Bio-Based,0.2689
210,Cardboard,0.636
210,Paper/Bio-Based,0.136
210,Plastic,0.136
211,Paper/Bio-Based,0.6135
211,Cardboard,0.1169
211,Plastic,0.1152
212,Cardboard,0.6435
212,Paper/Bio-Based,0.1435
212,Plastic,0.1435
213,Plastic,0.7517
213,Cardboard,0.2517
213,Paper/Bio-Based,0.2517
214,Plastic,0.7615
214,Cardboard,0.2615
214,Paper/Bio-Based,0.2615
215,Cardboard,0.6276
215,Paper/Bio-Based,0.1276
215,Plastic,0.1276
216,Plastic,0.7652
216,Cardboard,0.2652
216,Paper/Bio-Based,0.2652
217,Paper/Bio-Based,0.6167
217,Cardboard,0.1167
217,Plastic,0.1167
218,Plastic,0.7599
218,Cardboard,0.2599
218,Paper/Bio-Based,0.2599
219,Cardboard,0.6345
219,Paper/Bio-Based,0.1345
219,Plastic,0.1345
220,Cardboard,0.6442
220,Paper/Bio-Based,0.1442
220,Plastic,0.1442
221,Plastic,0.7386
221,Cardboard,0.2386
221,Paper/Bio-Based,0.2386
222,Paper/Bio-Based,0.622
222,Cardboard,0.122
222,Plastic,0.122
223,Cardboard,0.6358
223,Paper/Bio-Based,0.1358
223,Plastic,0.1358
224,Plastic,0.5462
224,Cardboard,0.0462
224,Paper/Bio-Based,0.0462
225,Plastic,0.7441
225,Cardboard,0.2441
225,Paper/Bio-Based,0.2441
226,Cardboard,0.6459
226,Paper/Bio-Based,0.1459
226,Plastic,0.1459
227,Cardboard,0.6419
227,Paper/Bio-Based,0.1419
227,Plastic,0.1419
228,Plastic,0.7616
228,Cardboard,0.2616
228,Paper/Bio-Based,0.2616
229,Steel,0.7829
229,Cardboard,0.2829
229,Paper/Bio-Based,0.2829
230,Cardboard,0.6361
230,Paper/Bio-Based,0.1361
230,Plastic,0.1361
231,Paper/Bio-Based,0.6143
231,Cardboard,0.1143
231,Plastic,0.1143
232,Plastic,0.7485
232,Cardboard,0.2485
232,Paper/Bio-Based,0.2485
233,Plastic,0.5509
233,Cardboard,0.0509
233,Paper/Bio-Based,0.0509
234,Cardboard,0.639
234,Paper/Bio-Based,0.139
234,Plastic,0.139
235,Plastic,0.759
235,Cardboard,0.259
235,Paper/Bio-Based,0.259
236,Cardboard,0.6323
236,Paper/Bio-Based,0.1323
236,Plastic,0.1323
237,Cardboard,0.6425
237,Paper/Bio-Based,0.1425
237,Plastic,0.1425
238,Plastic,0.7614
238,Cardboard,0.2614
238,Paper/Bio-Based,0.2614
239,Plastic,0.7671
239,Cardboard,0.2671
239,Paper/Bio-Based,0.2671
240,Plastic,0.7578
240,Cardboard,0.2578
240,Paper/Bio-Based,0.2578
241,Cardboard,0.6441
241,Paper/Bio-Based,0.1441
241,Plastic,0.1441
242,Cardboard,0.6389
242,Paper/Bio-Based,0.1389
242,Plastic,0.1389
243,Steel,0.7775
243,Cardboard,0.2775
243,Paper/Bio-Based,0.2775
244,Paper/Bio-Based,0.6385
244,Cardboard,0.1451
244,Plastic,0.1418
245,Plastic,0.7481
245,Cardboard,0.2481
245,Paper/Bio-Based,0.2481
246,Plastic,0.7426
246,Cardboard,0.2426
246,Paper/Bio-Based,0.2426
247,Plastic,0.5507
247,Cardboard,0.0507
247,Paper/Bio-Based,0.0507
248,Plastic,0.7588
248,Cardboard,0.2588
248,Paper/Bio-Based,0.2588
249,Steel,0.7911
249,Cardboard,0.2911
249,Paper/Bio-Based,0.2911
250,Cardboard,0.6388
250,Paper/Bio-Based,0.1388
250,Plastic,0.1388
251,Paper/Bio-Based,0.6143
251,Cardboard,0.1143
251,Plastic,0.1143
252,Plastic,0.7715
252,Cardboard,0.2715
252,Paper/Bio-Based,0.2715
253,Cardboard,0.6344
253,Paper/Bio-Based,0.1344
253,Plastic,0.1344
254,Plastic,0.7635
254,Cardboard,0.2635
254,Paper/Bio-Based,0.2635
255,Plastic,0.7495
255,Cardboard,0.2495
255,Paper/Bio-Based,0.2495
256,Cardboard,0.6416
256,Paper/Bio-Based,0.1416
256,Plastic,0.1416
257,Plastic,0.7607
257,Cardboard,0.2607
257,Paper/Bio-Based,0.2607
258,Paper/Bio-Based,0.6155
258,Cardboard,0.1155
258,Plastic,0.1155
259,Cardboard,0.6358
259,Paper/Bio-Based,0.1358
259,Plastic,0.1358
260,Plastic,0.5514
260,Cardboard,0.0514
260,Paper/Bio-Based,0.0514
261,Plastic,0.7635
261,Cardboard,0.2635
261,Paper/Bio-Based,0.2635
262,Cardboard,0.6479
262,Paper/Bio-Based,0.1479
262,Plastic,0.1479
263,Plastic,0.7454
263,Cardboard,0.2454
263,Paper/Bio-Based,0.2454
264,Paper/Bio-Based,0.6194
264,Cardboard,0.1194
264,Plastic,0.1194
265,Cardboard,0.6322
265,Paper/Bio-Based,0.1322
265,Plastic,0.1322
266,Plastic,0.744
266,Cardboard,0.244
266,Paper/Bio-Based,0.244
267,Plastic,0.756
267,Cardboard,0.256
267,Paper/Bio-Based,0.256
268,Steel,0.7875
268,Cardboard,0.2875
268,Paper/Bio-Based,0.2875
269,Cardboard,0.6408
269,Paper/Bio-Based,0.1408
269,Plastic,0.1408
270,Plastic,0.7551
270,Cardboard,0.2551
270,Paper/Bio-Based,0.2551
271,Plastic,0.7625
271,Cardboard,0.2625
271,Paper/Bio-Based,0.2625
272,Cardboard,0.6323
272,Paper/Bio-Based,0.1323
272,Plastic,0.1323
273,Cardboard,0.6458
273,Paper/Bio-Based,0.1458
273,Plastic,0.1458
274,Plastic,0.7489
274,Cardboard,0.2489
274,Paper/Bio-Based,0.2489
275,Plastic,0.7642
275,Cardboard,0.2642
275,Paper/Bio-Based,0.2642
276,Cardboard,0.6464
276,Paper/Bio-Based,0.1464
276,Plastic,0.1464
277,Plastic,0.7478
277,Cardboard,0.2478
277,Paper/Bio-Based,0.2478
278,Plastic,0.7572
278,Cardboard,0.2572
278,Paper/Bio-Based,0.2572
279,Steel,0.7848
279,Cardboard,0.2848
279,Paper/Bio-Based,0.2848
280,Cardboard,0.6372
280,Paper/Bio-Based,0.1372
280,Plastic,0.1372
281,Plastic,0.7607
281,Cardboard,0.2607
281,Paper/Bio-Based,0.2607
282,Cardboard,0.6459
282,Paper/Bio-Based,0.1459
282,Plastic,0.1459
283,Plastic,0.7522
283,Cardboard,0.2522
283,Paper/Bio-Based,0.2522
284,Cardboard,0.6277
284,Paper/Bio-Based,0.1277
284,Plastic,0.1277
285,Plastic,0.7561
285,Cardboard,0.2561
285,Paper/Bio-Based,0.2561
286,Cardboard,0.6406
286,Paper/Bio-Based,0.1406
286,Plastic,0.1406
287,Plastic,0.7481
287,Cardboard,0.2481
287,Paper/Bio-Based,0.2481
288,Cardboard,0.6317
288,Paper/Bio-Based,0.1317
288,Plastic,0.1317
289,Plastic,0.7617
289,Cardboard,0.2617
289,Paper/Bio-Based,0.2617
290,Plastic,0.7467
290,Cardboard,0.2467
290,Paper/Bio-Based,0.2467
291,Cardboard,0.6363
291,Paper/Bio-Based,0.1363
291,Plastic,0.1363
292,Plastic,0.7481
292,Cardboard,0.2481
292,Paper/Bio-Based,0.2481
293,Cardboard,0.6443
293,Paper/Bio-Based,0.1443
293,Plastic,0.1443
294,Plastic,0.7516
294,Cardboard,0.2516
294,Paper/Bio-Based,0.2516
295,Plastic,0.7597
295,Cardboard,0.2597
295,Paper/Bio-Based,0.2597
296,Cardboard,0.6459
296,Paper/Bio-Based,0.1459
296,Plastic,0.1459
297,Plastic,0.7551
297,Cardboard,0.2551
297,Paper/Bio-Based,0.2551
298,Plastic,0.7588
298,Cardboard,0.2588
298,Paper/Bio-Based,0.2588
299,Cardboard,0.6354
299,Paper/Bio-Based,0.1354
299,Plastic,0.1354
300,Plastic,0.7414
300,Cardboard,0.2414
300,Paper/Bio-Based,0.2414
301,Plastic,0.7688
301,Cardboard,0.2688
301,Paper/Bio-Based,0.2688
302,Cardboard,0.6449
302,Paper/Bio-Based,0.1449
302,Plastic,0.1449
303,Plastic,0.7514
303,Cardboard,0.2514
303,Paper/Bio-Based,0.2514
304,Plastic,0.7652
304,Cardboard,0.2652
304,Paper/Bio-Based,0.2652
305,Cardboard,0.6317
305,Paper/Bio-Based,0.1317
305,Plastic,0.1317
306,Plastic,0.7578
306,Cardboard,0.2578
306,Paper/Bio-Based,0.2578
307,Plastic,0.7562
307,Cardboard,0.2562
307,Paper/Bio-Based,0.2562
308,Cardboard,0.6392
308,Paper/Bio-Based,0.1392
308,Plastic,0.1392
309,Plastic,0.7698
309,Cardboard,0.2698
309,Paper/Bio-Based,0.2698
310,Cardboard,0.6349
310,Paper/Bio-Based,0.1349
310,Plastic,0.1349
311,Plastic,0.7597
311,Cardboard,0.2597
311,Paper/Bio-Based,0.2597
312,Cardboard,0.6405
312,Paper/Bio-Based,0.1405
312,Plastic,0.1405
313,Plastic,0.7644
313,Cardboard,0.2644
313,Paper/Bio-Based,0.2644
314,Cardboard,0.6479
314,Paper/Bio-Based,0.1479
314,Plastic,0.1479
315,Plastic,0.7606
315,Cardboard,0.2606
315,Paper/Bio-Based,0.2606
316,Cardboard,0.6398
316,Paper/Bio-Based,0.1398
316,Plastic,0.1398
317,Plastic,0.7697
317,Cardboard,0.2697
317,Paper/Bio-Based,0.2697
318,Cardboard,0.6278
318,Paper/Bio-Based,0.1278
318,Plastic,0.1278
319,Plastic,0.7625
319,Cardboard,0.2625
319,Paper/Bio-Based,0.2625
320,Cardboard,0.6363
320,Paper/Bio-Based,0.1363
320,Plastic,0.1363
321,Plastic,0.7679
321,Cardboard,0.2679
321,Paper/Bio-Based,0.2679
322,Cardboard,0.6371
322,Paper/Bio-Based,0.1371
322,Plastic,0.1371
323,Plastic,0.7599
323,Cardboard,0.2599
323,Paper/Bio-Based,0.2599
324,Cardboard,0.6392
324,Paper/Bio-Based,0.1392
324,Plastic,0.1392
325,Plastic,0.7535
325,Cardboard,0.2535
325,Paper/Bio-Based,0.2535
326,Cardboard,0.6304
326,Paper/Bio-Based,0.1304
326,Plastic,0.1304
327,Plastic,0.7597
327,Cardboard,0.2597
327,Paper/Bio-Based,0.2597
328,Cardboard,0.6425
328,Paper/Bio-Based,0.1425
328,Plastic,0.1425
329,Plastic,0.7633
329,Cardboard,0.2633
329,Paper/Bio-Based,0.2633
330,Cardboard,0.6459
330,Paper/Bio-Based,0.1459
330,Plastic,0.1459
331,Plastic,0.7599
331,Cardboard,0.2599
331,Paper/Bio-Based,0.2599
332,Cardboard,0.6332
332,Paper/Bio-Based,0.1332
332,Plastic,0.1332
333,Plastic,0.7662
333,Cardboard,0.2662
333,Paper/Bio-Based,0.2662
334,Cardboard,0.6363
334,Paper/Bio-Based,0.1363
334,Plastic,0.1363
335,Plastic,0.7688
335,Cardboard,0.2688
335,Paper/Bio-Based,0.2688
336,Cardboard,0.6326
336,Paper/Bio-Based,0.1326
336,Plastic,0.1326
337,Plastic,0.7615
337,Cardboard,0.2615
337,Paper/Bio-Based,0.2615
338,Cardboard,0.6277
338,Paper/Bio-Based,0.1277
338,Plastic,0.1277
339,Plastic,0.7624
339,Cardboard,0.2624
339,Paper/Bio-Based,0.2624
340,Cardboard,0.6416
340,Paper/Bio-Based,0.1416
340,Plastic,0.1416
341,Plastic,0.7616
341,Cardboard,0.2616
341,Paper/Bio-Based,0.2616
342,Cardboard,0.6459
342,Paper/Bio-Based,0.1459
342,Plastic,0.1459
343,Plastic,0.7662
343,Cardboard,0.2662
343,Paper/Bio-Based,0.2662
344,Cardboard,0.6381
344,Paper/Bio-Based,0.1381
344,Plastic,0.1381
345,Plastic,0.7535
345,Cardboard,0.2535
345,Paper/Bio-Based,0.2535
346,Cardboard,0.6314
346,Paper/Bio-Based,0.1314
346,Plastic,0.1314
347,Plastic,0.7662
347,Cardboard,0.2662
347,Paper/Bio-Based,0.2662
348,Cardboard,0.6304
348,Paper/Bio-Based,0.1304
348,Plastic,0.1304
349,Plastic,0.7571
349,Cardboard,0.2571
349,Paper/Bio-Based,0.2571
350,Cardboard,0.6353
350,Paper/Bio-Based,0.1353
350,Plastic,0.1353
351,Plastic,0.7642
351,Cardboard,0.2642
351,Paper/Bio-Based,0.2642
352,Cardboard,0.6452
352,Paper/Bio-Based,0.1452
352,Plastic,0.1452
353,Plastic,0.7624
353,Cardboard,0.2624
353,Paper/Bio-Based,0.2624
354,Cardboard,0.6441
354,Paper/Bio-Based,0.1441
354,Plastic,0.1441
355,Plastic,0.7671
355,Cardboard,0.2671
355,Paper/Bio-Based,0.2671
356,Cardboard,0.6362
356,Paper/Bio-Based,0.1362
356,Plastic,0.1362
357,Plastic,0.7652
357,Cardboard,0.2652
357,Paper/Bio-Based,0.2652
358,Cardboard,0.6408
358,Paper/Bio-Based,0.1408
358,Plastic,0.1408
359,Plastic,0.7652
359,Cardboard,0.2652
359,Paper/Bio-Based,0.2652
360,Cardboard,0.6296
360,Paper/Bio-Based,0.1296
360,Plastic,0.1296
361,Plastic,0.7662
361,Cardboard,0.2662
361,Paper/Bio-Based,0.2662
362,Cardboard,0.6322
362,Paper/Bio-Based,0.1322
362,Plastic,0.1322
363,Plastic,0.7571
363,Cardboard,0.2571
363,Paper/Bio-Based,0.2571
364,Cardboard,0.6353
364,Paper/Bio-Based,0.1353
364,Plastic,0.1353
365,Plastic,0.7588
365,Cardboard,0.2588
365,Paper/Bio-Based,0.2588
366,Cardboard,0.6479
366,Paper/Bio-Based,0.1479
366,Plastic,0.1479
367,Plastic,0.7651
367,Cardboard,0.2651
367,Paper/Bio-Based,0.2651
368,Cardboard,0.6459
368,Paper/Bio-Based,0.1459
368,Plastic,0.1459
369,Plastic,0.7662
369,Cardboard,0.2662
369,Paper/Bio-Based,0.2662
370,Cardboard,0.6416
370,Paper/Bio-Based,0.1416
370,Plastic,0.1416
371,Plastic,0.7679
371,Cardboard,0.2679
371,Paper/Bio-Based,0.2679
372,Cardboard,0.6381
372,Paper/Bio-Based,0.1381
372,Plastic,0.1381
373,Plastic,0.7508
373,Cardboard,0.2508
373,Paper/Bio-Based,0.2508
374,Cardboard,0.6332
374,Paper/Bio-Based,0.1332
374,Plastic,0.1332
375,Plastic,0.7635
375,Cardboard,0.2635
375,Paper/Bio-Based,0.2635
376,Cardboard,0.6322
376,Paper/Bio-Based,0.1322
376,Plastic,0.1322
377,Plastic,0.7571
377,Cardboard,0.2571
377,Paper/Bio-Based,0.2571
378,Cardboard,0.6371
378,Paper/Bio-Based,0.1371
378,Plastic,0.1371
379,Plastic,0.7642
379,Cardboard,0.2642
379,Paper/Bio-Based,0.2642
380,Cardboard,0.6479
380,Paper/Bio-Based,0.1479
380,Plastic,0.1479
381,Plastic,0.7651
381,Cardboard,0.2651
381,Paper/Bio-Based,0.2651
382,Cardboard,0.6459
382,Paper/Bio-Based,0.1459
382,Plastic,0.1459
383,Plastic,0.7644
383,Cardboard,0.2644
383,Paper/Bio-Based,0.2644
384,Cardboard,0.6362
384,Paper/Bio-Based,0.1362
384,Plastic,0.1362
385,Plastic,0.7679
385,Cardboard,0.2679
385,Paper/Bio-Based,0.2679
386,Cardboard,0.6408
386,Paper/Bio-Based,0.1408
386,Plastic,0.1408
387,Plastic,0.7625
387,Cardboard,0.2625
387,Paper/Bio-Based,0.2625
388,Cardboard,0.6332
388,Paper/Bio-Based,0.1332
388,Plastic,0.1332
389,Plastic,0.7599
389,Cardboard,0.2599
389,Paper/Bio-Based,0.2599
390,Cardboard,0.6295
390,Paper/Bio-Based,0.1295
390,Plastic,0.1295
391,Plastic,0.7607
391,Cardboard,0.2607
391,Paper/Bio-Based,0.2607
392,Cardboard,0.6371
392,Paper/Bio-Based,0.1371
392,Plastic,0.1371
393,Plastic,0.766
393,Cardboard,0.266
393,Paper/Bio-Based,0.266
394,Cardboard,0.6425
394,Paper/Bio-Based,0.1425
394,Plastic,0.1425
395,Plastic,0.757
395,Cardboard,0.257
395,Paper/Bio-Based,0.257
396,Cardboard,0.6459
396,Paper/Bio-Based,0.1459
396,Plastic,0.1459
397,Plastic,0.7716
397,Cardboard,0.2716
397,Paper/Bio-Based,0.2716
398,Cardboard,0.6389
398,Paper/Bio-Based,0.1389
398,Plastic,0.1389
399,Plastic,0.7625
399,Cardboard,0.2625
399,Paper/Bio-Based,0.2625
400,Cardboard,0.6381
400,Paper/Bio-Based,0.1381
400,Plastic,0.1381
401,Plastic,0.7508
401,Cardboard,0.2508
401,Paper/Bio-Based,0.2508
402,Cardboard,0.6314
402,Paper/Bio-Based,0.1314
402,Plastic,0.1314
